facility_code,facility_name,facility_major_type,facility_type,facility_category,ownership_major,is_private,is_licensed,city_raw,city_norm,barangay,service_capability,doh_level,service_level_weight,bed_capacity,license_status
DOH000000000049664,1 LIFE INC.,Health Facility,Medical Outpatient Clinic,clinic,Private,1,1,QUEZON CITY,QUEZON CITY,SANTO DOMINGO,,0,1.5,0,Licensing Status:With License
DOH000000000051115,1 SEALANDERS MEDICAL CLINIC OPC,Health Facility,Medical Facility for Overseas Workers & Seafarers,other,Private,1,1,PACO,MANILA,BARANGAY 675,Regular Medical Facility (Overseas workers & Seafarers),0,1.0,0,Licensing Status:With License
DOH000000000040931,130 DOCTORS POLYCLINIC LABORATORY,Health Facility,Clinical Laboratory,clinic,Private,1,1,CITY OF TAGUIG,TAGUIG,WESTERN BICUTAN,,0,1.5,0,Licensing Status:With License
DOH000000000040909,1421 MEDICAL LABORATORY,Health Facility,Clinical Laboratory,clinic,Private,1,1,CITY OF TAGUIG,TAGUIG,LIGID-TIPAS,,0,1.5,0,Licensing Status:With License
DOH000000000053177,1COOPHEALTH CLINIC,Health Facility,Clinical Laboratory,clinic,Private,1,1,QUEZON CITY,QUEZON CITY,PINYAHAN,,0,1.5,0,Licensing Status:With License
DOH000000000040452,3 KINGS BIRTHING HOME,Health Facility,Birthing Home,birthing,Private,1,1,CITY OF MALABON,MALABON,TA?ONG (POB.),,0,1.5,1,Licensing Status:With License
DOH000000000048350,3 STAR MEDICAL CLINIC AND DIAGNOSTIC CENTER INC.,Health Facility,Medical Facility for Overseas Workers & Seafarers,other,Private,1,1,QUEZON CITY,QUEZON CITY,SOUTH TRIANGLE,,0,1.0,0,Licensing Status:With License
DOH000000000033213,3M'S 24 HRS. LYING-IN CLINIC,Health Facility,Birthing Home,birthing,Private,1,1,QUEZON CITY,QUEZON CITY,BATASAN HILLS,,0,1.5,1,Licensing Status:With License
DOH000000000008279,3S BAGBAGUIN HEALTH CENTER,Health Facility,Rural Health Unit,rhu,Government,0,0,CITY OF VALENZUELA,VALENZUELA,BAGBAGUIN,,0,1.5,0,
DOH000000000012254,3S MARULAS HEALTH CENTER,Health Facility,Rural Health Unit,rhu,Government,0,1,CITY OF VALENZUELA,VALENZUELA,MARULAS,,0,1.5,0,Licensing Status:With License
DOH000000000048122,4L DIAGNOSTIC CENTER,Health Facility,Medical Facility for Overseas Workers & Seafarers,other,Private,1,1,MALATE,MANILA,BARANGAY 693,,0,1.0,0,Licensing Status:With License
DOH000000000049378,51ST ENGINEER BRIGADE DRUG TESTING CENTER,Health Facility,Drug Testing Laboratory,laboratory,Government,0,1,QUEZON CITY,QUEZON CITY,LIBIS,Screening (Drug testing),0,1.0,0,Licensing Status:With License
DOH000000000049502,958 E. RODRIGUEZ SR. AVE.,Health Facility,Drug Testing Laboratory,laboratory,Private,1,1,QUEZON CITY,QUEZON CITY,MARIANA,Screening (Drug testing),0,1.0,0,Licensing Status:With License
DOH000000000043608,A BC MEDICAL AND DIAGNOSTIC CLINIC,Health Facility,Clinical Laboratory,clinic,Private,1,1,SANTA CRUZ,MANILA,BARANGAY 341,,0,1.5,0,Licensing Status:With License
DOH000000000051637,A PLUS CARE MEDICAL CLINIC AND LABORATORY,Health Facility,Clinical Laboratory,clinic,Private,1,1,CITY OF MAKATI,MAKATI,BANGKAL,,0,1.5,0,Licensing Status:With License
DOH000000000051646,A&AMP;K VALDEZ MEDICAL CLINIC,Health Facility,Clinical Laboratory,clinic,Private,1,1,CITY OF CALOOCAN,CALOOCAN,BARANGAY 171,,0,1.5,0,Licensing Status:With License
DOH000000000041626,A+ DIALYSIS CENTER,Health Facility,Dialysis Clinic,dialysis,Private,1,1,QUEZON CITY,QUEZON CITY,SACRED HEART,,0,2.0,0,Licensing Status:With License
DOH000000000040525,A. ELADIA BIRTHING &AMP; MIDWIFE CLINIC,Health Facility,Birthing Home,birthing,Private,1,1,CITY OF VALENZUELA,VALENZUELA,MAPULANG LUPA,,0,1.5,1,Licensing Status:With License
DOH000000000040459,A. ESPINO LYING-IN CLINIC,Health Facility,Birthing Home,birthing,Private,1,1,CITY OF MALABON,MALABON,POTRERO,,0,1.5,1,Licensing Status:With License
DOH000000000041097,A. FRANCISCO FAMILY CLINIC,Health Facility,Clinical Laboratory,clinic,Private,1,1,CITY OF PARA?AQUE,PARANAQUE,DON GALO,,0,1.5,0,Licensing Status:With License
DOH000000000005026,A. ZARATE GENERAL HOSPITAL,Health Facility,Hospital,hospital,Private,1,1,CITY OF LAS PI?AS,LAS PINAS,PULANG LUPA DOS,Level 1,1,2.5,17,Licensing Status:With License
DOH000000000005181,A.A. ZAPA HEALTH CENTER,Health Facility,Rural Health Unit,rhu,Government,0,0,CITY OF CALOOCAN,CALOOCAN,BARANGAY 34,,0,1.5,0,
DOH000000000041009,A.C. ALVARADO CLINICAL AND DIAGNOSTIC CENTER,Health Facility,Clinical Laboratory,clinic,Private,1,1,CITY OF PASIG,PASIG,MANGGAHAN,,0,1.5,0,Licensing Status:With License
DOH000000000043605,A.C.E. BIRTHING HOME,Health Facility,Birthing Home,birthing,Private,1,1,CITY OF CALOOCAN,CALOOCAN,BARANGAY 176-A,,0,1.5,2,Licensing Status:With License
DOH000000000054161,A.D BIRTHING HOME,Health Facility,Birthing Home,birthing,Private,1,1,CITY OF MARIKINA,MARIKINA,FORTUNE,,0,1.5,1,Licensing Status:With License
DOH000000000040465,A.LORENZO-MEDIANA LYING-IN,Health Facility,Birthing Home,birthing,Private,1,1,CITY OF CALOOCAN,CALOOCAN,BARANGAY 167,,0,1.5,3,Licensing Status:With License
DOH000000000040569,A.N. RODRIGUEZ MATERNITY &AMP; MEDICAL CLINIC,Health Facility,Birthing Home,birthing,Private,1,1,CITY OF CALOOCAN,CALOOCAN,BARANGAY 133,,0,1.5,5,Licensing Status:With License
DOH000000000047476,A1 WATER TESTING LAB INC.,Health Facility,Laboratory for Drinking Water Analysis,laboratory,Private,1,1,CITY OF PASIG,PASIG,KAPASIGAN,,0,1.0,0,Licensing Status:With License
DOH000000000051656,AB.CARE MEDPLAZA MEDICAL AND DIAGNOSTIC CLINIC,Health Facility,Clinical Laboratory,clinic,Private,1,1,QUEZON CITY,QUEZON CITY,MATANDANG BALARA,,0,1.5,0,Licensing Status:With License
DOH000000000041001,ABIARD DIAGNOSTICS MEDICAL LABORATORY,Health Facility,Clinical Laboratory,clinic,Private,1,1,SAN MIGUEL,MANILA,BARANGAY 641,,0,1.5,0,Licensing Status:With License
DOH000000000047474,"ACA WATER ANALYSIS AND LABORATORY SERVICES, INC.",Health Facility,Laboratory for Drinking Water Analysis,laboratory,Private,1,1,QUEZON CITY,QUEZON CITY,ROXAS,,0,1.0,0,Licensing Status:With License
DOH000000000007285,ACACIA HEALTH CENTER,Health Facility,Rural Health Unit,rhu,Government,0,0,CITY OF MALABON,MALABON,ACACIA,,0,1.5,0,
DOH000000000053178,ACCESS LABORATORY INC.,Health Facility,Clinical Laboratory,clinic,Private,1,1,CITY OF CALOOCAN,CALOOCAN,BARANGAY 83,,0,1.5,0,Licensing Status:With License
DOH000000000039172,ACCRES DIAGNOSTIC CENTER,Health Facility,Clinical Laboratory,clinic,Private,1,1,CITY OF CALOOCAN,CALOOCAN,BARANGAY 176-A,Level 1,1,2.5,0,Licensing Status:With License
DOH000000000053077,ACCU-BEST DIAGNOSTIC &AMP; LABORATORY CORP.,Health Facility,Clinical Laboratory,clinic,Private,1,1,SANTA CRUZ,MANILA,BARANGAY 328,,0,1.5,0,Licensing Status:With License
DOH000000000039371,ACCU-MED MANILA DIAGNOSTIC AND LABORATORY CORP.,Health Facility,Clinical Laboratory,clinic,Private,1,1,TONDO I/II,MANILA,BARANGAY 263,Level 2,2,3.0,0,Licensing Status:With License
DOH000000000053075,ACCU-MED MEDICAL SERVICES,Health Facility,Clinical Laboratory,clinic,Private,1,1,CITY OF PARA?AQUE,PARANAQUE,SAN DIONISIO,,0,1.5,0,Licensing Status:With License
DOH000000000053076,ACCUCARE DIAGNOSTIC CENTER INC.,Health Facility,Clinical Laboratory,clinic,Private,1,1,QUEZON CITY,QUEZON CITY,PINYAHAN,,0,1.5,0,Licensing Status:With License
DOH000000000049380,ACCUDETEK HEALTH DIAGNOSTICS,Health Facility,Drug Testing Laboratory,laboratory,Private,1,1,CITY OF PASIG,PASIG,SAN NICOLAS (POB.),Screening (Drug testing),0,1.0,0,Licensing Status:With License
DOH000000000049381,ACCURATUS NP &AMP; DRUG TESTING CENTER,Health Facility,Drug Testing Laboratory,laboratory,Private,1,1,QUEZON CITY,QUEZON CITY,BAGONG LIPUNAN NG CRAME,Screening (Drug testing),0,1.0,0,Licensing Status:With License
DOH000000000051653,ACCUREAD DIAGNOSTIC LABORATORY,Health Facility,Clinical Laboratory,clinic,Private,1,1,CITY OF PASIG,PASIG,PINAGBUHATAN,,0,1.5,0,Licensing Status:With License
DOH000000000040868,"ACCUSERV DIAGNOSTIC LABORATORY, INC.",Health Facility,Clinical Laboratory,clinic,Private,1,1,QUEZON CITY,QUEZON CITY,E. RODRIGUEZ,,0,1.5,0,Licensing Status:With License
DOH000000000053041,ACCUSERV PLUS DIAGNOSTIC CENTER INC.,Health Facility,Clinical Laboratory,clinic,Private,1,1,QUEZON CITY,QUEZON CITY,SANTO DOMINGO,,0,1.5,0,Licensing Status:With License
DOH000000000052447,ACCUTEQS DIAGNOSTICS,Health Facility,Laboratory for Drinking Water Analysis,laboratory,Private,1,1,QUEZON CITY,QUEZON CITY,SAN JOSE,,0,1.0,0,Licensing Status:With License
DOH000000000049040,ACE COR MEDICAL SERVICES,Health Facility,Ambulance Service Provider,ambulance,Private,1,1,SAMPALOC,MANILA,BARANGAY 524,,0,0.5,0,Licensing Status:With License
DOH000000000040747,ACE DIAGNOSTICS CORPORATION,Health Facility,Clinical Laboratory,clinic,Private,1,1,QUEZON CITY,QUEZON CITY,FAIRVIEW,,0,1.5,0,Licensing Status:With License
DOH000000000040760,ACE DIAGNOSTICS CORPORATION - NOVALICHES,Health Facility,Clinical Laboratory,clinic,Private,1,1,QUEZON CITY,QUEZON CITY,GULOD,,0,1.5,0,Licensing Status:With License
DOH000000000053040,ACE DIAGNOSTICS CORPORATION - VALENZUELA,Health Facility,Clinical Laboratory,clinic,Private,1,1,CITY OF VALENZUELA,VALENZUELA,GEN. T. DE LEON,,0,1.5,0,Licensing Status:With License
DOH000000000004706,ACEBEDO GENERAL HOSPITAL,Health Facility,Hospital,hospital,Private,1,1,CITY OF CALOOCAN,CALOOCAN,BARANGAY 175,Level 1,1,2.5,16,Licensing Status:With License
DOH000000000040552,ACG BIRTHING HOME &AMP; DIAGNOSTIC LABORATORY CO.,Health Facility,Birthing Home,birthing,Private,1,1,CITY OF NAVOTAS,NAVOTAS,SAN JOSE (POB.),,0,1.5,2,Licensing Status:With License
DOH000000000053039,ACQURA DIAGNOSTIC CENTER CORPORATION,Health Facility,Clinical Laboratory,clinic,Private,1,1,QUEZON CITY,QUEZON CITY,DON MANUEL,,0,1.5,0,Licensing Status:With License
DOH000000000051648,ACTFA MEDICAL LABORATORY &AMP; DIAGNOSTICS CORP.,Health Facility,Clinical Laboratory,clinic,Private,1,1,SANTA CRUZ,MANILA,BARANGAY 352,,0,1.5,0,Licensing Status:With License
DOH000000000040467,ADCURALABS,Health Facility,Clinical Laboratory,clinic,Private,1,1,QUEZON CITY,QUEZON CITY,WEST TRIANGLE,,0,1.5,0,Licensing Status:With License
DOH000000000025827,ADDITION HILLS HEALTH STATION,Health Facility,Barangay Health Station,bhs,Government,0,0,CITY OF SAN JUAN,SAN JUAN,ADDITION HILLS,,0,1.5,0,
DOH000000000003676,ADMIRAL HEALTH CENTER,Health Facility,Rural Health Unit,rhu,Government,0,0,CITY OF LAS PI?AS,LAS PINAS,TALON TRES,,0,1.5,0,
DOH000000000053038,ADVANCED HEALTHLAB,Health Facility,Clinical Laboratory,clinic,Private,1,1,CITY OF PASIG,PASIG,ROSARIO,,0,1.5,0,Licensing Status:With License
DOH000000000039251,ADVANCED LAB SOLUTIONS,Health Facility,Clinical Laboratory,clinic,Private,1,1,CITY OF MAKATI,MAKATI,POBLACION,,0,1.5,0,Licensing Status:With License
DOH000000000040599,ADVENTCARE MATERNITY CLINIC,Health Facility,Birthing Home,birthing,Private,1,1,CITY OF LAS PI?AS,LAS PINAS,B. F. INTERNATIONAL VILLAGE,,0,1.5,2,Licensing Status:With License
DOH000000000006034,ADVENTIST MEDICAL CENTER MANILA,Health Facility,Hospital,hospital,Private,1,1,PASAY CITY,PASAY,BARANGAY 35,Level 3,3,4.0,150,Licensing Status:With License
DOH000000000039238,AEGLE WELLNESS CENTER INC.,Health Facility,Clinical Laboratory,clinic,Private,1,1,CITY OF MAKATI,MAKATI,BEL-AIR,,0,1.5,0,Licensing Status:With License
DOH000000000049038,AEROMED AMBULANCE TRANSPORT INC.,Health Facility,Ambulance Service Provider,ambulance,Private,1,1,QUEZON CITY,QUEZON CITY,E. RODRIGUEZ,,0,0.5,0,Licensing Status:With License
DOH000000000047451,AERONICS INCORPORATED - ENVIRONMENTAL LABORATORY DIVISION,Health Facility,Laboratory for Drinking Water Analysis,laboratory,Private,1,1,QUEZON CITY,QUEZON CITY,NORTH FAIRVIEW,,0,1.0,0,Licensing Status:With License
DOH000000000049384,AFP MEDICAL CENTER,Health Facility,Drug Testing Laboratory,laboratory,Government,0,1,QUEZON CITY,QUEZON CITY,PINYAHAN,Screening (Drug testing),0,1.0,0,Licensing Status:With License
DOH000000000040834,AIM DIAGNOSTIC LABORATORY,Health Facility,Clinical Laboratory,clinic,Private,1,1,TONDO I/II,MANILA,BARANGAY 90,,0,1.5,0,Licensing Status:With License
DOH000000000046433,"AIP DERMATOLOGY &AMP; SURGERY CENTER, INC.",Health Facility,Ambulatory Surgical Clinic,clinic,Private,1,1,CITY OF SAN JUAN,SAN JUAN,GREENHILLS,,0,1.5,0,Licensing Status:With License
DOH000000000049385,AIR FORCE DRUG TESTING CENTER,Health Facility,Drug Testing Laboratory,laboratory,Government,0,1,PASAY CITY,PASAY,BARANGAY 183,Screening (Drug testing),0,1.0,0,Licensing Status:With License
DOH000000000002244,AIR FORCE GENERAL HOSPITAL,Health Facility,Hospital,hospital,Government,0,1,PASAY CITY,PASAY,BARANGAY 183,Level 2,2,3.0,100,Licensing Status:With License
DOH000000000050171,AJA MULTISPECIALTY DIAGNOSTIC AND MATERNITY CLINIC,Health Facility,Birthing Home,birthing,Private,1,1,CITY OF VALENZUELA,VALENZUELA,UGONG,,0,1.5,7,Licensing Status:With License
DOH000000000049386,AJV DRUG TESTING LABORATORY,Health Facility,Drug Testing Laboratory,laboratory,Private,1,1,CITY OF VALENZUELA,VALENZUELA,MALINTA,Screening (Drug testing),0,1.0,0,Licensing Status:With License
DOH000000000054716,AK DIALYSIS CENTER CORP.,Health Facility,Dialysis Clinic,dialysis,Private,1,1,CITY OF CALOOCAN,CALOOCAN,BARANGAY 16,,0,2.0,0,Licensing Status:With License
DOH000000000052377,AK DIALYSIS CENTER CORP.,Health Facility,Dialysis Clinic,dialysis,Private,1,1,QUEZON CITY,QUEZON CITY,QUIRINO 2-B,,0,2.0,0,Licensing Status:With License
DOH000000000002237,ALABANG HEALTH CENTER,Health Facility,Rural Health Unit,rhu,Government,0,0,CITY OF MUNTINLUPA,MUNTINLUPA,ALABANG,,0,1.5,0,
DOH000000000000403,ALABANG MEDICAL CENTER,Health Facility,Hospital,hospital,Private,1,1,CITY OF MUNTINLUPA,MUNTINLUPA,ALABANG,Level 1,1,2.5,18,Licensing Status:With License
DOH000000000004702,ALABANG MEDICAL CLINIC,Health Facility,Hospital,hospital,Private,1,1,CITY OF MUNTINLUPA,MUNTINLUPA,ALABANG,Level 1,1,2.5,18,Licensing Status:With License
DOH000000000039214,ALABANG MEDICAL CLINIC - ALMANZA,Health Facility,Clinical Laboratory,clinic,Private,1,1,CITY OF LAS PI?AS,LAS PINAS,ALMANZA UNO,,0,1.5,0,Licensing Status:With License
DOH000000000004395,ALABANG MEDICAL CLINIC - LAS PIÑAS BRANCH,Health Facility,Hospital,hospital,Private,1,1,CITY OF LAS PI?AS,LAS PINAS,TALON UNO,Level 1,1,2.5,18,Licensing Status:With License
DOH000000000007497,ALABANG MEDICAL CLINIC - MUNTINLUPA BRANCH,Health Facility,Hospital,hospital,Private,1,1,CITY OF MUNTINLUPA,MUNTINLUPA,PUTATAN,Level 1,1,2.5,25,Licensing Status:With License
DOH000000000040989,ALABANG ULTRASOUND DIAGNOSTIC CENTER,Health Facility,Clinical Laboratory,clinic,Private,1,1,CITY OF MUNTINLUPA,MUNTINLUPA,ALABANG,,0,1.5,0,Licensing Status:With License
DOH000000000040502,ALAMEDA MEDICAL AND DENTAL CENTRE,Health Facility,Birthing Home,birthing,Private,1,1,SANTA ANA,MANILA,BARANGAY 750,,0,1.5,2,Licensing Status:With License
DOH000000000049037,ALB AMBULANCE RESCUE SERVICES,Health Facility,Ambulance Service Provider,ambulance,Private,1,1,QUEZON CITY,QUEZON CITY,DAMAYAN,,0,0.5,0,Licensing Status:With License
DOH000000000040872,ALCHEON MEDICAL CLINIC AND DIAGNOSTIC LABORATORY,Health Facility,Clinical Laboratory,clinic,Private,1,1,CITY OF MANDALUYONG,MANDALUYONG,WACK-WACK GREENHILLS,,0,1.5,0,Licensing Status:With License
DOH000000000050208,ALDREJ BIRTHING HOME,Health Facility,Birthing Home,birthing,Private,1,1,CITY OF MUNTINLUPA,MUNTINLUPA,CUPANG,,0,1.5,4,Licensing Status:With License
DOH000000000039291,ALEJANDRO DOCTORS MEDICAL CLINIC,Health Facility,Clinical Laboratory,clinic,Private,1,1,CITY OF MAKATI,MAKATI,GUADALUPE NUEVO,,0,1.5,0,Licensing Status:With License
DOH000000000003039,ALFONSO SPECIALIST HOSPITAL,Health Facility,Hospital,hospital,Private,1,1,CITY OF PASIG,PASIG,ROSARIO,Level 1,1,2.5,22,Licensing Status:With License
DOH000000000040554,ALJ MEDICAL MATERNITY & LYING IN CLINIC,Health Facility,Birthing Home,birthing,Private,1,1,QUEZON CITY,QUEZON CITY,BATASAN HILLS,,0,1.5,3,Licensing Status:With License
DOH000000000040548,ALJ MEDICAL MATERNITY &AMP; LYING IN CLINIC,Health Facility,Birthing Home,birthing,Private,1,1,QUEZON CITY,QUEZON CITY,COMMONWEALTH,,0,1.5,1,Licensing Status:With License
DOH000000000037036,"ALLIED CARE EXPERTS (ACE) MEDICAL CENTER - PATEROS, INC.",Health Facility,Hospital,hospital,Private,1,1,PATEROS,PATEROS,AGUHO,Level 2,2,3.0,58,Licensing Status:With License
DOH000000000037012,"ALLIED CARE EXPERTS (ACE) MEDICAL CENTER - QUEZON CITY, INC.",Health Facility,Hospital,hospital,Private,1,1,QUEZON CITY,QUEZON CITY,BAHAY TORO,Level 2,2,3.0,100,Licensing Status:With License
DOH000000000049388,"ALLIED CARE EXPERTS (ACE) MEDICAL CENTER - VALENZUELA, INC.",Health Facility,Drug Testing Laboratory,laboratory,Private,1,1,CITY OF VALENZUELA,VALENZUELA,MALANDAY,Screening (Drug testing),0,1.0,0,Licensing Status:With License
DOH000000000032019,"ALLIED CARE EXPERTS (ACE) MEDICAL CENTER VALENZUELA, INC.",Health Facility,Hospital,hospital,Private,1,1,CITY OF VALENZUELA,VALENZUELA,MALANDAY,Level 2,2,3.0,82,Licensing Status:With License
DOH000000000051110,ALLIED CARE EXPERTS (ACE) MEDICAL CENTER – MANDALUYONG INC.,Health Facility,Hospital,hospital,Private,1,1,CITY OF MANDALUYONG,MANDALUYONG,DAANG BAKAL,Level 2,2,3.0,27,Licensing Status:With License
DOH000000000049389,ALLIED DRUG TESTING CENTER,Health Facility,Drug Testing Laboratory,laboratory,Private,1,1,QUEZON CITY,QUEZON CITY,PINYAHAN,Screening (Drug testing),0,1.0,0,Licensing Status:With License
DOH000000000050181,ALM LYING IN CLINIC,Health Facility,Birthing Home,birthing,Private,1,1,CITY OF CALOOCAN,CALOOCAN,BARANGAY 171,,0,1.5,3,Licensing Status:With License
DOH000000000000813,ALMANZA II HEALTH CENTER (T. S. CRUZ HC),Health Facility,Rural Health Unit,rhu,Government,0,0,CITY OF LAS PI?AS,LAS PINAS,ALMANZA DOS,,0,1.5,0,
DOH000000000000812,ALMANZA UNO HEALTH CENTER,Health Facility,Rural Health Unit,rhu,Government,0,1,CITY OF LAS PI?AS,LAS PINAS,ALMANZA UNO,,0,1.5,0,Licensing Status:With License
DOH000000000041628,ALMAZAN RENAL CARE CENTER INC.,Health Facility,Dialysis Clinic,dialysis,Private,1,1,QUEZON CITY,QUEZON CITY,TANDANG SORA,,0,2.0,0,Licensing Status:With License
DOH000000000049036,ALPHA CARE EMERGENCY MEDICAL SERVICES INC.,Health Facility,Ambulance Service Provider,ambulance,Private,1,1,CITY OF LAS PI?AS,LAS PINAS,PULANG LUPA UNO,,0,0.5,0,Licensing Status:With License
DOH000000000055034,ALPHA IVF (MANILA) INCORPORATED,Health Facility,Ambulatory Surgical Clinic,clinic,Private,1,1,QUEZON CITY,QUEZON CITY,PINYAHAN,,0,1.5,0,Licensing Status:With License
DOH000000000054667,ALPHALAB DIAGNOSTIC CENTER INC.,Health Facility,Clinical Laboratory,clinic,Private,1,1,QUEZON CITY,QUEZON CITY,BAGONG LIPUNAN NG CRAME,,0,1.5,0,Licensing Status:With License
DOH000000000040795,ALPHASTAR LABORATORY DIAGNOSTIC AND MULTISPECIALTY CLINIC,Health Facility,Clinical Laboratory,clinic,Private,1,1,QUEZON CITY,QUEZON CITY,MATANDANG BALARA,,0,1.5,0,Licensing Status:With License
DOH000000000043861,ALRAFA CARDIOVASCULAR DIAGNOSTIC CENTER,Health Facility,Clinical Laboratory,clinic,Private,1,1,CITY OF CALOOCAN,CALOOCAN,BARANGAY 87,,0,1.5,0,Licensing Status:With License
DOH000000000049049,ALS LIFE SUPPORT SERVICES INC.,Health Facility,Ambulance Service Provider,ambulance,Private,1,1,PASAY CITY,PASAY,BARANGAY 191,,0,0.5,0,Licensing Status:With License
DOH000000000053035,ALTA-JLB MEDICAL SUPPLIES AND DIAGNOSTIC CENTER INC.,Health Facility,Clinical Laboratory,clinic,Private,1,1,PASAY CITY,PASAY,BARANGAY 59,,0,1.5,0,Licensing Status:With License
DOH000000000040783,ALU - TUCP MEDICAL CENTER,Health Facility,Clinical Laboratory,clinic,Private,1,1,QUEZON CITY,QUEZON CITY,OLD CAPITOL SITE,,0,1.5,0,Licensing Status:With License
DOH000000000040510,ALVETTE MEDICAL AND LYING-IN CLINIC,Health Facility,Birthing Home,birthing,Private,1,1,CITY OF CALOOCAN,CALOOCAN,BARANGAY 167,,0,1.5,2,Licensing Status:With License
DOH000000000043847,"ALVIAR MEDICAL LABORATORIES, INC.",Health Facility,Clinical Laboratory,clinic,Private,1,1,CITY OF MAKATI,MAKATI,PIO DEL PILAR,Level 1,1,2.5,0,Licensing Status:With License
DOH000000000043616,"ALVIAR MEDICAL LABORATORIES, INC.",Health Facility,Clinical Laboratory,clinic,Private,1,1,CITY OF MUNTINLUPA,MUNTINLUPA,ALABANG,,0,1.5,0,Licensing Status:With License
DOH000000000007460,AMADO T. REYES HEALTH CENTER,Health Facility,Rural Health Unit,rhu,Government,0,0,CITY OF MANDALUYONG,MANDALUYONG,BUROL,,0,1.5,0,
DOH000000000003872,AMANG RODRIGUEZ MEMORIAL MEDICAL CENTER,Health Facility,Hospital,hospital,Government,0,1,CITY OF MARIKINA,MARIKINA,SANTO NI?O,Level 3,3,4.0,300,Licensing Status:With License
DOH000000000051451,AMANG RODRIGUEZ MEMORIAL MEDICAL CENTER (ARMMC) AGARANG GAMUTAN AT ATENSYON PARA SA PAMAYANAN (AGAP) CENTER,Health Facility,Bagong Urgent Care and Ambulatory Service,other,Government,0,0,CITY OF MARIKINA,MARIKINA,SANTO NI?O,,0,1.0,0,
DOH000000000039187,AMANG RODRIGUEZ MEMORIAL MEDICAL CENTER (CARTRIDGE - BASED PCR),Health Facility,COVID-19 Testing Laboratory,laboratory,Government,0,1,CITY OF MARIKINA,MARIKINA,SANTO NI?O,,0,1.0,0,Licensing Status:With License
DOH000000000049039,AMBUCARE EMS SOLUTIONS,Health Facility,Ambulance Service Provider,ambulance,Private,1,1,QUEZON CITY,QUEZON CITY,GULOD,,0,0.5,0,Licensing Status:With License
DOH000000000049043,AMBUCORE AMBULANCE,Health Facility,Ambulance Service Provider,ambulance,Private,1,1,QUEZON CITY,QUEZON CITY,SANTA TERESITA,,0,0.5,0,Licensing Status:With License
DOH000000000052114,AMBUCORE GENERAL MERCHANDISE,Health Facility,Ambulance Service Provider,ambulance,Private,1,1,QUEZON CITY,QUEZON CITY,SANTA TERESITA,,0,0.5,0,Licensing Status:With License
DOH000000000054576,AMBULANCE SERVICE CODEBLUE EMERGENCY,Health Facility,Ambulance Service Provider,ambulance,Private,1,1,SANTA ANA,MANILA,BARANGAY 763,,0,0.5,0,Licensing Status:With License
DOH000000000044243,AMBULATORY HEALTH CARE INSTITUTE INCORPORATED,Health Facility,Ambulatory Surgical Clinic,clinic,Private,1,1,CITY OF MANDALUYONG,MANDALUYONG,WACK-WACK GREENHILLS,,0,1.5,0,Licensing Status:With License
DOH000000000049390,"AMBULATORY HEALTH CARE INSTITUTE, INC. (CLINICA MANILA)",Health Facility,Drug Testing Laboratory,laboratory,Private,1,1,CITY OF MANDALUYONG,MANDALUYONG,WACK-WACK GREENHILLS,Screening (Drug testing),0,1.0,0,Licensing Status:With License
DOH000000000048092,"AMDG-ASCLEPIUS MEDICAL AND DIAGNOSTIC GROUP, INC.",Health Facility,Medical Facility for Overseas Workers & Seafarers,other,Private,1,1,CITY OF MAKATI,MAKATI,BANGKAL,,0,1.0,0,Licensing Status:With License
DOH000000000049391,"AMERICAN BIO-CLINICAL LABORATORIES, INTERNATIONAL",Health Facility,Drug Testing Laboratory,laboratory,Private,1,1,CITY OF MUNTINLUPA,MUNTINLUPA,ALABANG,Screening (Drug testing),0,1.0,0,Licensing Status:With License
DOH000000000048141,AMERICAN OUTPATIENT CLINIC,Health Facility,Medical Facility for Overseas Workers & Seafarers,other,Private,1,1,INTRAMUROS,MANILA,BARANGAY 656,,0,1.0,0,Licensing Status:With License
DOH000000000049393,AMGB DRUG TESTING LABORATORY,Health Facility,Drug Testing Laboratory,laboratory,Private,1,1,QUEZON CITY,QUEZON CITY,BAGONG LIPUNAN NG CRAME,Screening (Drug testing),0,1.0,0,Licensing Status:With License
DOH000000000040971,AMOS DIAGNOSTIC CLINIC,Health Facility,Clinical Laboratory,clinic,Private,1,1,CITY OF VALENZUELA,VALENZUELA,PASO DE BLAS,,0,1.5,0,Licensing Status:With License
DOH000000000048143,AMOSUP SEAMEN'S HOSPITAL,Health Facility,Medical Facility for Overseas Workers & Seafarers,other,Private,1,1,INTRAMUROS,MANILA,BARANGAY 658,,0,1.0,0,Licensing Status:With License
DOH000000000004976,AMPARO HEALTH CENTER,Health Facility,Rural Health Unit,rhu,Government,0,0,CITY OF CALOOCAN,CALOOCAN,BARANGAY 179,,0,1.5,0,
DOH000000000051013,AMPARO MATERNITY CLINIC,Health Facility,Birthing Home,birthing,Private,1,1,CITY OF CALOOCAN,CALOOCAN,BARANGAY 179,,0,1.5,5,Licensing Status:With License
DOH000000000040574,AMURAO MEDICAL CLINIC,Health Facility,Birthing Home,birthing,Private,1,1,PASAY CITY,PASAY,BARANGAY 175,,0,1.5,2,Licensing Status:With License
DOH000000000000814,ANA HEALTH CENTER,Health Facility,Rural Health Unit,rhu,Government,0,0,CITY OF CALOOCAN,CALOOCAN,BARANGAY 28,,0,1.5,0,
DOH000000000051009,ANALYTIKA LABORATORY,Health Facility,Laboratory for Drinking Water Analysis,laboratory,Private,1,1,CITY OF SAN JUAN,SAN JUAN,GREENHILLS,,0,1.0,0,Licensing Status:With License
DOH000000000040696,ANGEL CHRIS WELL FAMILY MIDWIFE CLINIC,Health Facility,Birthing Home,birthing,Private,1,1,CITY OF TAGUIG,TAGUIG,CEMBO,,0,1.5,1,Licensing Status:With License
DOH000000000040589,ANGELA VICTORIA LYING-IN CLINIC,Health Facility,Birthing Home,birthing,Private,1,1,CITY OF MUNTINLUPA,MUNTINLUPA,ALABANG,,0,1.5,2,Licensing Status:With License
DOH000000000033215,ANGELIC MATERNITY AND CHILD CARE CENTER,Health Facility,Birthing Home,birthing,Private,1,1,QUEZON CITY,QUEZON CITY,MILAGROSA,,0,1.5,3,Licensing Status:With License
DOH000000000046712,ANGELICA BIRTHING HOME AND PEDIATRIC PRIMARY CARE CLINIC,Health Facility,Birthing Home,birthing,Private,1,1,CITY OF TAGUIG,TAGUIG,PINAGSAMA,,0,1.5,2,Licensing Status:With License
DOH000000000047657,"ANGELINA APOSTOL PUNZALAN MEDICAL CLINIC, INC.",Health Facility,Medical Facility for Overseas Workers & Seafarers,other,Private,1,1,CITY OF MAKATI,MAKATI,GUADALUPE NUEVO,,0,1.0,0,Licensing Status:With License
DOH000000000048093,"ANGELUS MEDICAL CLINIC, INC.",Health Facility,Medical Facility for Overseas Workers & Seafarers,other,Private,1,1,CITY OF MAKATI,MAKATI,PALANAN,,0,1.0,0,Licensing Status:With License
DOH000000000040394,ANN LYING-IN CLINIC,Health Facility,Birthing Home,birthing,Private,1,1,CITY OF CALOOCAN,CALOOCAN,BARANGAY 176-A,,0,1.5,1,Licensing Status:With License
DOH000000000040605,ANONAS DIAGNOSTIC CLINIC,Health Facility,Clinical Laboratory,clinic,Private,1,1,SAMPALOC,MANILA,BARANGAY 395,,0,1.5,0,Licensing Status:With License
DOH000000000040925,ANTE MEDICAL CLINIC AND LABORATORY,Health Facility,Clinical Laboratory,clinic,Private,1,1,CITY OF TAGUIG,TAGUIG,PINAGSAMA,,0,1.5,0,Licensing Status:With License
DOH000000000040572,APM BIRTHING HOME,Health Facility,Birthing Home,birthing,Private,1,1,CITY OF CALOOCAN,CALOOCAN,BARANGAY 176-A,,0,1.5,1,Licensing Status:With License
DOH000000000040768,APOLONIO SAMSON CLINICAL LABORATORY,Health Facility,Clinical Laboratory,clinic,Government,0,1,QUEZON CITY,QUEZON CITY,APOLONIO SAMSON,,0,1.5,0,Licensing Status:With License
DOH000000000007259,APOLONIO SAMSON HEALTH CENTER,Health Facility,Rural Health Unit,rhu,Government,0,0,QUEZON CITY,QUEZON CITY,APOLONIO SAMSON,,0,1.5,0,
DOH000000000051760,"AQUATEST LABORATORY WATER TESTING SERVICES, OPC",Health Facility,Laboratory for Drinking Water Analysis,laboratory,Private,1,1,QUEZON CITY,QUEZON CITY,SAUYO,,0,1.0,0,Licensing Status:With License
DOH000000000039350,ARAN'S MEDICAL AND DIAGNOSTIC CLINIC,Health Facility,Clinical Laboratory,clinic,Private,1,1,SAMPALOC,MANILA,BARANGAY 555,Level 1,1,2.5,0,Licensing Status:With License
DOH000000000050266,ARCHERS AMBULANCE SERVICE,Health Facility,Ambulance Service Provider,ambulance,Private,1,1,TONDO I/II,MANILA,BARANGAY 148,,0,0.5,0,Licensing Status:With License
DOH000000000040973,ARCIAGA MEDICAL CLINIC,Health Facility,Clinical Laboratory,clinic,Private,1,1,CITY OF MUNTINLUPA,MUNTINLUPA,BAYANAN,,0,1.5,0,Licensing Status:With License
DOH000000000041047,"ARDI HEALTH SERVICES, INC.",Health Facility,Clinical Laboratory,clinic,Private,1,1,CITY OF PASIG,PASIG,MALINAO,,0,1.5,0,Licensing Status:With License
DOH000000000049042,ARGONIX MEDICAL CORPORATION,Health Facility,Ambulance Service Provider,ambulance,Private,1,1,CITY OF MAKATI,MAKATI,SAN LORENZO,,0,0.5,0,Licensing Status:With License
DOH000000000049396,ARHC DRUG TESTING CENTER,Health Facility,Drug Testing Laboratory,laboratory,Private,1,1,CITY OF PASIG,PASIG,KAPASIGAN,Screening (Drug testing),0,1.0,0,Licensing Status:With License
DOH000000000040932,ARKONG BATO 3S HEALTH CENTER,Health Facility,Barangay Health Station,bhs,Government,0,1,CITY OF VALENZUELA,VALENZUELA,ARKONG BATO,,0,1.5,0,Licensing Status:With License
DOH000000000006097,ARKONG BATO MAIN HEALTH CENTER,Health Facility,Barangay Health Station,bhs,Government,0,0,CITY OF VALENZUELA,VALENZUELA,ARKONG BATO,,0,1.5,0,
DOH000000000004489,ARMY GENERAL HOSPITAL,Health Facility,Hospital,hospital,Government,0,1,CITY OF TAGUIG,TAGUIG,FORT BONIFACIO,Level 1,1,2.5,200,Licensing Status:With License
DOH000000000000872,ARSENIA DE JESUS MAXIMO HEALTH CENTER,Health Facility,Rural Health Unit,rhu,Government,0,1,QUEZON CITY,QUEZON CITY,NOVALICHES PROPER,,0,1.5,0,Licensing Status:With License
DOH000000000008206,ARSENIA J. MAXIMO LYING-IN CLINIC,Health Facility,Birthing Home,birthing,Private,1,1,QUEZON CITY,QUEZON CITY,NOVALICHES PROPER,,0,1.5,10,Licensing Status:With License
DOH000000000045822,ARSENIA J. MAXIMO SOCIAL HYGIENE CLINIC,Health Facility,Social Hygiene Clinic,clinic,Government,0,1,QUEZON CITY,QUEZON CITY,NOVALICHES PROPER,,0,1.5,0,Licensing Status:With License
DOH000000000004806,ARSENIO H. LACSON HEALTH CENTER,Health Facility,Rural Health Unit,rhu,Government,0,1,SANTA ANA,MANILA,BARANGAY 873,,0,1.5,0,Licensing Status:With License
DOH000000000053946,AS MEDICAL AND DIAGNOSTIC CENTER,Health Facility,Clinical Laboratory,clinic,Private,1,1,QUEZON CITY,QUEZON CITY,BAGONG LIPUNAN NG CRAME,,0,1.5,0,Licensing Status:With License
DOH000000000049035,ASCLEPIUS AMBULANCE SERVICE,Health Facility,Ambulance Service Provider,ambulance,Private,1,1,CITY OF MARIKINA,MARIKINA,SAN ROQUE,,0,0.5,0,Licensing Status:With License
DOH000000000053922,ASCOVILLE HEALTH CENTER,Health Facility,Rural Health Unit,rhu,Government,0,0,CITY OF CALOOCAN,CALOOCAN,BARANGAY 185,,0,1.5,0,
DOH000000000050196,ASHIRA MATERNITY CLINIC,Health Facility,Birthing Home,birthing,Private,1,1,CITY OF TAGUIG,TAGUIG,NEW LOWER BICUTAN,,0,1.5,1,Licensing Status:With License
DOH000000000049397,ASHREY INC.,Health Facility,Drug Testing Laboratory,laboratory,Government,0,1,CITY OF MAKATI,MAKATI,SAN ANTONIO,Screening (Drug testing),0,1.0,0,Licensing Status:With License
DOH000000000053033,ASHREY INC.,Health Facility,Clinical Laboratory,clinic,Private,1,1,CITY OF TAGUIG,TAGUIG,FORT BONIFACIO,,0,1.5,0,Licensing Status:With License
DOH000000000044377,"ASIA PACIFIC EYE CARE SPECIALISTS, INC.",Health Facility,Ambulatory Surgical Clinic,clinic,Private,1,1,QUEZON CITY,QUEZON CITY,CENTRAL,,0,1.5,0,Licensing Status:With License
DOH000000000049398,"ASIA PACIFIC MEDICAL &AMP; DIAGNOSTICS, INC.",Health Facility,Drug Testing Laboratory,laboratory,Private,1,1,CITY OF MAKATI,MAKATI,SAN ISIDRO,Screening (Drug testing),0,1.0,0,Licensing Status:With License
DOH000000000039297,"ASIA PACIFIC MEDICAL AND DIAGNOSTICS, INC.",Health Facility,Clinical Laboratory,clinic,Private,1,1,CITY OF MAKATI,MAKATI,SAN ISIDRO,,0,1.5,0,Licensing Status:With License
DOH000000000045288,ASIAN BREAST CENTER INC.,Health Facility,Ambulatory Surgical Clinic,clinic,Private,1,1,CITY OF MAKATI,MAKATI,POBLACION,,0,1.5,0,Licensing Status:With License
DOH000000000054418,"ASIAN EYE INSTITUTE, INC- TRINOMA",Health Facility,Ambulatory Surgical Clinic,clinic,Private,1,1,QUEZON CITY,QUEZON CITY,BAGONG PAG-ASA,,0,1.5,0,Licensing Status:With License
DOH000000000045293,"ASIAN EYE INSTITUTE, INC.",Health Facility,Ambulatory Surgical Clinic,clinic,Private,1,1,CITY OF MAKATI,MAKATI,POBLACION,,0,1.5,0,Licensing Status:With License
DOH000000000049399,ASIAN HOSPITAL &AMP; MEDICAL CENTER,Health Facility,Drug Testing Laboratory,laboratory,Private,1,1,CITY OF MUNTINLUPA,MUNTINLUPA,ALABANG,Screening (Drug testing),0,1.0,0,Licensing Status:With License
DOH000000000051885,ASIAN HOSPITAL AND MEDICAL CENTER,Health Facility,Clinical Laboratory for Molecular Pathology,clinic,Private,1,1,CITY OF MUNTINLUPA,MUNTINLUPA,ALABANG,,0,1.5,0,Licensing Status:With License
DOH000000000000410,ASIAN HOSPITAL INC.,Health Facility,Hospital,hospital,Private,1,1,CITY OF MUNTINLUPA,MUNTINLUPA,ALABANG,Level 3,3,4.0,296,Licensing Status:With License
DOH000000000051816,"ASIAN HOSPITAL, INC.",Health Facility,Cancer Treatment Facility,other,Private,1,1,CITY OF MUNTINLUPA,MUNTINLUPA,ALABANG,,0,2.0,0,Licensing Status:With License
DOH000000000046411,"ASIAN STEM CELL INSTITUTE, INC.",Health Facility,Ambulatory Surgical Clinic,clinic,Private,1,1,CITY OF PASIG,PASIG,SAN ANTONIO,,0,1.5,0,Licensing Status:With License
DOH000000000040770,ASIATIC MEDICAL LABORATORIES INC. - AURORA BLVD.,Health Facility,Clinical Laboratory,clinic,Private,1,1,QUEZON CITY,QUEZON CITY,DO?A IMELDA,,0,1.5,0,Licensing Status:With License
DOH000000000039351,ASIATIC MEDICAL LABORATORIES INC. - BINONDO,Health Facility,Clinical Laboratory,clinic,Private,1,1,SANTA CRUZ,MANILA,BARANGAY 297,Level 3,3,4.0,0,Licensing Status:With License
DOH000000000043615,ASIATIC MEDICAL LABORATORIES INC. - NEW MANILA,Health Facility,Clinical Laboratory,clinic,Private,1,1,QUEZON CITY,QUEZON CITY,VALENCIA,,0,1.5,0,Licensing Status:With License
DOH000000000049400,"ASIATIC MEDICAL LABORATORIES, INC.",Health Facility,Drug Testing Laboratory,laboratory,Private,1,1,SANTA CRUZ,MANILA,BARANGAY 297,Screening (Drug testing),0,1.0,0,Licensing Status:With License
DOH000000000049401,ASSCREEN DRUG TESTING CENTER,Health Facility,Drug Testing Laboratory,laboratory,Private,1,1,QUEZON CITY,QUEZON CITY,BAGONG LIPUNAN NG CRAME,Screening (Drug testing),0,1.0,0,Licensing Status:With License
DOH000000000049402,"ASSOCIATED MEDICAL AND CLINICAL SERVICES, INC.",Health Facility,Drug Testing Laboratory,laboratory,Private,1,1,CITY OF MAKATI,MAKATI,SAN LORENZO,Screening (Drug testing),0,1.0,0,Licensing Status:With License
DOH000000000039298,"ASSOCIATED MEDICAL AND CLINICAL SERVICES, INC. - MAKATI",Health Facility,Clinical Laboratory,clinic,Private,1,1,CITY OF MAKATI,MAKATI,SAN LORENZO,,0,1.5,0,Licensing Status:With License
DOH000000000040458,ASTILLO BIRTHING HOME CLINIC,Health Facility,Birthing Home,birthing,Private,1,1,QUEZON CITY,QUEZON CITY,GULOD,,0,1.5,1,Licensing Status:With License
DOH000000000049403,ASTRAL TECH DRUG TESTING LABORATORY,Health Facility,Drug Testing Laboratory,laboratory,Private,1,1,CITY OF MAKATI,MAKATI,VALENZUELA,Screening (Drug testing),0,1.0,0,Licensing Status:With License
DOH000000000054850,ASV LYING-IN AND MULTI-SPECIALTY CLINIC,Health Facility,Birthing Home,birthing,Private,1,1,CITY OF VALENZUELA,VALENZUELA,UGONG,,0,1.5,3,Licensing Status:With License
DOH000000000000817,ATANG DELA RAMA HEALTH CENTER,Health Facility,Rural Health Unit,rhu,Government,0,1,TONDO I/II,MANILA,BARANGAY 175,,0,1.5,0,Licensing Status:With License
DOH000000000053552,ATHENAHEALTH MEDICAL AND DIAGNOSTIC CLINIC,Health Facility,Clinical Laboratory,clinic,Private,1,1,QUEZON CITY,QUEZON CITY,KALIGAYAHAN,,0,1.5,0,Licensing Status:With License
DOH000000000048135,"ATHENAMD DIAGNOSTIC AND MEDICAL CLINIC, OPC",Health Facility,Medical Facility for Overseas Workers & Seafarers,other,Private,1,1,MALATE,MANILA,BARANGAY 709,,0,1.0,0,Licensing Status:With License
DOH000000000040840,ATM MEDICAL CLINIC AND LABORATORY,Health Facility,Clinical Laboratory,clinic,Private,1,1,QUEZON CITY,QUEZON CITY,COMMONWEALTH,,0,1.5,0,Licensing Status:With License
DOH000000000047001,AURATECH HEALTH CARE CLINIC INC.,Health Facility,Clinical Laboratory,clinic,Private,1,1,CITY OF LAS PI?AS,LAS PINAS,ALMANZA DOS,,0,1.5,0,Licensing Status:With License
DOH000000000008218,AURORA QUEZON HEALTH CENTER,Health Facility,Rural Health Unit,rhu,Government,0,1,TONDO I/II,MANILA,BARANGAY 84,,0,1.5,0,Licensing Status:With License
DOH000000000049406,AVENTUS MEDICAL CARE INC,Health Facility,Drug Testing Laboratory,laboratory,Private,1,1,CITY OF MUNTINLUPA,MUNTINLUPA,ALABANG,Screening (Drug testing),0,1.0,0,Licensing Status:With License
DOH000000000049410,AVENTUS MEDICAL CARE INC.,Health Facility,Drug Testing Laboratory,laboratory,Private,1,1,CITY OF MAKATI,MAKATI,SAN LORENZO,Screening (Drug testing),0,1.0,0,Licensing Status:With License
DOH000000000049412,AVENTUS MEDICAL CARE INC.,Health Facility,Drug Testing Laboratory,laboratory,Private,1,1,CITY OF MANDALUYONG,MANDALUYONG,WACK-WACK GREENHILLS,Screening (Drug testing),0,1.0,0,Licensing Status:With License
DOH000000000049407,AVENTUS MEDICAL CARE INC.,Health Facility,Drug Testing Laboratory,laboratory,Private,1,1,CITY OF PARA?AQUE,PARANAQUE,TAMBO,Screening (Drug testing),0,1.0,0,Licensing Status:With License
DOH000000000049411,AVENTUS MEDICAL CARE INC.,Health Facility,Drug Testing Laboratory,laboratory,Private,1,1,PASAY CITY,PASAY,BARANGAY 76,Screening (Drug testing),0,1.0,0,Licensing Status:With License
DOH000000000049408,AVENTUS MEDICAL CARE INC.,Health Facility,Drug Testing Laboratory,laboratory,Private,1,1,QUEZON CITY,QUEZON CITY,BAGUMBAYAN,Screening (Drug testing),0,1.0,0,Licensing Status:With License
DOH000000000051636,AVENTUS MEDICAL CARE INC. -ONE AYALA,Health Facility,Clinical Laboratory,clinic,Private,1,1,CITY OF MAKATI,MAKATI,BEL-AIR,,0,1.5,0,Licensing Status:With License
DOH000000000049413,AVENTUS MEDICAL CARE INC.- BGC,Health Facility,Drug Testing Laboratory,laboratory,Private,1,1,CITY OF TAGUIG,TAGUIG,FORT BONIFACIO,Screening (Drug testing),0,1.0,0,Licensing Status:With License
DOH000000000049415,"AVENTUS MEDICAL CARE, INC.",Health Facility,Drug Testing Laboratory,laboratory,Private,1,1,CITY OF MAKATI,MAKATI,SAN LORENZO,Screening (Drug testing),0,1.0,0,Licensing Status:With License
DOH000000000049418,"AVENTUS MEDICAL CARE, INC.",Health Facility,Drug Testing Laboratory,laboratory,Private,1,1,ERMITA,MANILA,BARANGAY 666,Screening (Drug testing),0,1.0,0,Licensing Status:With License
DOH000000000049414,"AVENTUS MEDICAL CARE, INC.",Health Facility,Drug Testing Laboratory,laboratory,Private,1,1,CITY OF PASIG,PASIG,PALATIW,Screening (Drug testing),0,1.0,0,Licensing Status:With License
DOH000000000040915,"AVENTUS MEDICAL CARE, INC. - BGC",Health Facility,Clinical Laboratory,clinic,Private,1,1,CITY OF TAGUIG,TAGUIG,FORT BONIFACIO,,0,1.5,0,Licensing Status:With License
DOH000000000040456,"AVENTUS MEDICAL CARE, INC. - CUBAO",Health Facility,Clinical Laboratory,clinic,Private,1,1,QUEZON CITY,QUEZON CITY,SOCORRO,,0,1.5,0,Licensing Status:With License
DOH000000000051631,"AVENTUS MEDICAL CARE, INC. - MAKATI",Health Facility,Clinical Laboratory,clinic,Private,1,1,CITY OF MAKATI,MAKATI,SAN LORENZO,,0,1.5,0,Licensing Status:With License
DOH000000000040878,"AVENTUS MEDICAL CARE, INC. - MANDALUYONG",Health Facility,Clinical Laboratory,clinic,Private,1,1,CITY OF MANDALUYONG,MANDALUYONG,BARANGKA DRIVE,,0,1.5,0,Licensing Status:With License
DOH000000000039344,"AVENTUS MEDICAL CARE, INC. - MANILA",Health Facility,Clinical Laboratory,clinic,Private,1,1,ERMITA,MANILA,BARANGAY 666,Level 2,2,3.0,0,Licensing Status:With License
DOH000000000040972,"AVENTUS MEDICAL CARE, INC. - MUNTINLUPA",Health Facility,Clinical Laboratory,clinic,Private,1,1,CITY OF MUNTINLUPA,MUNTINLUPA,ALABANG,,0,1.5,0,Licensing Status:With License
DOH000000000041037,"AVENTUS MEDICAL CARE, INC. - PARAÑAQUE",Health Facility,Clinical Laboratory,clinic,Private,1,1,CITY OF PARA?AQUE,PARANAQUE,TAMBO,,0,1.5,0,Licensing Status:With License
DOH000000000041120,"AVENTUS MEDICAL CARE, INC. - PASAY",Health Facility,Clinical Laboratory,clinic,Private,1,1,PASAY CITY,PASAY,BARANGAY 76,,0,1.5,0,Licensing Status:With License
DOH000000000041043,"AVENTUS MEDICAL CARE, INC. - PASIG",Health Facility,Clinical Laboratory,clinic,Private,1,1,CITY OF PASIG,PASIG,MANGGAHAN,,0,1.5,0,Licensing Status:With License
DOH000000000040451,"AVENTUS MEDICAL CARE, INC. - PCS",Health Facility,Clinical Laboratory,clinic,Private,1,1,QUEZON CITY,QUEZON CITY,RAMON MAGSAYSAY,,0,1.5,0,Licensing Status:With License
DOH000000000049419,"AVENTUS MEDICAL CARE, INC.- NORTH EDSA",Health Facility,Drug Testing Laboratory,laboratory,Private,1,1,QUEZON CITY,QUEZON CITY,RAMON MAGSAYSAY,Screening (Drug testing),0,1.0,0,Licensing Status:With License
DOH000000000040998,AVENUE DIAGNOSTIC CENTER,Health Facility,Clinical Laboratory,clinic,Private,1,1,SANTA CRUZ,MANILA,BARANGAY 339,,0,1.5,0,Licensing Status:With License
DOH000000000049420,AVENUE DIAGNOSTIC MEDICAL CLINIC &AMP; CLINICAL LABORATORY,Health Facility,Drug Testing Laboratory,laboratory,Private,1,1,SANTA CRUZ,MANILA,BARANGAY 331,Screening (Drug testing),0,1.0,0,Licensing Status:With License
DOH000000000044414,AVERRA MEDICAL CLINIC,Health Facility,Ambulatory Surgical Clinic,clinic,Private,1,1,SANTA ANA,MANILA,BARANGAY 782,,0,1.5,0,Licensing Status:With License
DOH000000000052044,AXCESS HEALTH CARE INC.,Health Facility,Dialysis Clinic,dialysis,Private,1,1,CITY OF CALOOCAN,CALOOCAN,BARANGAY 22,,0,2.0,0,Licensing Status:With License
DOH000000000041665,AXCESS HEALTH CARE INC.,Health Facility,Dialysis Clinic,dialysis,Private,1,1,CITY OF MALABON,MALABON,CONCEPCION,,0,2.0,0,Licensing Status:With License
DOH000000000008257,AYALA-ALABANG HEALTH CENTER,Health Facility,Rural Health Unit,rhu,Government,0,1,CITY OF MUNTINLUPA,MUNTINLUPA,ALABANG,,0,1.5,0,Licensing Status:With License
DOH000000000040484,B &AMP; C MEDICAL HEALTH SERVICES,Health Facility,Clinical Laboratory,clinic,Private,1,1,QUEZON CITY,QUEZON CITY,FAIRVIEW,,0,1.5,0,Licensing Status:With License
DOH000000000040401,B &AMP; K LYING-IN AND MEDICAL CLINIC,Health Facility,Birthing Home,birthing,Private,1,1,CITY OF TAGUIG,TAGUIG,NEW LOWER BICUTAN,,0,1.5,2,Licensing Status:With License
DOH000000000041091,B &AMP; W MEDICAL CLINIC X-RAY &AMP; LABORATORY - MOONWALK,Health Facility,Clinical Laboratory,clinic,Private,1,1,CITY OF PARA?AQUE,PARANAQUE,MOONWALK,,0,1.5,0,Licensing Status:With License
DOH000000000041562,"B. BRAUN AVITUM PHILIPPINES, INC.",Health Facility,Dialysis Clinic,dialysis,Private,1,1,CITY OF MAKATI,MAKATI,POBLACION,,0,2.0,0,Licensing Status:With License
DOH000000000042198,"B. BRAUN AVITUM PHILIPPINES, INC.",Health Facility,Dialysis Clinic,dialysis,Private,1,1,TONDO I/II,MANILA,BARANGAY 12,,0,2.0,0,Licensing Status:With License
DOH000000000041563,"B. BRAUN AVITUM PHILIPPINES, INC.",Health Facility,Dialysis Clinic,dialysis,Private,1,1,CITY OF MUNTINLUPA,MUNTINLUPA,ALABANG,,0,2.0,0,Licensing Status:With License
DOH000000000041629,"B. BRAUN AVITUM PHILIPPINES, INC.",Health Facility,Dialysis Clinic,dialysis,Private,1,1,QUEZON CITY,QUEZON CITY,DO?A JOSEFA,,0,2.0,0,Licensing Status:With License
DOH000000000053947,BABARAN - ECHAVEZ MEDICAL &AMP; PSYCHIATRIC CLINIC,Health Facility,Clinical Laboratory,clinic,Private,1,1,CITY OF MUNTINLUPA,MUNTINLUPA,POBLACION,,0,1.5,0,Licensing Status:With License
DOH000000000052446,BABY BUMP BIRTHING CENTER OPC,Health Facility,Birthing Home,birthing,Private,1,1,QUEZON CITY,QUEZON CITY,SANTA MONICA,,0,1.5,3,Licensing Status:With License
DOH000000000050176,BABY BUMP MATERNITY CLINIC,Health Facility,Birthing Home,birthing,Private,1,1,QUEZON CITY,QUEZON CITY,PASONG PUTIK PROPER,,0,1.5,2,Licensing Status:With License
DOH000000000005338,BACOOD HEALTH CENTER,Health Facility,Rural Health Unit,rhu,Government,0,1,SANTA ANA,MANILA,BARANGAY 803,,0,1.5,0,Licensing Status:With License
DOH000000000008275,BAESA HEALTH CENTER,Health Facility,Rural Health Unit,rhu,Government,0,0,CITY OF CALOOCAN,CALOOCAN,BARANGAY 159,,0,1.5,0,
DOH000000000007303,BAESA HEALTH CENTER,Health Facility,Rural Health Unit,rhu,Government,0,0,QUEZON CITY,QUEZON CITY,BAESA,,0,1.5,0,
DOH000000000005339,BAGBAG HEALTH CENTER,Health Facility,Rural Health Unit,rhu,Government,0,0,QUEZON CITY,QUEZON CITY,BAGBAG,,0,1.5,0,
DOH000000000004311,BAGBAGUIN HEALTH CENTER,Health Facility,Rural Health Unit,rhu,Government,0,1,CITY OF CALOOCAN,CALOOCAN,BARANGAY 165,,0,1.5,0,Licensing Status:With License
DOH000000000008298,BAGO BANTAY HEALTH CENTER,Health Facility,Rural Health Unit,rhu,Government,0,1,QUEZON CITY,QUEZON CITY,ALICIA,Level 1,1,2.5,0,Licensing Status:With License
DOH000000000005088,BAGONG BARANGAY HEALTH CENTER,Health Facility,Rural Health Unit,rhu,Government,0,1,PANDACAN,MANILA,BARANGAY 842,,0,1.5,0,Licensing Status:With License
DOH000000000040701,BAGONG BARRIO LYING-IN &AMP; HEALTH CENTER,Health Facility,Birthing Home,birthing,Government,0,1,CITY OF CALOOCAN,CALOOCAN,BARANGAY 133,,0,1.5,8,Licensing Status:With License
DOH000000000008307,BAGONG BARRIO LYING-IN CLINIC,Health Facility,Rural Health Unit,rhu,Government,0,0,CITY OF CALOOCAN,CALOOCAN,BARANGAY 148,,0,1.5,0,
DOH000000000005087,BAGONG BARRIO ZONE I HEALTH CENTER,Health Facility,Rural Health Unit,rhu,Government,0,0,CITY OF CALOOCAN,CALOOCAN,BARANGAY 143,,0,1.5,0,
DOH000000000006100,BAGONG BARRIO ZONE III HEALTH CENTER,Health Facility,Rural Health Unit,rhu,Government,0,0,CITY OF CALOOCAN,CALOOCAN,BARANGAY 157,,0,1.5,0,
DOH000000000001469,BAGONG ILOG HEALTH CENTER,Health Facility,Rural Health Unit,rhu,Government,0,1,CITY OF PASIG,PASIG,BAGONG ILOG,,0,1.5,0,Licensing Status:With License
DOH000000000001477,BAGONG ILOG HEALTH CENTER II,Health Facility,Rural Health Unit,rhu,Government,0,1,CITY OF PASIG,PASIG,BAGONG ILOG,,0,1.5,0,Licensing Status:With License
DOH000000000007294,BAGONG KATIPUNAN HEALTH CENTER,Health Facility,Rural Health Unit,rhu,Government,0,1,CITY OF PASIG,PASIG,BAGONG KATIPUNAN,,0,1.5,0,Licensing Status:With License
DOH000000000007281,BAGONG LIPUNAN HEALTH CENTER,Health Facility,Rural Health Unit,rhu,Government,0,0,CITY OF NAVOTAS,NAVOTAS,SAN JOSE (POB.),,0,1.5,0,
DOH000000000000876,BAGONG PAG-ASA HEALTH CENTER,Health Facility,Rural Health Unit,rhu,Government,0,1,QUEZON CITY,QUEZON CITY,BAGONG PAG-ASA,Level 1,1,2.5,0,Licensing Status:With License
DOH000000000055028,BAGONG PILIPINAS DOH CENTRAL WAREHOUSE - TALA HUB,Health Related Facility,Central Warehouse - Combination,other,Government,0,0,CITY OF CALOOCAN,CALOOCAN,BARANGAY 187,,0,1.0,0,
DOH000000000008369,BAGONG SILANG HEALTH CENTER,Health Facility,Rural Health Unit,rhu,Government,0,0,CITY OF MANDALUYONG,MANDALUYONG,BAGONG SILANG,,0,1.5,0,
DOH000000000003486,BAGONG SILANG HEALTH CENTER,Health Facility,Rural Health Unit,rhu,Government,0,0,CITY OF MUNTINLUPA,MUNTINLUPA,SUCAT,,0,1.5,0,
DOH000000000049662,BAGONG SILANG HEALTH CENTER,Health Facility,Barangay Health Station,bhs,Government,0,0,CITY OF PARA?AQUE,PARANAQUE,B. F. HOMES,,0,1.5,0,
DOH000000000053923,BAGONG SILANG MALASAKIT HEALTH CENTER,Health Facility,Rural Health Unit,rhu,Government,0,0,CITY OF CALOOCAN,CALOOCAN,BARANGAY 176-A,,0,1.5,0,
DOH000000000003323,BAGONG SILANG PHASE 10 HEALTH CENTER,Health Facility,Rural Health Unit,rhu,Government,0,0,CITY OF CALOOCAN,CALOOCAN,BARANGAY 176-A,,0,1.5,0,
DOH000000000003029,BAGONG SILANG PHASE 2 HEALTH CENTER,Health Facility,Rural Health Unit,rhu,Government,0,0,CITY OF CALOOCAN,CALOOCAN,BARANGAY 176-A,,0,1.5,0,
DOH000000000053924,BAGONG SILANG PHASE 3 HEALTH CENTER,Health Facility,Rural Health Unit,rhu,Government,0,0,CITY OF CALOOCAN,CALOOCAN,BARANGAY 176-B,,0,1.5,0,
DOH000000000053925,BAGONG SILANG PHASE 4 HEALTH CENTER,Health Facility,Rural Health Unit,rhu,Government,0,0,CITY OF CALOOCAN,CALOOCAN,BARANGAY 176-A,,0,1.5,0,
DOH000000000008406,BAGONG SILANG PHASE 7 HEALTH CENTER,Health Facility,Rural Health Unit,rhu,Government,0,0,CITY OF CALOOCAN,CALOOCAN,BARANGAY 176-A,,0,1.5,0,
DOH000000000008417,BAGONG SILANG PHASE 8 HEALTH CENTER,Health Facility,Rural Health Unit,rhu,Government,0,0,CITY OF CALOOCAN,CALOOCAN,BARANGAY 176-A,,0,1.5,0,
DOH000000000000880,BAGONG SILANG PHASE 9 HEALTH CENTER,Health Facility,Rural Health Unit,rhu,Government,0,1,CITY OF CALOOCAN,CALOOCAN,BARANGAY 176-A,,0,1.5,0,Licensing Status:With License
DOH000000000006101,BAGONG SILANG PHASE I HEALTH CENTER,Health Facility,Rural Health Unit,rhu,Government,0,0,CITY OF CALOOCAN,CALOOCAN,BARANGAY 176-A,,0,1.5,0,
DOH000000000000138,BAGONG SILANGAN HEALTH CENTER,Health Facility,Rural Health Unit,rhu,Government,0,0,QUEZON CITY,QUEZON CITY,BAGONG SILANGAN,,0,1.5,0,
DOH000000000040719,BAGONG SILANGAN LYING IN CLINIC,Health Facility,Birthing Home,birthing,Government,0,1,QUEZON CITY,QUEZON CITY,BAGONG SILANGAN,,0,1.5,12,Licensing Status:With License
DOH000000000006102,BAGONG TANYAG HEALTH CENTER,Health Facility,Rural Health Unit,rhu,Government,0,0,CITY OF TAGUIG,TAGUIG,TANYAG,,0,1.5,0,
DOH000000000048376,BAGUIO DOCTORS MEDICAL LABORATORY,Health Facility,Medical Facility for Overseas Workers & Seafarers,other,Private,1,1,QUEZON CITY,QUEZON CITY,PINYAHAN,,0,1.0,0,Licensing Status:With License
DOH000000000005601,BAGUMBAYAN HEALTH CENTER,Health Facility,Rural Health Unit,rhu,Government,0,0,CITY OF TAGUIG,TAGUIG,BAGUMBAYAN,,0,1.5,0,
DOH000000000007329,BAGUMBAYAN NORTH HEALTH CENTER,Health Facility,Rural Health Unit,rhu,Government,0,0,CITY OF NAVOTAS,NAVOTAS,BAGUMBAYAN NORTH,,0,1.5,0,
DOH000000000027924,BAGUMBONG DULO HEALTH CENTER,Health Facility,Rural Health Unit,rhu,Government,0,0,CITY OF CALOOCAN,CALOOCAN,BARANGAY 173,,0,1.5,0,
DOH000000000007530,BAGUMBONG HEALTH CENTER,Health Facility,Rural Health Unit,rhu,Government,0,0,CITY OF CALOOCAN,CALOOCAN,BARANGAY 171,,0,1.5,0,
DOH000000000040974,BAIRAN - TRAMMEL DIAGNOSTIC CENTER,Health Facility,Clinical Laboratory,clinic,Private,1,1,ERMITA,MANILA,BARANGAY 670,,0,1.5,0,Licensing Status:With License
DOH000000000049421,BAIRAN-TRAMMELL DIAGNOSTIC CENTER,Health Facility,Drug Testing Laboratory,laboratory,Private,1,1,ERMITA,MANILA,BARANGAY 670,Screening (Drug testing),0,1.0,0,Licensing Status:With License
DOH000000000008466,BALAGTAS HEALTH CENTER,Health Facility,Rural Health Unit,rhu,Government,0,1,CITY OF LAS PI?AS,LAS PINAS,PAMPLONA UNO,,0,1.5,0,Licensing Status:With License
DOH000000000054607,BALAI BANYUHAY: VALENZUELA CITY TREATMENT AND REHABILITATION CENTER FOR DRUG DEPENDENTS,Health Facility,Drug Abuse Treatment and Rehabilitation Centers,other,Government,0,1,CITY OF VALENZUELA,VALENZUELA,PUNTURIN,,0,1.0,0,Licensing Status:With License
DOH000000000005109,BALANGKAS 3S HEALTH CENTER,Health Facility,Rural Health Unit,rhu,Government,0,0,CITY OF VALENZUELA,VALENZUELA,BALANGKAS,,0,1.5,0,
DOH000000000041280,BALBIDO'S CLINICAL &AMP; X-RAY LABORATORY,Health Facility,Clinical Laboratory,clinic,Private,1,1,PASAY CITY,PASAY,BARANGAY 75,,0,1.5,0,Licensing Status:With License
DOH000000000041298,BALBIDO’S OB-GYNE AND ULTRASOUND CLINIC,Health Facility,Birthing Home,birthing,Private,1,1,CITY OF MAKATI,MAKATI,PALANAN,,0,1.5,1,Licensing Status:With License
DOH000000000003365,BALINGASA HEALTH CENTER,Health Facility,Rural Health Unit,rhu,Government,0,0,QUEZON CITY,QUEZON CITY,BALINGASA,Level 1,1,2.5,0,
DOH000000000007043,BALONG-BATO HEALTH CENTER,Health Facility,Rural Health Unit,rhu,Government,0,0,CITY OF SAN JUAN,SAN JUAN,BALONG-BATO,,0,1.5,0,
DOH000000000003487,BALUBAD HEALTH CENTER,Health Facility,Rural Health Unit,rhu,Government,0,1,CITY OF MARIKINA,MARIKINA,NANGKA,,0,1.5,0,Licensing Status:With License
DOH000000000008498,BALUBARAN BARANGAY HEALTH STATION,Health Facility,Barangay Health Station,bhs,Government,0,0,CITY OF VALENZUELA,VALENZUELA,MALINTA,,0,1.5,0,
DOH000000000036044,BALUBARAN LYING-IN CLINIC,Health Facility,Birthing Home,birthing,Government,0,1,CITY OF VALENZUELA,VALENZUELA,MALINTA,,0,1.5,2,Licensing Status:With License
DOH000000000008503,BAMBANG BARANGAY HEALTH STATION,Health Facility,Barangay Health Station,bhs,Government,0,0,CITY OF PASIG,PASIG,BAMBANG,,0,1.5,0,
DOH000000000008507,BAMBANG HEALTH CENTER,Health Facility,Rural Health Unit,rhu,Government,0,1,CITY OF TAGUIG,TAGUIG,BAMBANG,,0,1.5,0,Licensing Status:With License
DOH000000000001474,BANGCULASI HEALTH CENTER,Health Facility,Rural Health Unit,rhu,Government,0,0,CITY OF NAVOTAS,NAVOTAS,BANGCULASI,,0,1.5,0,
DOH000000000008510,BANGKAL HEALTH CENTER,Health Facility,Rural Health Unit,rhu,Government,0,0,CITY OF MAKATI,MAKATI,BANGKAL,,0,1.5,0,
DOH000000000040493,BANGKAL LYING-IN CLINIC,Health Facility,Birthing Home,birthing,Private,1,1,CITY OF MAKATI,MAKATI,BANGKAL,,0,1.5,3,Licensing Status:With License
DOH000000000040854,BANGKAL SATELLITE LABORATORY,Health Facility,Clinical Laboratory,clinic,Government,0,1,CITY OF MAKATI,MAKATI,BANGKAL,,0,1.5,0,Licensing Status:With License
DOH000000000007165,BANLAT HEALTH CENTER,Health Facility,Rural Health Unit,rhu,Government,0,0,QUEZON CITY,QUEZON CITY,TANDANG SORA,,0,1.5,0,
DOH000000000008558,BARANGAY 118/120 HEALTH CENTER,Health Facility,Rural Health Unit,rhu,Government,0,0,CITY OF CALOOCAN,CALOOCAN,BARANGAY 120,,0,1.5,0,
DOH000000000001834,BARANGAY 12 HEALTH CENTER,Health Facility,Rural Health Unit,rhu,Government,0,0,CITY OF CALOOCAN,CALOOCAN,BARANGAY 12,,0,1.5,0,
DOH000000000008562,BARANGAY 14 HEALTH CENTER,Health Facility,Rural Health Unit,rhu,Government,0,0,CITY OF CALOOCAN,CALOOCAN,BARANGAY 14,,0,1.5,0,
DOH000000000008568,BARANGAY 178-A HEALTH CENTER,Health Facility,Rural Health Unit,rhu,Government,0,0,CITY OF CALOOCAN,CALOOCAN,BARANGAY 178,,0,1.5,0,
DOH000000000008573,BARANGAY 178-B HEALTH CENTER,Health Facility,Rural Health Unit,rhu,Government,0,0,CITY OF CALOOCAN,CALOOCAN,BARANGAY 178,,0,1.5,0,
DOH000000000008575,BARANGAY 18 HEALTH CENTER,Health Facility,Rural Health Unit,rhu,Government,0,0,CITY OF CALOOCAN,CALOOCAN,BARANGAY 18,,0,1.5,0,
DOH000000000044209,BARANGAY 180 SATELLITE CENTER,Health Facility,Barangay Health Station,bhs,Government,0,0,CITY OF CALOOCAN,CALOOCAN,BARANGAY 180,,0,1.5,0,
DOH000000000044206,BARANGAY 27 SATELLITE CENTER,Health Facility,Barangay Health Station,bhs,Government,0,0,CITY OF CALOOCAN,CALOOCAN,BARANGAY 27,,0,1.5,0,
DOH000000000051650,BARANGAY AYALA ALABANG DIAGNOSTIC CENTER,Health Facility,Clinical Laboratory,clinic,Government,0,1,CITY OF MUNTINLUPA,MUNTINLUPA,NEW ALABANG VILLAGE,,0,1.5,0,Licensing Status:With License
DOH000000000002286,BARANGKA HEALTH CENTER,Health Facility,Rural Health Unit,rhu,Government,0,1,CITY OF MARIKINA,MARIKINA,BARANGKA,,0,1.5,0,Licensing Status:With License
DOH000000000004687,BARANGKA IBABA/ITAAS HEALTH CENTER,Health Facility,Rural Health Unit,rhu,Government,0,1,CITY OF MANDALUYONG,MANDALUYONG,BARANGKA IBABA,,0,1.5,0,Licensing Status:With License
DOH000000000000196,BARANGKA ILAYA HEALTH CENTER,Health Facility,Rural Health Unit,rhu,Government,0,0,CITY OF MANDALUYONG,MANDALUYONG,BARANGKA ILAYA,,0,1.5,0,
DOH000000000039256,"BARDON ULTRASOUND LABORATORY, ECG &AMP; X-RAY SERVICES",Health Facility,Clinical Laboratory,clinic,Private,1,1,CITY OF TAGUIG,TAGUIG,PEMBO,,0,1.5,0,Licensing Status:With License
DOH000000000006598,BARITAN HEALTH CENTER,Health Facility,Rural Health Unit,rhu,Government,0,0,CITY OF MALABON,MALABON,BARITAN,,0,1.5,0,
DOH000000000053926,BARRACKS HEALTH CENTER,Health Facility,Rural Health Unit,rhu,Government,0,0,CITY OF CALOOCAN,CALOOCAN,BARANGAY 188,,0,1.5,0,
DOH000000000027925,BARRACKS SATELLITE CENTER,Health Facility,Barangay Health Station,bhs,Government,0,0,CITY OF CALOOCAN,CALOOCAN,BARANGAY 186,,0,1.5,0,
DOH000000000002563,BASA HEALTH CENTER,Health Facility,Rural Health Unit,rhu,Government,0,1,CITY OF LAS PI?AS,LAS PINAS,ZAPOTE,,0,1.5,0,Licensing Status:With License
DOH000000000000826,BASECO HEALTH CENTER,Health Facility,Rural Health Unit,rhu,Government,0,1,PORT AREA,MANILA,BARANGAY 649,,0,1.5,0,Licensing Status:With License
DOH000000000052441,BATASAN ANIMAL BITE TREATMENT CENTER,Health Facility,Animal Bite Treatment Center,other,Government,0,0,QUEZON CITY,QUEZON CITY,BATASAN HILLS,,0,1.0,0,
DOH000000000004364,BATASAN HILLS ANNEX HEALTH CENTER,Health Facility,Rural Health Unit,rhu,Government,0,0,QUEZON CITY,QUEZON CITY,BATASAN HILLS,,0,1.5,0,
DOH000000000027873,BATASAN HILLS SOCIAL HYGIENE CLINIC,Health Facility,Social Hygiene Clinic,clinic,Government,0,0,QUEZON CITY,QUEZON CITY,BATASAN HILLS,,0,1.5,0,
DOH000000000005074,BATASAN HILLS SUPER HEALTH CENTE AND LYING IN CLINIC,Health Facility,Rural Health Unit,rhu,Government,0,0,QUEZON CITY,QUEZON CITY,BATASAN HILLS,,0,1.5,0,
DOH000000000040415,BATASAN LYING-IN CLINIC,Health Facility,Birthing Home,birthing,Government,0,1,QUEZON CITY,QUEZON CITY,BATASAN HILLS,,0,1.5,11,Licensing Status:With License
DOH000000000007339,BATIS HEALTH CENTER,Health Facility,Rural Health Unit,rhu,Government,0,0,CITY OF SAN JUAN,SAN JUAN,BATIS,,0,1.5,0,
DOH000000000007269,BAYAN-BAYANAN HEALTH CENTER,Health Facility,Rural Health Unit,rhu,Government,0,0,CITY OF MALABON,MALABON,BAYAN-BAYANAN,,0,1.5,0,
DOH000000000002370,BAYANAN HEALTH CENTER (ANNEX),Health Facility,Rural Health Unit,rhu,Government,0,0,CITY OF MUNTINLUPA,MUNTINLUPA,BAYANAN,,0,1.5,0,
DOH000000000003320,BAYANAN HEALTH CENTER (MAIN),Health Facility,Rural Health Unit,rhu,Government,0,0,CITY OF MUNTINLUPA,MUNTINLUPA,BAYANAN,,0,1.5,0,
DOH000000000040987,"BAYANAN MEDICAL CLINIC, X-RAY AND LABORATORY SERVICES",Health Facility,Clinical Laboratory,clinic,Private,1,1,CITY OF MUNTINLUPA,MUNTINLUPA,BAYANAN,,0,1.5,0,Licensing Status:With License
DOH000000000048145,BBMB LABORATORY AND DIAGNOSTIC CLINIC CORP.,Health Facility,Medical Facility for Overseas Workers & Seafarers,other,Private,1,1,ERMITA,MANILA,BARANGAY 666,,0,1.0,0,Licensing Status:With License
DOH000000000053020,BC FAMILY MEDICAL CORP,Health Facility,Clinical Laboratory,clinic,Private,1,1,CITY OF MUNTINLUPA,MUNTINLUPA,TUNASAN,,0,1.5,0,Licensing Status:With License
DOH000000000047137,BCC DIAGNOSTIC AND MEDICAL SERVICES CORPORATION,Health Facility,Clinical Laboratory,clinic,Private,1,1,CITY OF MANDALUYONG,MANDALUYONG,WACK-WACK GREENHILLS,,0,1.5,0,Licensing Status:With License
DOH000000000040670,BCJS LYING-IN CLINIC,Health Facility,Birthing Home,birthing,Private,1,1,CITY OF CALOOCAN,CALOOCAN,BARANGAY 17,,0,1.5,2,Licensing Status:With License
DOH000000000040501,BDR LYING-IN CLINIC,Health Facility,Birthing Home,birthing,Private,1,1,PASAY CITY,PASAY,BARANGAY 200,,0,1.5,2,Licensing Status:With License
DOH000000000045740,BE SAFE MD DIAGNOSTICS,Health Facility,Clinical Laboratory,clinic,Private,1,1,QUEZON CITY,QUEZON CITY,BAGUMBAYAN,,0,1.5,0,Licensing Status:With License
DOH000000000045297,"BELO MEDICAL GROUP, INC",Health Facility,Ambulatory Surgical Clinic,clinic,Private,1,1,CITY OF MAKATI,MAKATI,SAN LORENZO,,0,1.5,0,Licensing Status:With License
DOH000000000045368,"BELO MEDICAL GROUP, INC.",Health Facility,Ambulatory Surgical Clinic,clinic,Private,1,1,CITY OF MUNTINLUPA,MUNTINLUPA,ALABANG,,0,1.5,0,Licensing Status:With License
DOH000000000000429,"BERMUDEZ POLYMEDIC HOSPITAL, INC.",Health Facility,Hospital,hospital,Private,1,1,CITY OF CALOOCAN,CALOOCAN,BARANGAY 185,Level 1,1,2.5,20,Licensing Status:With License
DOH000000000005326,BERNABE HEALTH CENTER,Health Facility,Rural Health Unit,rhu,Government,0,0,CITY OF LAS PI?AS,LAS PINAS,PULANG LUPA UNO,,0,1.5,0,
DOH000000000005521,BERNARDINO GENERAL HOSPITAL I,Health Facility,Hospital,hospital,Private,1,1,QUEZON CITY,QUEZON CITY,SAN BARTOLOME,Level 2,2,3.0,80,Licensing Status:With License
DOH000000000000430,BERNARDINO GENERAL HOSPITAL II,Health Facility,Hospital,hospital,Private,1,1,QUEZON CITY,QUEZON CITY,KALIGAYAHAN,Level 1,1,2.5,35,Licensing Status:With License
DOH000000000000021,BERNARDO HEALTH CENTER,Health Facility,Rural Health Unit,rhu,Government,0,0,QUEZON CITY,QUEZON CITY,PINAGKAISAHAN,,0,1.5,0,
DOH000000000033696,BERNARDO SOCIAL HYGIENE CLINIC,Health Facility,Social Hygiene Clinic,clinic,Government,0,0,QUEZON CITY,QUEZON CITY,PINAGKAISAHAN,,0,1.5,0,
DOH000000000040523,BERNARDO'S MATERNITY &AMP; LYING-IN CLINIC,Health Facility,Birthing Home,birthing,Private,1,1,CITY OF CALOOCAN,CALOOCAN,BARANGAY 167,,0,1.5,2,Licensing Status:With License
DOH000000000051111,BEST DIAGNOSTIC CORP.,Health Facility,Medical Facility for Overseas Workers & Seafarers,other,Private,1,1,MALATE,MANILA,BARANGAY 701,,0,1.0,0,Licensing Status:With License
DOH000000000040129,BEST DIAGNOSTIC CORPORATION,Health Facility,COVID-19 Testing Laboratory,laboratory,Private,1,1,QUEZON CITY,QUEZON CITY,CENTRAL,,0,1.0,0,Licensing Status:With License
DOH000000000041293,BEST DIAGNOSTIC CORPORATION - PASAY,Health Facility,Clinical Laboratory,clinic,Private,1,1,PASAY CITY,PASAY,BARANGAY 183,,0,1.5,0,Licensing Status:With License
DOH000000000040846,BEST DIAGNOSTIC CORPORATION - QC,Health Facility,Clinical Laboratory,clinic,Private,1,1,QUEZON CITY,QUEZON CITY,PINYAHAN,,0,1.5,0,Licensing Status:With License
DOH000000000041642,BEST NEPHRO SPECIALIST CORPORATION,Health Facility,Dialysis Clinic,dialysis,Private,1,1,CITY OF LAS PI?AS,LAS PINAS,TALON DOS,,0,2.0,0,Licensing Status:With License
DOH000000000050191,BETHLEHEM BIRTHING HOME,Health Facility,Birthing Home,birthing,Private,1,1,CITY OF MALABON,MALABON,LONGOS,,0,1.5,4,Licensing Status:With License
DOH000000000041034,BETTER LIVING LABORATORY AND HEALTH SERVICES CO.,Health Facility,Clinical Laboratory,clinic,Private,1,1,CITY OF PARA?AQUE,PARANAQUE,DON BOSCO,,0,1.5,0,Licensing Status:With License
DOH000000000040704,BETTY GO BELMONTE LYING-IN CLINIC,Health Facility,Birthing Home,birthing,Government,0,1,QUEZON CITY,QUEZON CITY,HOLY SPIRIT,,0,1.5,12,Licensing Status:With License
DOH000000000005754,BETTY GO BELMONTE SUPER HEALTH CENTER AND LYING IN CLINIC,Health Facility,Rural Health Unit,rhu,Government,0,0,QUEZON CITY,QUEZON CITY,HOLY SPIRIT,,0,1.5,0,
DOH000000000004278,BF CARNIVAL HEALTH CENTER,Health Facility,Rural Health Unit,rhu,Government,0,0,CITY OF LAS PI?AS,LAS PINAS,TALON DOS,,0,1.5,0,
DOH000000000002076,BF HOMES HEALTH CENTER,Health Facility,Rural Health Unit,rhu,Government,0,0,CITY OF PARA?AQUE,PARANAQUE,B. F. HOMES,,0,1.5,0,
DOH000000000034534,"BH DRUGS AND ALCOHOL REHABILITATION FOUNDATION, INC.",Health Facility,Drug Abuse Treatment and Rehabilitation Centers,other,Private,1,1,CITY OF PARA?AQUE,PARANAQUE,B. F. HOMES,,0,1.0,48,Licensing Status:With License
DOH000000000040629,BICAS MEDICAL &AMP; LYING-IN CLINIC,Health Facility,Birthing Home,birthing,Private,1,1,CITY OF CALOOCAN,CALOOCAN,BARANGAY 172,,0,1.5,3,Licensing Status:With License
DOH000000000047681,BICUTAN CARE DIALYSIS CENTER,Health Facility,Dialysis Clinic,dialysis,Private,1,1,CITY OF PARA?AQUE,PARANAQUE,SUN VALLEY,,0,2.0,0,Licensing Status:With License
DOH000000000049426,BICUTAN DIAGNOSTIC LABORATORY CO.,Health Facility,Drug Testing Laboratory,laboratory,Private,1,1,CITY OF TAGUIG,TAGUIG,CENTRAL BICUTAN,Screening (Drug testing),0,1.0,0,Licensing Status:With License
DOH000000000041108,"BICUTAN DIAGNOSTIC LABORATORY, CO.",Health Facility,Clinical Laboratory,clinic,Private,1,1,CITY OF PARA?AQUE,PARANAQUE,DON BOSCO,,0,1.5,0,Licensing Status:With License
DOH000000000050189,"BICUTAN MEDICAL CENTER, INC.",Health Facility,Hospital,hospital,Private,1,1,CITY OF TAGUIG,TAGUIG,NEW LOWER BICUTAN,Level 2,2,3.0,100,Licensing Status:With License
DOH000000000043641,BIGNAY 3S,Health Facility,Rural Health Unit,rhu,Government,0,0,CITY OF VALENZUELA,VALENZUELA,BIGNAY,,0,1.5,0,
DOH000000000001949,BIGNAY MAIN HEALTH CENTER,Health Facility,Rural Health Unit,rhu,Government,0,0,CITY OF VALENZUELA,VALENZUELA,BIGNAY,,0,1.5,0,
DOH000000000040395,BIO-RAD DIAGNOSTIC CENTER,Health Facility,Clinical Laboratory,clinic,Private,1,1,QUEZON CITY,QUEZON CITY,NOVALICHES PROPER,,0,1.5,0,Licensing Status:With License
DOH000000000041062,BIO-SAVE DIAGNOSTIC CENTER,Health Facility,Clinical Laboratory,clinic,Private,1,1,PATEROS,PATEROS,POBLACION,,0,1.5,0,Licensing Status:With License
DOH000000000040745,BIOASSAY DIAGNOSTIC CENTER &AMP; MEDICAL CLINIC,Health Facility,Clinical Laboratory,clinic,Private,1,1,QUEZON CITY,QUEZON CITY,SANTA MONICA,,0,1.5,0,Licensing Status:With License
DOH000000000049427,BIOASSAY DIAGNOSTIC CENTER AND MEDICAL CLINIC,Health Facility,Drug Testing Laboratory,laboratory,Private,1,1,QUEZON CITY,QUEZON CITY,SANTA MONICA,Screening (Drug testing),0,1.0,0,Licensing Status:With License
DOH000000000039364,BIOCROSS DIAGNOSTIC CENTER INC.,Health Facility,Clinical Laboratory,clinic,Private,1,1,SANTA CRUZ,MANILA,BARANGAY 313,Level 2,2,3.0,0,Licensing Status:With License
DOH000000000043863,BIOGRAB MEDICAL LABORATORY,Health Facility,Clinical Laboratory,clinic,Private,1,1,CITY OF PARA?AQUE,PARANAQUE,DON BOSCO,,0,1.5,0,Licensing Status:With License
DOH000000000053021,BIOMEDCARE MEDICAL AND DIAGNOSTIC CENTER,Health Facility,Clinical Laboratory,clinic,Private,1,1,CITY OF VALENZUELA,VALENZUELA,MALINTA,,0,1.5,0,Licensing Status:With License
DOH000000000039610,BIOPATH CLINICAL DIAGNOSTICS INC. (E. RODRIGUEZ) (CARTRIDGE - BASED PCR),Health Facility,COVID-19 Testing Laboratory,laboratory,Private,1,1,QUEZON CITY,QUEZON CITY,DAMAYANG LAGI,,0,1.0,0,Licensing Status:With License
DOH000000000039593,BIOPATH CLINICAL DIAGNOSTICS INC. (E. RODRIGUEZ) (RT-PCR),Health Facility,COVID-19 Testing Laboratory,laboratory,Private,1,1,QUEZON CITY,QUEZON CITY,DAMAYANG LAGI,,0,1.0,0,Licensing Status:With License
DOH000000000050808,"BIOPATH CLINICAL DIAGNOSTICS, INC.",Health Facility,Clinical Laboratory for Molecular Pathology,clinic,Private,1,1,QUEZON CITY,QUEZON CITY,DAMAYANG LAGI,,0,1.5,0,Licensing Status:With License
DOH000000000049428,BIOQUEST DIAGNOSTIC LABORATORY,Health Facility,Drug Testing Laboratory,laboratory,Private,1,1,QUEZON CITY,QUEZON CITY,BAGONG LIPUNAN NG CRAME,Screening (Drug testing),0,1.0,0,Licensing Status:With License
DOH000000000040749,BIOQUEST DIAGNOSTIC LABORATORY MEDICAL LABORATORY AND DENTAL SUPPLIES - MAIN,Health Facility,Clinical Laboratory,clinic,Private,1,1,QUEZON CITY,QUEZON CITY,BAGONG LIPUNAN NG CRAME,,0,1.5,0,Licensing Status:With License
DOH000000000039159,BIOSCAN CLINICAL LABORATORY - CALOOCAN,Health Facility,Clinical Laboratory,clinic,Private,1,1,CITY OF CALOOCAN,CALOOCAN,BARANGAY 51,Level 2,2,3.0,0,Licensing Status:With License
DOH000000000053023,BIOSCAN CLINICAL LABORATORY - MALABON,Health Facility,Clinical Laboratory,clinic,Private,1,1,CITY OF MALABON,MALABON,POTRERO,,0,1.5,0,Licensing Status:With License
DOH000000000040945,BIOSCAN CLINICAL LABORATORY - VALENZUELA,Health Facility,Clinical Laboratory,clinic,Private,1,1,CITY OF VALENZUELA,VALENZUELA,KARUHATAN,,0,1.5,0,Licensing Status:With License
DOH000000000039365,BIOSCOPIC DIAGNOSTIC LABORATORY,Health Facility,Clinical Laboratory,clinic,Private,1,1,SAMPALOC,MANILA,BARANGAY 623,Level 2,2,3.0,0,Licensing Status:With License
DOH000000000039366,BIOSCOPIC DIAGNOSTIC LABORATORY - BRANCH,Health Facility,Clinical Laboratory,clinic,Private,1,1,SAMPALOC,MANILA,BARANGAY 610,Level 1,1,2.5,0,Licensing Status:With License
DOH000000000040863,BIRHEN DELA SALUD MEDICAL AND DIAGNOSTIC CLINIC,Health Facility,Clinical Laboratory,clinic,Private,1,1,QUEZON CITY,QUEZON CITY,TANDANG SORA,,0,1.5,0,Licensing Status:With License
DOH000000000050183,BIRTH BLESSED MATERNITY CLINIC,Health Facility,Birthing Home,birthing,Private,1,1,QUEZON CITY,QUEZON CITY,PANSOL,,0,1.5,4,Licensing Status:With License
DOH000000000040706,BIRTHMD BIRTHING CENTER,Health Facility,Birthing Home,birthing,Private,1,1,QUEZON CITY,QUEZON CITY,GREATER LAGRO,,0,1.5,2,Licensing Status:With License
DOH000000000008740,BISIG HEALTH CENTER,Health Facility,Rural Health Unit,rhu,Government,0,0,CITY OF VALENZUELA,VALENZUELA,BISIG,,0,1.5,0,
DOH000000000008753,BITIK BARANGAY HEALTH STATION,Health Facility,Barangay Health Station,bhs,Government,0,0,CITY OF VALENZUELA,VALENZUELA,GEN. T. DE LEON,,0,1.5,0,
DOH000000000040648,BLESSED ANGEL BIRTHING HOME,Health Facility,Birthing Home,birthing,Private,1,1,CITY OF CALOOCAN,CALOOCAN,BARANGAY 188,,0,1.5,2,Licensing Status:With License
DOH000000000040603,BLESSED HANDS LYNG-IN CLINIC,Health Facility,Birthing Home,birthing,Private,1,1,CITY OF CALOOCAN,CALOOCAN,BARANGAY 175,,0,1.5,1,Licensing Status:With License
DOH000000000039359,"BLESSED HEART DIAGNOSTIC AND MULTI SPECIALTY CLINIC, INC.",Health Facility,Clinical Laboratory,clinic,Private,1,1,ERMITA,MANILA,BARANGAY 660-A,Level 1,1,2.5,0,Licensing Status:With License
DOH000000000049429,BLESSED HEART DIAGNOSTICS AND MULTI SPECIALTY CLINIC INC.,Health Facility,Drug Testing Laboratory,laboratory,Private,1,1,MALATE,MANILA,BARANGAY 696,Screening (Drug testing),0,1.0,0,Licensing Status:With License
DOH000000000051050,BLISSFULBIRTHS BIRTHING CENTER,Health Facility,Birthing Home,birthing,Private,1,1,CITY OF CALOOCAN,CALOOCAN,BARANGAY 168,,0,1.5,3,Licensing Status:With License
DOH000000000008760,BLOCK 37 HEALTH CENTER,Health Facility,Rural Health Unit,rhu,Government,0,0,CITY OF MANDALUYONG,MANDALUYONG,ADDITION HILLS,,0,1.5,0,
DOH000000000008782,BLOCK 38 (WELFAREVILLE) HEALTH CENTER,Health Facility,Rural Health Unit,rhu,Government,0,0,CITY OF MANDALUYONG,MANDALUYONG,ADDITION HILLS,,0,1.5,0,
DOH000000000025822,BLOCK 39 (WELFAREVILLE) HEALTH CENTER,Health Facility,Rural Health Unit,rhu,Government,0,0,CITY OF MANDALUYONG,MANDALUYONG,ADDITION HILLS,,0,1.5,0,
DOH000000000040735,BLOODWORKS LAB INC.,Health Facility,Clinical Laboratory,clinic,Private,1,1,QUEZON CITY,QUEZON CITY,LOYOLA HEIGHTS,,0,1.5,0,Licensing Status:With License
DOH000000000053019,BLOOMLIFE MATERNITY CLINIC,Health Facility,Birthing Home,birthing,Government,0,1,CITY OF MARIKINA,MARIKINA,MALANDAY,,0,1.5,4,Licensing Status:With License
DOH000000000041000,BLUE JADE KLINIKA AT LABORATORYO,Health Facility,Clinical Laboratory,clinic,Private,1,1,PANDACAN,MANILA,BARANGAY 843,,0,1.5,0,Licensing Status:With License
DOH000000000049430,BMCI DIAGNOSTIC CLINIC,Health Facility,Drug Testing Laboratory,laboratory,Private,1,1,QUEZON CITY,QUEZON CITY,UGONG NORTE,Screening (Drug testing),0,1.0,0,Licensing Status:With License
DOH000000000003288,BO. FUGOSO HEALTH CENTER,Health Facility,Rural Health Unit,rhu,Government,0,1,TONDO I/II,MANILA,BARANGAY 28,,0,1.5,0,Licensing Status:With License
DOH000000000006106,BO. MAGSAYSAY HEALTH CENTER,Health Facility,Rural Health Unit,rhu,Government,0,1,TONDO I/II,MANILA,BARANGAY 85,,0,1.5,0,Licensing Status:With License
DOH000000000005236,BO. OBRERO HEALTH CENTER,Health Facility,Rural Health Unit,rhu,Government,0,1,TONDO I/II,MANILA,BARANGAY 199,,0,1.5,0,Licensing Status:With License
DOH000000000002317,BO. SAN JOSE HEALTH CENTER,Health Facility,Rural Health Unit,rhu,Government,0,0,CITY OF CALOOCAN,CALOOCAN,BARANGAY 187,,0,1.5,0,
DOH000000000054156,BONGO-BERNALES LYING-IN &AMP; MATERNITY LINIC,Health Facility,Birthing Home,birthing,Private,1,1,QUEZON CITY,QUEZON CITY,SAUYO,,0,1.5,3,Licensing Status:With License
DOH000000000040718,BONGO-BERNALES LYING-IN CLINIC,Health Facility,Birthing Home,birthing,Private,1,1,CITY OF CALOOCAN,CALOOCAN,BARANGAY 167,,0,1.5,1,Licensing Status:With License
DOH000000000051652,BOROUGH MEDICAL CARE INSTITUTE INCORPORATED,Health Facility,Clinical Laboratory,clinic,Private,1,1,CITY OF PARA?AQUE,PARANAQUE,SAN ANTONIO,,0,1.5,0,Licensing Status:With License
DOH000000000046408,BOROUGH MEDICAL CLINIC,Health Facility,Ambulatory Surgical Clinic,clinic,Private,1,1,PASAY CITY,PASAY,BARANGAY 76,,0,1.5,0,Licensing Status:With License
DOH000000000047465,BOYER ENVIRONMENTAL WATER TESTING LABORATORY,Health Facility,Laboratory for Drinking Water Analysis,laboratory,Private,1,1,CITY OF PARA?AQUE,PARANAQUE,SAN ANTONIO,,0,1.0,0,Licensing Status:With License
DOH000000000049432,BRAIN MASTER DIAGNOSTIC CENTER,Health Facility,Drug Testing Laboratory,laboratory,Private,1,1,QUEZON CITY,QUEZON CITY,IMMACULATE CONCEPCION,Screening (Drug testing),0,1.0,0,Licensing Status:With License
DOH000000000053025,BREEZE MEDICAL SERVICES,Health Facility,Clinical Laboratory,clinic,Private,1,1,CITY OF MARIKINA,MARIKINA,CONCEPCION UNO,,0,1.5,0,Licensing Status:With License
DOH000000000042069,BRIDGES DIALYSIS CENTER OF ASIA AND THE PACIFIC,Health Facility,Dialysis Clinic,dialysis,Private,1,1,CITY OF CALOOCAN,CALOOCAN,BARANGAY 187,,0,2.0,0,Licensing Status:With License
DOH000000000041711,BRIDGES DIALYSIS CENTER OF ASIA AND THE PACIFIC,Health Facility,Dialysis Clinic,dialysis,Private,1,1,CITY OF PARA?AQUE,PARANAQUE,SAN DIONISIO,,0,2.0,0,Licensing Status:With License
DOH000000000034535,"BRIDGES OF HOPE (Q.C.), INC.",Health Facility,Drug Abuse Treatment and Rehabilitation Centers,other,Private,1,1,QUEZON CITY,QUEZON CITY,BAGONG LIPUNAN NG CRAME,,0,1.0,20,Licensing Status:With License
DOH000000000051410,"BRILLIANT MEDICAL GROUP, OPC",Health Facility,Ambulatory Surgical Clinic,clinic,Private,1,1,QUEZON CITY,QUEZON CITY,SACRED HEART,,0,1.5,0,Licensing Status:With License
DOH000000000033931,BRIXTON HEALTH CENTER,Health Facility,Rural Health Unit,rhu,Government,0,0,CITY OF CALOOCAN,CALOOCAN,BARANGAY 175,,0,1.5,0,
DOH000000000040780,BROCKTON CORPORATION,Health Facility,Dialysis Clinic,dialysis,Private,1,1,QUEZON CITY,QUEZON CITY,PASONG TAMO,,0,2.0,0,Licensing Status:With License
DOH000000000053026,BT DIAGNOSTIC CLINIC,Health Facility,Clinical Laboratory,clinic,Private,1,1,CITY OF CALOOCAN,CALOOCAN,BARANGAY 103,,0,1.5,0,Licensing Status:With License
DOH000000000040929,BTVWW II - OUTPATIENT CENTER,Health Facility,Clinical Laboratory,clinic,Private,1,1,CITY OF TAGUIG,TAGUIG,WESTERN BICUTAN,,0,1.5,0,Licensing Status:With License
DOH000000000004688,BUAYANG BATO HEALTH CENTER,Health Facility,Rural Health Unit,rhu,Government,0,0,CITY OF MANDALUYONG,MANDALUYONG,BUAYANG BATO,,0,1.5,0,
DOH000000000044415,"BUDDHIST TZU CHI MEDICAL  FOUNDATION PHILIPPINES, INC.",Health Facility,Ambulatory Surgical Clinic,clinic,Private,1,1,SANTA ANA,MANILA,BARANGAY 896,,0,1.5,0,Licensing Status:With License
DOH000000000027884,BUHAY MAHALAGA HEALTH CENTER,Health Facility,Rural Health Unit,rhu,Government,0,1,SANTA ANA,MANILA,BARANGAY 776,,0,1.5,0,Licensing Status:With License
DOH000000000003163,BULI HEALTH CENTER,Health Facility,Rural Health Unit,rhu,Government,0,0,CITY OF MUNTINLUPA,MUNTINLUPA,BULI,,0,1.5,0,
DOH000000000052464,BUREAU OF QUARANTINE,Health Facility,Laboratory for Drinking Water Analysis,laboratory,Government,0,1,PORT AREA,MANILA,BARANGAY 650,,0,1.0,0,Licensing Status:With License
DOH000000000052084,BUREAU VERITAS SA,Health Related Facility,Certifying Organization,other,Private,1,1,CITY OF MAKATI,MAKATI,BEL-AIR,Quality Standards Systems of MFOWS,0,1.0,0,Licensing Status:With License
DOH000000000001691,BUTING HEALTH CENTER,Health Facility,Rural Health Unit,rhu,Government,0,1,CITY OF PASIG,PASIG,BUTING,,0,1.5,0,Licensing Status:With License
DOH000000000040805,"C FAMILY CARE LAGRO,INC.",Health Facility,Clinical Laboratory,clinic,Private,1,1,QUEZON CITY,QUEZON CITY,NOVALICHES PROPER,,0,1.5,0,Licensing Status:With License
DOH000000000049433,C FAMILYCARE LAGRO,Health Facility,Drug Testing Laboratory,laboratory,Private,1,1,QUEZON CITY,QUEZON CITY,PASONG PUTIK PROPER,Screening (Drug testing),0,1.0,0,Licensing Status:With License
DOH000000000040556,C. FADEROG MATERNITY CLINIC,Health Facility,Birthing Home,birthing,Private,1,1,CITY OF TAGUIG,TAGUIG,NEW LOWER BICUTAN,,0,1.5,4,Licensing Status:With License
DOH000000000039704,C.E.T. CARE MEDICAL AND DIAGNOSTIC CENTER,Health Facility,Clinical Laboratory,clinic,Private,1,1,CITY OF CALOOCAN,CALOOCAN,BARANGAY 169,Level 2,2,3.0,0,Licensing Status:With License
DOH000000000033171,C.M. VALENCIA BIRTHING HOMES,Health Facility,Birthing Home,birthing,Private,1,1,CITY OF CALOOCAN,CALOOCAN,BARANGAY 176-A,,0,1.5,2,Licensing Status:With License
DOH000000000041059,C.P. AVILA POLYCLINIC &AMP; DIAGNOSTIC CENTER,Health Facility,Clinical Laboratory,clinic,Private,1,1,PATEROS,PATEROS,AGUHO,,0,1.5,0,Licensing Status:With License
DOH000000000040414,C.S.V MATERNITY &AMP; LYING-IN CLINIC,Health Facility,Birthing Home,birthing,Private,1,1,QUEZON CITY,QUEZON CITY,TALIPAPA,,0,1.5,4,Licensing Status:With License
DOH000000000040399,C.T. RIVADELO BIRTHING HOME,Health Facility,Birthing Home,birthing,Private,1,1,CITY OF MUNTINLUPA,MUNTINLUPA,PUTATAN,,0,1.5,0,Licensing Status:With License
DOH000000000040921,C21 DIAGNOSTIC LABORATORY,Health Facility,Clinical Laboratory,clinic,Private,1,1,CITY OF TAGUIG,TAGUIG,TUKTUKAN,,0,1.5,0,Licensing Status:With License
DOH000000000040910,CA MEDICAL LABORATORY,Health Facility,Clinical Laboratory,clinic,Private,1,1,CITY OF TAGUIG,TAGUIG,NORTH SIGNAL VILLAGE,,0,1.5,0,Licensing Status:With License
DOH000000000004711,CAA-A HEALTH CENTER,Health Facility,Rural Health Unit,rhu,Government,0,0,CITY OF LAS PI?AS,LAS PINAS,B. F. INTERNATIONAL VILLAGE,,0,1.5,0,
DOH000000000006109,CAA-B HEALTH CENTER,Health Facility,Rural Health Unit,rhu,Government,0,0,CITY OF LAS PI?AS,LAS PINAS,B. F. INTERNATIONAL VILLAGE,,0,1.5,0,
DOH000000000004977,CAA-C HEALTH CENTER,Health Facility,Rural Health Unit,rhu,Government,0,0,CITY OF LAS PI?AS,LAS PINAS,B. F. INTERNATIONAL VILLAGE,,0,1.5,0,
DOH000000000025815,CAA-D HEALTH CENTER,Health Facility,Rural Health Unit,rhu,Government,0,1,CITY OF LAS PI?AS,LAS PINAS,B. F. INTERNATIONAL VILLAGE,,0,1.5,0,Licensing Status:With License
DOH000000000038002,"CABARLES MATERNITY (LYING-IN), MEDICAL AND CHILDREN'S CLINIC",Health Facility,Infirmary,infirmary,Private,1,1,QUEZON CITY,QUEZON CITY,SAN AGUSTIN,,0,2.5,9,Licensing Status:With License
DOH000000000040400,CACTUS LYING-IN &AMP; FAMILY PLANNING CLINIC,Health Facility,Birthing Home,birthing,Private,1,1,CITY OF TAGUIG,TAGUIG,PINAGSAMA,,0,1.5,2,Licensing Status:With License
DOH000000000005172,CALAANAN HEALTH CENTER,Health Facility,Rural Health Unit,rhu,Government,0,0,CITY OF CALOOCAN,CALOOCAN,BARANGAY 57,,0,1.5,0,
DOH000000000043211,CALABARZON CENTER FOR HEALTH DEVELOPMENT,Health Related Facility,Center for Health Development,other,Government,0,0,QUEZON CITY,QUEZON CITY,ESCOPA IV,,0,1.0,0,
DOH000000000000832,CALABASH HEALTH CENTER,Health Facility,Rural Health Unit,rhu,Government,0,1,SAMPALOC,MANILA,BARANGAY 534,,0,1.5,0,Licensing Status:With License
DOH000000000003765,CALALANG GENERAL HOSPITAL,Health Facility,Hospital,hospital,Private,1,1,CITY OF VALENZUELA,VALENZUELA,MARULAS,Level 1,1,2.5,24,Licensing Status:With License
DOH000000000003790,CALLEJO MEDICAL CLINIC,Health Facility,Infirmary,infirmary,Private,1,1,CITY OF LAS PI?AS,LAS PINAS,TALON UNO,,0,2.5,10,Licensing Status:With License
DOH000000000022485,CALOOCAN CITY HEALTH DEPARTMENT,Health Facility,City Health Office,other,Government,0,0,CITY OF CALOOCAN,CALOOCAN,BARANGAY 103,,0,1.0,0,
DOH000000000000719,CALOOCAN CITY MEDICAL CENTER,Health Facility,Hospital,hospital,Government,0,1,CITY OF CALOOCAN,CALOOCAN,BARANGAY 15,Level 1,1,2.5,82,Licensing Status:With License
DOH000000000034482,CALOOCAN CITY NORTH MEDICAL CENTER,Health Facility,Hospital,hospital,Government,0,1,CITY OF CALOOCAN,CALOOCAN,BARANGAY 177,Level 1,1,2.5,50,Licensing Status:With License
DOH000000000033703,CALOOCAN SOCIAL HYGIENE CLINIC,Health Facility,Social Hygiene Clinic,clinic,Government,0,0,CITY OF CALOOCAN,CALOOCAN,BARANGAY 16,,0,1.5,0,
DOH000000000002427,CALUMPANG HEALTH CENTER,Health Facility,Rural Health Unit,rhu,Government,0,1,CITY OF MARIKINA,MARIKINA,CALUMPANG,,0,1.5,0,Licensing Status:With License
DOH000000000003382,CALZADA HEALTH CENTER,Health Facility,Rural Health Unit,rhu,Government,0,1,CITY OF TAGUIG,TAGUIG,CALZADA,,0,1.5,0,Licensing Status:With License
DOH000000000008968,CAMARIN 174 HEALTH CENTER,Health Facility,Rural Health Unit,rhu,Government,0,0,CITY OF CALOOCAN,CALOOCAN,BARANGAY 174,,0,1.5,0,
DOH000000000002016,CAMARIN 175 HEALTH CENTER,Health Facility,Rural Health Unit,rhu,Government,0,0,CITY OF CALOOCAN,CALOOCAN,BARANGAY 175,,0,1.5,0,
DOH000000000045845,CAMARIN DOCTORS HOSPITAL,Health Facility,Hospital,hospital,Private,1,1,CITY OF CALOOCAN,CALOOCAN,BARANGAY 172,Level 2,2,3.0,105,Licensing Status:With License
DOH000000000053927,CAMARIN RESIDENCE 175 HEALTH CENTER,Health Facility,Rural Health Unit,rhu,Government,0,0,CITY OF CALOOCAN,CALOOCAN,BARANGAY 175,,0,1.5,0,
DOH000000000043154,CAMILLUS DOCTORS MEDICAL LAB AND LYING-IN INC.,Health Facility,Birthing Home,birthing,Private,1,1,QUEZON CITY,QUEZON CITY,SAN ANTONIO,,0,1.5,2,Licensing Status:With License
DOH000000000003467,CAMP GENERAL EMILIO AGUINALDO STATION HOSPITAL,Health Facility,Infirmary,infirmary,Government,0,1,QUEZON CITY,QUEZON CITY,CAMP AGUINALDO,,0,2.5,25,Licensing Status:With License
DOH000000000001478,CANIOGAN HEALTH CENTER,Health Facility,Rural Health Unit,rhu,Government,0,1,CITY OF PASIG,PASIG,CANIOGAN,,0,1.5,0,Licensing Status:With License
DOH000000000002733,CANUMAY EAST 3S HEALTH CENTER,Health Facility,Rural Health Unit,rhu,Government,0,1,CITY OF VALENZUELA,VALENZUELA,CANUMAY WEST,,0,1.5,0,Licensing Status:With License
DOH000000000037095,CANUMAY EAST LIBIS HEALTH STATION,Health Facility,Barangay Health Station,bhs,Government,0,0,CITY OF VALENZUELA,VALENZUELA,CANUMAY EAST,,0,1.5,0,
DOH000000000000838,CANUMAY WEST 3S HEALTH CENTER,Health Facility,Rural Health Unit,rhu,Government,0,1,CITY OF VALENZUELA,VALENZUELA,CANUMAY WEST,,0,1.5,0,Licensing Status:With License
DOH000000000041630,CAPITOL MEDICAL CENTER,Health Facility,Dialysis Clinic,dialysis,Private,1,1,QUEZON CITY,QUEZON CITY,PALIGSAHAN,,0,2.0,0,Licensing Status:With License
DOH000000000004515,"CAPITOL MEDICAL CENTER, INC.",Health Facility,Hospital,hospital,Private,1,1,QUEZON CITY,QUEZON CITY,PALIGSAHAN,Level 3,3,4.0,200,Licensing Status:With License
DOH000000000007270,CAPRI HEALTH CENTER,Health Facility,Rural Health Unit,rhu,Government,0,0,QUEZON CITY,QUEZON CITY,CAPRI,,0,1.5,0,
DOH000000000054897,CARAMAY DIALYSIS AND MULTISPECIALTY CENTER,Health Facility,Dialysis Clinic,dialysis,Private,1,1,CITY OF CALOOCAN,CALOOCAN,BARANGAY 179,,0,2.0,0,Licensing Status:With License
DOH000000000041667,CARDINAL SANTOS KIDNEY CARE CENTER,Health Facility,Dialysis Clinic,dialysis,Private,1,1,CITY OF MANDALUYONG,MANDALUYONG,PLEASANT HILLS,,0,2.0,0,Licensing Status:With License
DOH000000000001919,CARDINAL SANTOS MEDICAL CENTER,Health Facility,Hospital,hospital,Private,1,1,CITY OF SAN JUAN,SAN JUAN,GREENHILLS,Level 3,3,4.0,297,Licensing Status:With License
DOH000000000040109,CARDINAL SANTOS MEDICAL CENTER (CARTRIDGE - BASED PCR),Health Facility,COVID-19 Testing Laboratory,laboratory,Private,1,1,CITY OF SAN JUAN,SAN JUAN,GREENHILLS,,0,1.0,0,Licensing Status:With License
DOH000000000039561,CARDINAL SANTOS MEDICAL CENTER (RT-PCR),Health Facility,COVID-19 Testing Laboratory,laboratory,Private,1,1,CITY OF SAN JUAN,SAN JUAN,GREENHILLS,,0,1.0,0,Licensing Status:With License
DOH000000000053050,CARE FORCE CENTER INC.,Health Facility,Clinical Laboratory,clinic,Private,1,1,CITY OF MARIKINA,MARIKINA,SANTO NI?O,,0,1.5,0,Licensing Status:With License
DOH000000000045374,CARE+CENTER,Health Facility,Ambulatory Surgical Clinic,clinic,Private,1,1,CITY OF MUNTINLUPA,MUNTINLUPA,ALABANG,,0,1.5,0,Licensing Status:With License
DOH000000000044396,CARE+CENTER,Health Facility,Ambulatory Surgical Clinic,clinic,Private,1,1,QUEZON CITY,QUEZON CITY,SOCORRO,,0,1.5,0,Licensing Status:With License
DOH000000000054689,CAREFIRST DIALYSIS CENTER,Health Facility,Dialysis Clinic,dialysis,Private,1,1,CITY OF MUNTINLUPA,MUNTINLUPA,TUNASAN,,0,2.0,0,Licensing Status:With License
DOH000000000043264,CAREPOINT MEDICAL DIAGNOSTIC AND WELLNESS CLINIC,Health Facility,Medical Facility for Overseas Workers & Seafarers,other,Private,1,1,ERMITA,MANILA,BARANGAY 666,,0,1.0,0,Licensing Status:With License
DOH000000000049437,"CAREPOINT MEDICAL, DIAGNOSTIC AND WELLNESS CLINIC",Health Facility,Drug Testing Laboratory,laboratory,Private,1,1,ERMITA,MANILA,BARANGAY 666,Screening (Drug testing),0,1.0,0,Licensing Status:With License
DOH000000000052118,CAREVIEW CORPORATION,Health Facility,Cancer Treatment Facility,other,Private,1,1,CITY OF TAGUIG,TAGUIG,FORT BONIFACIO,,0,2.0,0,Licensing Status:With License
DOH000000000041631,CAREWINDS DIALYSIS CENTER CORPORATION,Health Facility,Dialysis Clinic,dialysis,Private,1,1,QUEZON CITY,QUEZON CITY,SOUTH TRIANGLE,,0,2.0,0,Licensing Status:With License
DOH000000000054763,CAREWISE DIAGNOSTIC LABORATORY,Health Facility,Clinical Laboratory,clinic,Private,1,1,CITY OF VALENZUELA,VALENZUELA,DALANDANAN,,0,1.5,0,Licensing Status:With License
DOH000000000000809,CARMONA HEALTH CENTER,Health Facility,Rural Health Unit,rhu,Government,0,0,CITY OF MAKATI,MAKATI,CARMONA,,0,1.5,0,
DOH000000000044426,"CASA MEDICA, INC.",Health Facility,Ambulatory Surgical Clinic,clinic,Private,1,1,CITY OF LAS PI?AS,LAS PINAS,ALMANZA UNO,,0,1.5,0,Licensing Status:With License
DOH000000000049438,"CASA MEDICA, INCORPORATED",Health Facility,Drug Testing Laboratory,laboratory,Private,1,1,CITY OF LAS PI?AS,LAS PINAS,ALMANZA UNO,Screening (Drug testing),0,1.0,0,Licensing Status:With License
DOH000000000040505,CATHEDRAL DIAGNOSTIC LABORATORY,Health Facility,Clinical Laboratory,clinic,Private,1,1,QUEZON CITY,QUEZON CITY,FAIRVIEW,,0,1.5,0,Licensing Status:With License
DOH000000000007282,CATMON SUPER HEALTH CENTER,Health Facility,Rural Health Unit,rhu,Government,0,0,CITY OF MALABON,MALABON,CATMON,,0,1.5,0,
DOH000000000040496,CATTLEYA LYING-IN CLINIC,Health Facility,Birthing Home,birthing,Private,1,1,CITY OF TAGUIG,TAGUIG,RIZAL,,0,1.5,4,Licensing Status:With License
DOH000000000044188,CAYBIGA SATELLITE CENTER,Health Facility,Barangay Health Station,bhs,Government,0,0,CITY OF CALOOCAN,CALOOCAN,BARANGAY 166,,0,1.5,0,
DOH000000000050476,CB MEDICAL SERVICE CENTER CORPORATION,Health Facility,Dialysis Clinic,dialysis,Private,1,1,CITY OF MALABON,MALABON,SAN AGUSTIN,,0,2.0,0,Licensing Status:With License
DOH000000000048149,CBZ MEDICAL CLINIC,Health Facility,Medical Facility for Overseas Workers & Seafarers,other,Private,1,1,MALATE,MANILA,BARANGAY 695,,0,1.0,0,Licensing Status:With License
DOH000000000049440,CBZ MEDICAL CLINIC &AMP; DRUG TESTING CENTER,Health Facility,Drug Testing Laboratory,laboratory,Private,1,1,ERMITA,MANILA,BARANGAY 670,Screening (Drug testing),0,1.0,0,Licensing Status:With License
DOH000000000051381,CCLC MEDICAL CLINIC,Health Facility,Birthing Home,birthing,Private,1,1,CITY OF CALOOCAN,CALOOCAN,BARANGAY 171,,0,1.5,2,Licensing Status:With License
DOH000000000039225,CCM CLINICAL LABORATORY &AMP; DIAGNOSTIC CENTER,Health Facility,Clinical Laboratory,clinic,Private,1,1,CITY OF LAS PI?AS,LAS PINAS,ALMANZA UNO,,0,1.5,0,Licensing Status:With License
DOH000000000049441,CCM CLINICAL LABORATORY AND DIAGNOSTIC CENTER,Health Facility,Drug Testing Laboratory,laboratory,Private,1,1,CITY OF LAS PI?AS,LAS PINAS,ALMANZA UNO,Screening (Drug testing),0,1.0,0,Licensing Status:With License
DOH000000000040555,CECILIA GUEVARRA MATERNITY CLINIC,Health Facility,Birthing Home,birthing,Private,1,1,CITY OF NAVOTAS,NAVOTAS,DAANGHARI,,0,1.5,2,Licensing Status:With License
DOH000000000040662,CELZA88 LYING-IN CLINIC,Health Facility,Birthing Home,birthing,Private,1,1,CITY OF TAGUIG,TAGUIG,UPPER BICUTAN,,0,1.5,2,Licensing Status:With License
DOH000000000009050,CEMBO HEALTH CENTER,Health Facility,Rural Health Unit,rhu,Government,0,0,CITY OF TAGUIG,TAGUIG,CEMBO,,0,1.5,0,
DOH000000000052680,CENTER FOR ADVANCED AESTHETICS,Health Facility,Ambulatory Surgical Clinic,clinic,Private,1,1,QUEZON CITY,QUEZON CITY,TEACHERS VILLAGE WEST,,0,1.5,0,Licensing Status:With License
DOH000000000000701,"CENTER FOR DIALYSIS, HEALTHY LIFESTYLE, AMBULATORY SURGERY, MATERNITY CLINIC AND NEWBORN CARE OF PASIG CITY (CHAMP)",Health Facility,Rural Health Unit,rhu,Government,0,1,CITY OF PASIG,PASIG,SAN NICOLAS (POB.),,0,1.5,0,Licensing Status:With License
DOH000000000049442,"CENTER FOR HEALTH SERVICES, INC. (CHSI)",Health Facility,Drug Testing Laboratory,laboratory,Private,1,1,CITY OF PASIG,PASIG,SAN ANTONIO,Screening (Drug testing),0,1.0,0,Licensing Status:With License
DOH000000000039323,"CENTER FOR HEALTH SERVICES, INC. - MANDALUYONG",Health Facility,Clinical Laboratory,clinic,Private,1,1,CITY OF MANDALUYONG,MANDALUYONG,WACK-WACK GREENHILLS,Level 2,2,3.0,0,Licensing Status:With License
DOH000000000041019,"CENTER FOR HEALTH SERVICES, INC. - PASIG",Health Facility,Clinical Laboratory,clinic,Private,1,1,CITY OF PASIG,PASIG,SAN ANTONIO,,0,1.5,0,Licensing Status:With License
DOH000000000048150,"CENTERPORT MEDICAL SERVICES, INC.",Health Facility,Medical Facility for Overseas Workers & Seafarers,other,Private,1,1,ERMITA,MANILA,BARANGAY 667,,0,1.0,0,Licensing Status:With License
DOH000000000009483,CENTRAL BICUTAN HEALTH CENTER DPWH,Health Facility,Rural Health Unit,rhu,Government,0,0,CITY OF TAGUIG,TAGUIG,CENTRAL BICUTAN,,0,1.5,0,
DOH000000000004530,CENTRAL BICUTAN HEALTH CENTER OSANO,Health Facility,Rural Health Unit,rhu,Government,0,0,CITY OF TAGUIG,TAGUIG,CENTRAL BICUTAN,,0,1.5,0,
DOH000000000029730,CENTRAL BICUTAN OSANO SUPER HEALTH CENTER,Health Facility,Rural Health Unit,rhu,Government,0,0,CITY OF TAGUIG,TAGUIG,CENTRAL BICUTAN,,0,1.5,0,
DOH000000000040479,CENTRAL BICUTAN SUPER HEALTH CENTER,Health Facility,Birthing Home,birthing,Government,0,1,CITY OF TAGUIG,TAGUIG,CENTRAL BICUTAN,,0,1.5,2,Licensing Status:With License
DOH000000000049444,CENTRAL MEDICAL DRUG TESTING CENTER,Health Facility,Drug Testing Laboratory,laboratory,Private,1,1,QUEZON CITY,QUEZON CITY,TALIPAPA,Screening (Drug testing),0,1.0,0,Licensing Status:With License
DOH000000000040730,CENTRAL MEDICAL LABORATORY&AMP; ASTHMA THERAPY - NOVALICHES,Health Facility,Clinical Laboratory,clinic,Private,1,1,QUEZON CITY,QUEZON CITY,NOVALICHES PROPER,,0,1.5,0,Licensing Status:With License
DOH000000000027877,CENTRAL SIGNAL HEALTH CENTER,Health Facility,Rural Health Unit,rhu,Government,0,0,CITY OF TAGUIG,TAGUIG,CENTRAL SIGNAL VILLAGE,,0,1.5,0,
DOH000000000039162,"CENTRALLE MEDICAL DIAGNOSTICS & POLYCLINIC, INC.",Health Facility,Clinical Laboratory,clinic,Private,1,1,CITY OF CALOOCAN,CALOOCAN,BARANGAY 175,Level 1,1,2.5,0,Licensing Status:With License
DOH000000000039158,"CENTRALLE MEDICAL DIAGNOSTICS &AMP; POLYCLINIC, INC.",Health Facility,Clinical Laboratory,clinic,Private,1,1,CITY OF CALOOCAN,CALOOCAN,BARANGAY 110,Level 3,3,4.0,0,Licensing Status:With License
DOH000000000040409,"CENTRALLE MEDICAL DIAGNOSTICS &AMP; POLYCLINIC, INC. - CAMARIN",Health Facility,Clinical Laboratory,clinic,Private,1,1,CITY OF CALOOCAN,CALOOCAN,BARANGAY 171,,0,1.5,0,Licensing Status:With License
DOH000000000041115,"CENTRALLE MEDICAL DIAGNOSTICS &AMP; POLYCLINIC, INC. - PASAY",Health Facility,Clinical Laboratory,clinic,Private,1,1,PASAY CITY,PASAY,BARANGAY 93,,0,1.5,0,Licensing Status:With License
DOH000000000040944,"CENTRALLE MEDICAL DIAGNOSTICS &AMP; POLYCLINIC, INC. - VALENZUELA",Health Facility,Clinical Laboratory,clinic,Private,1,1,CITY OF VALENZUELA,VALENZUELA,PASO DE BLAS,,0,1.5,0,Licensing Status:With License
DOH000000000049446,CENTRALLE MEDICAL DIAGNOSTICS AND POLYCLINIC INC.,Health Facility,Drug Testing Laboratory,laboratory,Private,1,1,PASAY CITY,PASAY,BARANGAY 93,Screening (Drug testing),0,1.0,0,Licensing Status:With License
DOH000000000049445,CENTRALLE MEDICAL DIAGNOSTICS AND POLYCLINIC INC.,Health Facility,Drug Testing Laboratory,laboratory,Private,1,1,CITY OF VALENZUELA,VALENZUELA,PASO DE BLAS,Screening (Drug testing),0,1.0,0,Licensing Status:With License
DOH000000000049447,"CENTRALLE MEDICAL DIAGNOSTICS AND POLYCLINIC, INC.",Health Facility,Drug Testing Laboratory,laboratory,Private,1,1,CITY OF CALOOCAN,CALOOCAN,BARANGAY 110,Screening (Drug testing),0,1.0,0,Licensing Status:With License
DOH000000000039638,"CENTRE MEDICALE INTERNATIONALE, INC.",Health Facility,Clinical Laboratory,clinic,Private,1,1,CITY OF TAGUIG,TAGUIG,FORT BONIFACIO,,0,1.5,0,Licensing Status:With License
DOH000000000049448,CENTRO ESCOLAR UNIVERSITY CLINICAL LABORATORY,Health Facility,Drug Testing Laboratory,laboratory,Private,1,1,SAMPALOC,MANILA,BARANGAY 570,Screening (Drug testing),0,1.0,0,Licensing Status:With License
DOH000000000040887,CENTRO MEDICAL &AMP; LABORATORY CLINIC,Health Facility,Clinical Laboratory,clinic,Private,1,1,CITY OF MARIKINA,MARIKINA,SANTO NI?O,,0,1.5,0,Licensing Status:With License
DOH000000000049449,CENTRO MEDICAL AND LABORATORY CLINIC,Health Facility,Drug Testing Laboratory,laboratory,Private,1,1,CITY OF MARIKINA,MARIKINA,SANTO NI?O,Screening (Drug testing),0,1.0,0,Licensing Status:With License
DOH000000000039290,CERVO DRUGSTORE AND MEDICAL CLINIC,Health Facility,Clinical Laboratory,clinic,Private,1,1,CITY OF TAGUIG,TAGUIG,EAST REMBO,,0,1.5,0,Licensing Status:With License
DOH000000000053086,CFD HEALTH CARE CENTER,Health Facility,Clinical Laboratory,clinic,Private,1,1,CITY OF CALOOCAN,CALOOCAN,BARANGAY 168,,0,1.5,0,Licensing Status:With License
DOH000000000041027,CHAMP CLINICAL LABORATORY,Health Facility,Clinical Laboratory,clinic,Private,1,1,CITY OF PASIG,PASIG,SAN NICOLAS (POB.),,0,1.5,0,Licensing Status:With License
DOH000000000040391,CHE MIDWIFE LYING-IN CLINIC,Health Facility,Birthing Home,birthing,Private,1,1,CITY OF PASIG,PASIG,SANTOLAN,,0,1.5,1,Licensing Status:With License
DOH000000000053085,"CHECKPOINT LABS, INC.",Health Facility,Clinical Laboratory,clinic,Private,1,1,CITY OF MUNTINLUPA,MUNTINLUPA,ALABANG,,0,1.5,0,Licensing Status:With License
DOH000000000047469,CHEMISTRY LABORATORY - STANDARDS AND TESTING DIVISION,Health Facility,Laboratory for Drinking Water Analysis,laboratory,Government,0,1,CITY OF TAGUIG,TAGUIG,LOWER BICUTAN,,0,1.0,0,Licensing Status:With License
DOH000000000047472,"CHEMPRO ANALYTICAL SERVICES LABORATORIES, INC.",Health Facility,Laboratory for Drinking Water Analysis,laboratory,Private,1,1,CITY OF PASIG,PASIG,ORANBO,,0,1.0,0,Licensing Status:With License
DOH000000000049450,CHERRY LAB DIAGNOSTICS AND MEDICAL CLINIC,Health Facility,Drug Testing Laboratory,laboratory,Private,1,1,CITY OF MALABON,MALABON,TINAJEROS,Screening (Drug testing),0,1.0,0,Licensing Status:With License
DOH000000000040110,CHINESE GENERAL HOSPITAL (CARTRIDGE - BASED PCR),Health Facility,COVID-19 Testing Laboratory,laboratory,Private,1,1,SANTA CRUZ,MANILA,BARANGAY 372,,0,1.0,0,Licensing Status:With License
DOH000000000038991,CHINESE GENERAL HOSPITAL (RT-PCR),Health Facility,COVID-19 Testing Laboratory,laboratory,Private,1,1,SANTA CRUZ,MANILA,BARANGAY 372,,0,1.0,0,Licensing Status:With License
DOH000000000000446,CHINESE GENERAL HOSPITAL AND MEDICAL CENTER,Health Facility,Hospital,hospital,Private,1,1,SANTA CRUZ,MANILA,BARANGAY 372,Level 3,3,4.0,592,Licensing Status:With License
DOH000000000000447,"CHRIST THE KING MEDICAL CENTER UNIHEALTH LAS PIÑAS, INC.",Health Facility,Hospital,hospital,Private,1,1,CITY OF LAS PI?AS,LAS PINAS,PAMPLONA UNO,Level 2,2,3.0,30,Licensing Status:With License
DOH000000000049451,CHRISTIAN E. CANGCO MEDICAL CLINIC &AMP; LABORATORY,Health Facility,Drug Testing Laboratory,laboratory,Private,1,1,MALATE,MANILA,BARANGAY 723,Screening (Drug testing),0,1.0,0,Licensing Status:With License
DOH000000000048133,CHRISTIAN E. CANGCO MEDICAL CLINIC AND LABORATORY INC.,Health Facility,Medical Facility for Overseas Workers & Seafarers,other,Private,1,1,MALATE,MANILA,BARANGAY 723,,0,1.0,0,Licensing Status:With License
DOH000000000048351,"CHRISTIAN MEDICAL CLINIC, INC.",Health Facility,Medical Facility for Overseas Workers & Seafarers,other,Private,1,1,QUEZON CITY,QUEZON CITY,MARIANA,,0,1.0,0,Licensing Status:With License
DOH000000000005700,CIELITO HEALTH CENTER,Health Facility,Rural Health Unit,rhu,Government,0,0,CITY OF CALOOCAN,CALOOCAN,BARANGAY 177,,0,1.5,0,
DOH000000000050696,CIF CENTRAL CORP.,Health Facility,Clinical Laboratory,clinic,Private,1,1,QUEZON CITY,QUEZON CITY,LOYOLA HEIGHTS,,0,1.5,0,Licensing Status:With License
DOH000000000040761,CITIHEALTH DIAGNOSTIC CENTER,Health Facility,Clinical Laboratory,clinic,Private,1,1,SANTA ANA,MANILA,BARANGAY 804,,0,1.5,0,Licensing Status:With License
DOH000000000039154,"CITILAB MEDICAL IMAGING &AMP; DIAGNOSTIC CENTER, INC.",Health Facility,Clinical Laboratory,clinic,Private,1,1,CITY OF CALOOCAN,CALOOCAN,BARANGAY 15,Level 2,2,3.0,0,Licensing Status:With License
DOH000000000050268,CITY GOVERNMENT EMPLOYEE'S CLINIC (CGEC),Health Facility,Rural Health Unit,rhu,Government,0,1,ERMITA,MANILA,BARANGAY 659-A,,0,1.5,0,Licensing Status:With License
DOH000000000050741,"CITYMD SURGICENTER, INC.",Health Facility,Ambulatory Surgical Clinic,clinic,Private,1,1,QUEZON CITY,QUEZON CITY,SANTO DOMINGO,,0,1.5,0,Licensing Status:With License
DOH000000000046630,CJK AIR &AMP; WATER TESTING LABORATORY,Health Facility,Laboratory for Drinking Water Analysis,laboratory,Private,1,1,QUEZON CITY,QUEZON CITY,SAN ANTONIO,Chemical Analysis (drinking water),0,1.0,0,Licensing Status:With License
DOH000000000040503,CJM BIRTHING HOME,Health Facility,Birthing Home,birthing,Private,1,1,CITY OF PARA?AQUE,PARANAQUE,MOONWALK,,0,1.5,4,Licensing Status:With License
DOH000000000043866,CLEANMED HEALTH CARE CORP.,Health Facility,Clinical Laboratory,clinic,Private,1,1,QUEZON CITY,QUEZON CITY,SALVACION,,0,1.5,0,Licensing Status:With License
DOH000000000050066,CLEARBRIDGE HEALTH (PHILIPPINES) INC.,Health Facility,Dialysis Clinic,dialysis,Private,1,1,QUEZON CITY,QUEZON CITY,DO?A JOSEFA,,0,2.0,15,Licensing Status:With License
DOH000000000048352,"CLEARBRIDGE MEDICAL PHILIPPINES, INC.",Health Facility,Medical Facility for Overseas Workers & Seafarers,other,Private,1,1,QUEZON CITY,QUEZON CITY,PINYAHAN,,0,1.0,0,Licensing Status:With License
DOH000000000048138,CLEMEN'S MEDICAL CLINIC,Health Facility,Medical Facility for Overseas Workers & Seafarers,other,Private,1,1,MALATE,MANILA,BARANGAY 694,,0,1.0,0,Licensing Status:With License
DOH000000000040797,CLINICA CARITAS - CUBAO,Health Facility,Clinical Laboratory,clinic,Private,1,1,QUEZON CITY,QUEZON CITY,SOCORRO,,0,1.5,0,Licensing Status:With License
DOH000000000040824,CLINICA CARITAS - LAGRO,Health Facility,Clinical Laboratory,clinic,Private,1,1,QUEZON CITY,QUEZON CITY,GREATER LAGRO,,0,1.5,0,Licensing Status:With License
DOH000000000039240,CLINICA CARITAS - MAKATI,Health Facility,Clinical Laboratory,clinic,Private,1,1,CITY OF MAKATI,MAKATI,SAN LORENZO,,0,1.5,0,Licensing Status:With License
DOH000000000046412,CLINICA MANILA PASIG,Health Facility,Ambulatory Surgical Clinic,clinic,Private,1,1,CITY OF PASIG,PASIG,UGONG,,0,1.5,0,Licensing Status:With License
DOH000000000043858,CLINICA PALANCA HEALTH INC.,Health Facility,Clinical Laboratory,clinic,Private,1,1,QUIAPO,MANILA,BARANGAY 384,,0,1.5,0,Licensing Status:With License
DOH000000000041294,CLINICA RODRIGUEZ DIAGNOSTIC CENTER,Health Facility,Clinical Laboratory,clinic,Private,1,1,PASAY CITY,PASAY,BARANGAY 60,,0,1.5,0,Licensing Status:With License
DOH000000000039186,CLINICA SAN JUDIEL DE ARCANGHEL,Health Facility,Clinical Laboratory,clinic,Private,1,1,CITY OF CALOOCAN,CALOOCAN,BARANGAY 175,Level 1,1,2.5,0,Licensing Status:With License
DOH000000000048139,"CLINICAL OCCUPATIONAL MEDICINE &AMP; TREATMENT CENTRE, INC. (CLINICOMED, INC.)",Health Facility,Medical Facility for Overseas Workers & Seafarers,other,Private,1,1,MALATE,MANILA,BARANGAY 708,,0,1.0,0,Licensing Status:With License
DOH000000000048095,"CLINILAB MEDICAL SERVICES, INC.",Health Facility,Medical Facility for Overseas Workers & Seafarers,other,Private,1,1,CITY OF MAKATI,MAKATI,PIO DEL PILAR,,0,1.0,0,Licensing Status:With License
DOH000000000040763,CLM LABORATORY AND DIAGNOSTIC CENTER,Health Facility,Clinical Laboratory,clinic,Private,1,1,QUEZON CITY,QUEZON CITY,COMMONWEALTH,,0,1.5,0,Licensing Status:With License
DOH000000000049458,CLN DRUG SCREENING LABORATORY,Health Facility,Drug Testing Laboratory,laboratory,Private,1,1,QUEZON CITY,QUEZON CITY,BAGONG LIPUNAN NG CRAME,Screening (Drug testing),0,1.0,0,Licensing Status:With License
DOH000000000049459,CMI WELLNESS DIAGNOSTIC CENTER,Health Facility,Drug Testing Laboratory,laboratory,Private,1,1,QUEZON CITY,QUEZON CITY,CULIAT,Screening (Drug testing),0,1.0,0,Licensing Status:With License
DOH000000000040413,CMM MEDICAL AND DIAGNOSTIC CLINIC CORPORATION,Health Facility,Clinical Laboratory,clinic,Private,1,1,CITY OF CALOOCAN,CALOOCAN,BARANGAY 13,,0,1.5,0,Licensing Status:With License
DOH000000000005323,COLOONG HEALTH CENTER,Health Facility,Rural Health Unit,rhu,Government,0,0,CITY OF VALENZUELA,VALENZUELA,COLOONG,,0,1.5,0,
DOH000000000007662,COMEMBO HEALTH CENTER,Health Facility,Rural Health Unit,rhu,Government,0,0,CITY OF TAGUIG,TAGUIG,COMEMBO,,0,1.5,0,
DOH000000000040852,COMEMBO SATELLITE LABORATORY,Health Facility,Clinical Laboratory,clinic,Private,1,1,CITY OF TAGUIG,TAGUIG,COMEMBO,,0,1.5,0,Licensing Status:With License
DOH000000000041081,"COMMCARE, INC. - BETTERLIVING",Health Facility,Clinical Laboratory,clinic,Private,1,1,CITY OF PARA?AQUE,PARANAQUE,DON BOSCO,,0,1.5,0,Licensing Status:With License
DOH000000000041082,"COMMCARE, INC. - MERVILLE",Health Facility,Clinical Laboratory,clinic,Private,1,1,CITY OF PARA?AQUE,PARANAQUE,MERVILLE,,0,1.5,0,Licensing Status:With License
DOH000000000043869,"COMMCARE, INC. - TAGUIG",Health Facility,Clinical Laboratory,clinic,Private,1,1,CITY OF TAGUIG,TAGUIG,PINAGSAMA,,0,1.5,0,Licensing Status:With License
DOH000000000053065,"COMMONHEALTH DIAGNOSTIC AND WELLNESS CENTER, INC.",Health Facility,Clinical Laboratory,clinic,Private,1,1,QUEZON CITY,QUEZON CITY,COMMONWEALTH,,0,1.5,0,Licensing Status:With License
DOH000000000040803,COMMONWEALTH CLINICAL LABORATORY,Health Facility,Clinical Laboratory,clinic,Government,0,1,QUEZON CITY,QUEZON CITY,COMMONWEALTH,,0,1.5,0,Licensing Status:With License
DOH000000000003484,COMMONWEALTH HEALTH CENTER,Health Facility,Rural Health Unit,rhu,Government,0,1,QUEZON CITY,QUEZON CITY,COMMONWEALTH,,0,1.5,0,Licensing Status:With License
DOH000000000023752,COMMONWEALTH HOSPITAL AND MEDICAL CENTER,Health Facility,Hospital,hospital,Private,1,1,QUEZON CITY,QUEZON CITY,GREATER LAGRO,Level 2,2,3.0,148,Licensing Status:With License
DOH000000000040563,COMPETENTE'S BIRTHING HOME &AMP; MEDICAL CLINIC,Health Facility,Birthing Home,birthing,Private,1,1,CITY OF CALOOCAN,CALOOCAN,BARANGAY 176-A,,0,1.5,5,Licensing Status:With License
DOH000000000050246,CONCEIVE IVF MANILA INC.,Health Facility,Ambulatory Surgical Clinic,clinic,Private,1,1,QUEZON CITY,QUEZON CITY,WEST TRIANGLE,,0,1.5,0,Licensing Status:With License
DOH000000000000197,CONCEPCION DOS HEALTH CENTER,Health Facility,Rural Health Unit,rhu,Government,0,1,CITY OF MARIKINA,MARIKINA,CONCEPCION DOS,,0,1.5,0,Licensing Status:With License
DOH000000000000839,CONCEPCION HEALTH CENTER,Health Facility,Rural Health Unit,rhu,Government,0,0,CITY OF MALABON,MALABON,CONCEPCION,,0,1.5,0,
DOH000000000007296,CONCEPCION HEALTH CENTER,Health Facility,Rural Health Unit,rhu,Government,0,0,CITY OF VALENZUELA,VALENZUELA,MARULAS,,0,1.5,0,
DOH000000000002574,CONCEPCION UNO HEALTH CENTER,Health Facility,Rural Health Unit,rhu,Government,0,1,CITY OF MARIKINA,MARIKINA,CONCEPCION UNO,,0,1.5,0,Licensing Status:With License
DOH000000000051676,CONCEPCION UNO SUPER HEALTH CENTER,Health Facility,Animal Bite Treatment Center,other,Government,0,0,CITY OF MARIKINA,MARIKINA,CONCEPCION UNO,,0,1.0,0,Licensing Status:Without License
DOH000000000044199,CONGRESS SATELLITE CENTER,Health Facility,Barangay Health Station,bhs,Government,0,0,CITY OF CALOOCAN,CALOOCAN,BARANGAY 173,,0,1.5,0,
DOH000000000000931,CORAZON DE JESUS HEALTH CENTER,Health Facility,Rural Health Unit,rhu,Government,0,0,CITY OF SAN JUAN,SAN JUAN,CORAZON DE JESUS,,0,1.5,0,
DOH000000000053064,CORDLIFE MEDICAL PHILS. INC.,Health Facility,Clinical Laboratory,clinic,Private,1,1,QUEZON CITY,QUEZON CITY,U.P. CAMPUS,,0,1.5,0,Licensing Status:With License
DOH000000000041649,"CORE RENAL CENTER, INC.",Health Facility,Dialysis Clinic,dialysis,Private,1,1,CITY OF MAKATI,MAKATI,PIO DEL PILAR,,0,2.0,0,Licensing Status:With License
DOH000000000054631,CORNERSTONE DIAGNOSTIC CLINIC CORP.,Health Facility,Medical Facility for Overseas Workers & Seafarers,other,Private,1,1,CITY OF TAGUIG,TAGUIG,USUSAN,,0,1.0,0,Licensing Status:With License
DOH000000000040791,CORRALES MEDICAL AND DIAGNOSTIC CLINIC,Health Facility,Clinical Laboratory,clinic,Private,1,1,QUEZON CITY,QUEZON CITY,COMMONWEALTH,,0,1.5,0,Licensing Status:With License
DOH000000000046475,COSMEDICS A DERMASTER CLINIC (NEW),Health Facility,Ambulatory Surgical Clinic,clinic,Private,1,1,CITY OF TAGUIG,TAGUIG,FORT BONIFACIO,,0,1.5,0,Licensing Status:With License
DOH000000000047462,"COTECNA ELITE PHILIPPINES, INC.",Health Facility,Laboratory for Drinking Water Analysis,laboratory,Private,1,1,CITY OF TAGUIG,TAGUIG,UPPER BICUTAN,,0,1.0,0,Licensing Status:With License
DOH000000000041031,COUNTRYSIDE MEDICAL CLINIC,Health Facility,Clinical Laboratory,clinic,Private,1,1,CITY OF PASIG,PASIG,SANTA LUCIA,,0,1.5,0,Licensing Status:With License
DOH000000000044417,"CRANIO-FACIAL FOUNDATION OF THE  PHILIPPINES, INC.",Health Facility,Ambulatory Surgical Clinic,clinic,Private,1,1,SANTA ANA,MANILA,BARANGAY 896,,0,1.5,0,Licensing Status:With License
DOH000000000040671,CRISTO REY LYING-IN CLINIC,Health Facility,Birthing Home,birthing,Private,1,1,CITY OF CALOOCAN,CALOOCAN,BARANGAY 57,,0,1.5,1,Licensing Status:With License
DOH000000000040566,CROSMEDICA MEDICAL LABORATORY AND DIAGNOSTIC SERVICES,Health Facility,Clinical Laboratory,clinic,Private,1,1,QUEZON CITY,QUEZON CITY,MILAGROSA,,0,1.5,0,Licensing Status:With License
DOH000000000054625,CROSS RENAL CARE,Health Facility,Dialysis Clinic,dialysis,Government,0,1,ERMITA,MANILA,BARANGAY 670,,0,2.0,0,Licensing Status:With License
DOH000000000000462,"CRUZ-DALIDA HOSPITAL, INC.",Health Facility,Infirmary,infirmary,Private,1,1,QUEZON CITY,QUEZON CITY,SANTA MONICA,,0,2.5,8,Licensing Status:With License
DOH000000000049461,CRUZ-RABE MATERNITY &AMP; GENERAL HOSPITAL DRUG TESTING LABORATORY,Health Facility,Drug Testing Laboratory,laboratory,Private,1,1,CITY OF TAGUIG,TAGUIG,TUKTUKAN,Screening (Drug testing),0,1.0,0,Licensing Status:With License
DOH000000000003264,CRUZ-RABE MATERNITY AND GENERAL HOSPITAL,Health Facility,Hospital,hospital,Private,1,1,CITY OF TAGUIG,TAGUIG,TUKTUKAN,Level 1,1,2.5,25,Licensing Status:With License
DOH000000000040740,CTK MEDICAL &AMP; DIAGNOSTIC LABORATORY,Health Facility,Clinical Laboratory,clinic,Private,1,1,MALATE,MANILA,BARANGAY 727,,0,1.5,0,Licensing Status:With License
DOH000000000007301,CUBAO HEALTH CENTER,Health Facility,Rural Health Unit,rhu,Government,0,0,QUEZON CITY,QUEZON CITY,KAUNLARAN,,0,1.5,0,
DOH000000000054758,CUDIAMAT MEDICAL CORP.,Health Facility,Clinical Laboratory,clinic,Private,1,1,CITY OF CALOOCAN,CALOOCAN,BARANGAY 57,,0,1.5,0,Licensing Status:With License
DOH000000000007302,CULIAT HEALTH CENTER,Health Facility,Rural Health Unit,rhu,Government,0,1,QUEZON CITY,QUEZON CITY,CULIAT,,0,1.5,0,Licensing Status:With License
DOH000000000005149,CUPANG HEALTH CENTER,Health Facility,Rural Health Unit,rhu,Government,0,0,CITY OF MUNTINLUPA,MUNTINLUPA,CUPANG,,0,1.5,0,
DOH000000000053522,CURAKIDNEY INC.,Health Facility,Dialysis Clinic,dialysis,Private,1,1,CITY OF PASIG,PASIG,DELA PAZ,,0,2.0,0,Licensing Status:With License
DOH000000000003873,CURE AND CARE MATERNITY HOSPITAL OPC,Health Facility,Hospital,hospital,Private,1,1,TONDO I/II,MANILA,BARANGAY 202,Level 1,1,2.5,18,Licensing Status:With License
DOH000000000040490,CUTA'S MIDWIFE CLINIC,Health Facility,Birthing Home,birthing,Private,1,1,CITY OF LAS PI?AS,LAS PINAS,B. F. INTERNATIONAL VILLAGE,,0,1.5,2,Licensing Status:With License
DOH000000000007531,CUYEGKENG HEALTH CENTER,Health Facility,Rural Health Unit,rhu,Government,0,1,PASAY CITY,PASAY,BARANGAY 3,,0,1.5,0,Licensing Status:With License
DOH000000000044421,CVMC CLINIC AND SURGICENTER,Health Facility,Ambulatory Surgical Clinic,clinic,Private,1,1,QUIAPO,MANILA,BARANGAY 394,,0,1.5,0,Licensing Status:With License
DOH000000000054601,CVMC CLINICS AND SURGICENTER INC. KIDNEY AND DIALYSIS CENTER,Health Facility,Dialysis Clinic,dialysis,Private,1,1,CITY OF CALOOCAN,CALOOCAN,BARANGAY 80,,0,2.0,0,Licensing Status:With License
DOH000000000047814,"CVMC CLINICS AND SURGICENTER, INC.",Health Facility,Dialysis Clinic,dialysis,Private,1,1,SAMPALOC,MANILA,BARANGAY 627,,0,2.0,0,Licensing Status:With License
DOH000000000049462,CYTOCHEM MEDICAL LABORATORIES COMPANY,Health Facility,Drug Testing Laboratory,laboratory,Private,1,1,CITY OF CALOOCAN,CALOOCAN,BARANGAY 84,Screening (Drug testing),0,1.0,0,Licensing Status:With License
DOH000000000039180,CYTOCHEM MEDICAL LABORATORY COMPANY,Health Facility,Clinical Laboratory,clinic,Private,1,1,CITY OF CALOOCAN,CALOOCAN,BARANGAY 83,Level 2,2,3.0,0,Licensing Status:With License
DOH000000000050182,D A OBGYN AND BIRTHING CENTER,Health Facility,Birthing Home,birthing,Private,1,1,CITY OF CALOOCAN,CALOOCAN,BARANGAY 177,,0,1.5,2,Licensing Status:With License
DOH000000000040807,"D FAMILY CARE NOVALICHES,INC.",Health Facility,Clinical Laboratory,clinic,Private,1,1,QUEZON CITY,QUEZON CITY,NOVALICHES PROPER,,0,1.5,0,Licensing Status:With License
DOH000000000041593,D FAMILYCARE NOVALICHES INC.,Health Facility,Dialysis Clinic,dialysis,Private,1,1,QUEZON CITY,QUEZON CITY,NOVALICHES PROPER,,0,2.0,0,Licensing Status:With License
DOH000000000039332,D' MICROASIA MEDICAL LABORATORY INC.,Health Facility,Clinical Laboratory,clinic,Private,1,1,CITY OF MANDALUYONG,MANDALUYONG,POBLACION,Level 3,3,4.0,0,Licensing Status:With License
DOH000000000041053,"D' MICROASIA MEDICAL LABORATORY, INC. - PASIG",Health Facility,Clinical Laboratory,clinic,Private,1,1,CITY OF PASIG,PASIG,SAN MIGUEL,,0,1.5,0,Licensing Status:With License
DOH000000000049464,D.J.C. DRUG TESTING CENTER,Health Facility,Drug Testing Laboratory,laboratory,Private,1,1,SANTA CRUZ,MANILA,BARANGAY 331,Screening (Drug testing),0,1.0,0,Licensing Status:With License
DOH000000000043245,DAANG BAKAL HEALTH CENTER AND MEGA CLINIC,Health Facility,Rural Health Unit,rhu,Government,0,0,CITY OF MANDALUYONG,MANDALUYONG,DAANG BAKAL,,0,1.5,0,
DOH000000000040994,DAANGHARI CLINICAL LABORATORY,Health Facility,Clinical Laboratory,clinic,Private,1,1,CITY OF NAVOTAS,NAVOTAS,DAANGHARI,,0,1.5,0,Licensing Status:With License
DOH000000000002635,DAGUPAN HEALTH CENTER,Health Facility,Rural Health Unit,rhu,Government,0,1,TONDO I/II,MANILA,BARANGAY 50,,0,1.5,0,Licensing Status:With License
DOH000000000033172,DALAGAN-CIUDADANO MIDWIFE CLINIC,Health Facility,Birthing Home,birthing,Private,1,1,CITY OF CALOOCAN,CALOOCAN,BARANGAY 183,,0,1.5,3,Licensing Status:With License
DOH000000000000841,DALANDANAN 3S HEALTH CENTER,Health Facility,Rural Health Unit,rhu,Government,0,0,CITY OF VALENZUELA,VALENZUELA,DALANDANAN,,0,1.5,0,
DOH000000000007298,DAMPALIT HEALTH CENTER,Health Facility,Rural Health Unit,rhu,Government,0,0,CITY OF MALABON,MALABON,DAMPALIT,,0,1.5,0,
DOH000000000003837,DANIEL FAJARDO HEALTH CENTER,Health Facility,Rural Health Unit,rhu,Government,0,0,CITY OF LAS PI?AS,LAS PINAS,DANIEL FAJARDO,,0,1.5,0,
DOH000000000006116,DAPITAN HEALTH CENTER,Health Facility,Rural Health Unit,rhu,Government,0,1,SAMPALOC,MANILA,BARANGAY 520,,0,1.5,0,Licensing Status:With License
DOH000000000040396,DAUGHTERS OF FAITH LYING IN,Health Facility,Birthing Home,birthing,Private,1,1,QUEZON CITY,QUEZON CITY,PASONG TAMO,,0,1.5,3,Licensing Status:With License
DOH000000000051506,DCDC KIDNEY CARE HEMODIALYSIS CLINIC,Health Facility,Dialysis Clinic,dialysis,Private,1,1,CITY OF PARA?AQUE,PARANAQUE,SAN DIONISIO,,0,2.0,0,Licensing Status:With License
DOH000000000053062,DCLC HEALTHCARE DIAGNOSTICS INC.,Health Facility,Clinical Laboratory,clinic,Private,1,1,CITY OF SAN JUAN,SAN JUAN,RIVERA,,0,1.5,0,Licensing Status:With License
DOH000000000003191,DE LOS SANTOS MEDICAL CENTER,Health Facility,Hospital,hospital,Private,1,1,QUEZON CITY,QUEZON CITY,KALUSUGAN,Level 3,3,4.0,150,Licensing Status:With License
DOH000000000049465,"DE LOS SANTOS MEDICAL CENTER, INC.",Health Facility,Drug Testing Laboratory,laboratory,Private,1,1,QUEZON CITY,QUEZON CITY,KALUSUGAN,Screening (Drug testing),0,1.0,0,Licensing Status:With License
DOH000000000040611,DE LUNA BIRTHING HOME,Health Facility,Birthing Home,birthing,Private,1,1,QUEZON CITY,QUEZON CITY,NOVALICHES PROPER,,0,1.5,2,Licensing Status:With License
DOH000000000040684,DE OCAMPO MEMORIAL COLLEGE INC.,Health Facility,Birthing Home,birthing,Private,1,1,SAMPALOC,MANILA,BARANGAY 634,,0,1.5,1,Licensing Status:With License
DOH000000000000469,DE OCAMPO MEMORIAL MEDICAL CENTER,Health Facility,Hospital,hospital,Private,1,1,SAMPALOC,MANILA,BARANGAY 628,Level 1,1,2.5,20,Licensing Status:With License
DOH000000000054162,DEACON3 BIRTHING HOME,Health Facility,Birthing Home,birthing,Private,1,1,CITY OF CALOOCAN,CALOOCAN,BARANGAY 171,,0,1.5,1,Licensing Status:With License
DOH000000000040499,DELA MERCED MATERNITY &AMP; CHILDREN CLINIC,Health Facility,Birthing Home,birthing,Private,1,1,CITY OF MUNTINLUPA,MUNTINLUPA,POBLACION,,0,1.5,3,Licensing Status:With License
DOH000000000000178,DELA PAZ HEALTH CENTER,Health Facility,Rural Health Unit,rhu,Government,0,1,CITY OF PASIG,PASIG,DELA PAZ,,0,1.5,0,Licensing Status:With License
DOH000000000037053,DELA PAZ HEALTH CENTER ANNEX,Health Facility,Rural Health Unit,rhu,Government,0,1,CITY OF PASIG,PASIG,DELA PAZ,,0,1.5,0,Licensing Status:With License
DOH000000000006113,DEMETRIO BELMONTE HEALTH CENTER,Health Facility,Rural Health Unit,rhu,Government,0,1,SAMPALOC,MANILA,BARANGAY 478,,0,1.5,0,Licensing Status:With License
DOH000000000009360,DEPARO HEALTH CENTER,Health Facility,Rural Health Unit,rhu,Government,0,0,CITY OF CALOOCAN,CALOOCAN,BARANGAY 168,,0,1.5,0,
DOH000000000043228,DEPARTMENT OF HEALTH - QUIRINO,Health Related Facility,Central Warehouse - Combination,other,Government,0,0,QUEZON CITY,QUEZON CITY,ESCOPA IV,,0,1.0,0,
DOH000000000043233,DEPARTMENT OF HEALTH - RITM,Health Related Facility,Central Warehouse - Temperature Controlled,other,Government,0,0,CITY OF MUNTINLUPA,MUNTINLUPA,ALABANG,,0,1.0,0,
DOH000000000043224,DEPARTMENT OF HEALTH - TAYUMAN,Health Related Facility,Central Warehouse - Ambient,other,Government,0,0,SANTA CRUZ,MANILA,BARANGAY 313,,0,1.0,0,
DOH000000000023542,DEPARTMENT OF HEALTH-BICUTAN TREATMENT AND REHABILITATION CENTER,Health Facility,Drug Abuse Treatment and Rehabilitation Centers,other,Government,0,1,CITY OF TAGUIG,TAGUIG,LOWER BICUTAN,,0,1.0,550,Licensing Status:With License
DOH000000000047477,DEPARTMENT OF MEDICAL MICROBIOLOGY - COLLEGE OF PUBLIC HEALTH - UP MANILA,Health Facility,Laboratory for Drinking Water Analysis,laboratory,Government,0,1,ERMITA,MANILA,BARANGAY 670,,0,1.0,0,Licensing Status:With License
DOH000000000051314,"DETOXICARE  MOLECULAR DIAGNOSTICS LABORATORY, INC.",Health Facility,Clinical Laboratory for Molecular Pathology,clinic,Private,1,1,CITY OF MANDALUYONG,MANDALUYONG,BAGONG SILANG,,0,1.5,0,Licensing Status:With License
DOH000000000051939,DETOXICARE MOLECULAR DIAGNOSTIC LABORATORY,Health Facility,Clinical Laboratory for Molecular Pathology,clinic,Private,1,1,QUEZON CITY,QUEZON CITY,LOURDES,,0,1.5,0,Licensing Status:With License
DOH000000000049466,"DETOXICARE MOLECULAR DIAGNOSTIC LABORATORY, INC.",Health Facility,Drug Testing Laboratory,laboratory,Private,1,1,CITY OF MANDALUYONG,MANDALUYONG,NEW ZA?IGA,Screening (Drug testing),0,1.0,0,Licensing Status:With License
DOH000000000045964,DETOXICARE MOLECULAR DIAGNOSTICS LABORATORY INC.,Health Facility,Clinical Laboratory,clinic,Private,1,1,QUEZON CITY,QUEZON CITY,LOURDES,Level 2,2,3.0,0,Licensing Status:With License
DOH000000000049467,"DIAGNOSTIC INTENSIVE &AMP; PRECISE MED. &AMP; LAB. (D.I.P), INC.",Health Facility,Drug Testing Laboratory,laboratory,Private,1,1,CITY OF CALOOCAN,CALOOCAN,BARANGAY 104,Screening (Drug testing),0,1.0,0,Licensing Status:With License
DOH000000000039175,"DIAGNOSTIC INTENSIVE &AMP; PRECISE MEDICAL &AMP; LABORATORY (D.I.P),INC.",Health Facility,Clinical Laboratory,clinic,Private,1,1,CITY OF CALOOCAN,CALOOCAN,BARANGAY 108,,0,1.5,0,Licensing Status:With License
DOH000000000042880,DIAGNOSTICA DE SAN VICENTE CORP.,Health Facility,Medical Facility for Overseas Workers & Seafarers,other,Government,0,1,QUEZON CITY,QUEZON CITY,DAMAYANG LAGI,,0,1.0,0,Licensing Status:With License
DOH000000000049468,DIAGNOSTICA DE SAN VICENTE CORPORATION,Health Facility,Drug Testing Laboratory,laboratory,Private,1,1,QUEZON CITY,QUEZON CITY,DAMAYANG LAGI,Screening (Drug testing),0,1.0,0,Licensing Status:With License
DOH000000000041981,DIALYCARE HEMODIALYSIS CENTER,Health Facility,Dialysis Clinic,dialysis,Government,0,1,CITY OF VALENZUELA,VALENZUELA,MALANDAY,,0,2.0,0,Licensing Status:With License
DOH000000000051476,"DIALYHEALTH RENAL CARE CENTER, INC.",Health Facility,Dialysis Clinic,dialysis,Private,1,1,CITY OF VALENZUELA,VALENZUELA,MALANDAY,,0,2.0,0,Licensing Status:With License
DOH000000000049720,DIALYMED RENAL CARE CENTER INC.,Health Facility,Dialysis Clinic,dialysis,Private,1,1,CITY OF CALOOCAN,CALOOCAN,BARANGAY 15,,0,2.0,0,Licensing Status:With License
DOH000000000054788,DIALYSIS CARE PLUS INC.,Health Facility,Dialysis Clinic,dialysis,Private,1,1,CITY OF PASIG,PASIG,KAPITOLYO,,0,2.0,0,Licensing Status:With License
DOH000000000054705,"DIALYSIS DIRECT OF MERVILLE, INC.",Health Facility,Dialysis Clinic,dialysis,Private,1,1,PASAY CITY,PASAY,BARANGAY 148,,0,2.0,0,Licensing Status:With License
DOH000000000037100,"DILIMAN DOCTORS HOSPITAL, INC.",Health Facility,Hospital,hospital,Private,1,1,QUEZON CITY,QUEZON CITY,MATANDANG BALARA,Level 2,2,3.0,130,Licensing Status:With License
DOH000000000000844,DIMASALANG HEALTH CENTER,Health Facility,Rural Health Unit,rhu,Government,0,1,SANTA CRUZ,MANILA,BARANGAY 368,,0,1.5,0,Licensing Status:With License
DOH000000000043063,DISTRICT HEALTH OFFICE I - CAMANAVA,Health Related Facility,Provincial Department of Health Office,other,Government,0,0,CITY OF CALOOCAN,CALOOCAN,BARANGAY 187,,0,1.0,0,
DOH000000000043064,DISTRICT HEALTH OFFICE II - PAPAMATAQUE,Health Related Facility,Provincial Department of Health Office,other,Government,0,0,CITY OF PASIG,PASIG,SAN NICOLAS (POB.),,0,1.0,0,
DOH000000000043065,DISTRICT HEALTH OFFICE III - MAMAMANSAN,Health Related Facility,Provincial Department of Health Office,other,Government,0,0,CITY OF MANDALUYONG,MANDALUYONG,ADDITION HILLS,,0,1.0,0,
DOH000000000043066,DISTRICT HEALTH OFFICE IV - MUNTIPARLASPA,Health Related Facility,Provincial Department of Health Office,other,Government,0,0,CITY OF MANDALUYONG,MANDALUYONG,ADDITION HILLS,,0,1.0,0,
DOH000000000004355,DIVINE HEART MEDICAL SERVICE AND DEVELOPMENT COOPERATIVE HOSPITAL,Health Facility,Hospital,hospital,Private,1,1,QUEZON CITY,QUEZON CITY,NAGKAISANG NAYON,Level 1,1,2.5,32,Licensing Status:With License
DOH000000000040653,DIVINE LOVE MEDICAL CLINIC,Health Facility,Birthing Home,birthing,Private,1,1,CITY OF CALOOCAN,CALOOCAN,BARANGAY 146,,0,1.5,1,Licensing Status:With License
DOH000000000007984,"DIVINE MERCY PSYCHIATRIC FACILITY, INC.",Health Facility,Psychiatric Care Facility,other,Private,1,1,CITY OF MANDALUYONG,MANDALUYONG,NEW ZA?IGA,,0,2.0,142,Licensing Status:With License
DOH000000000040830,DLJ LABORATORY AND DIAGNOSTIC CENTER,Health Facility,Clinical Laboratory,clinic,Private,1,1,QUEZON CITY,QUEZON CITY,HOLY SPIRIT,,0,1.5,0,Licensing Status:With License
DOH000000000044207,DM COMPOUND SATELLITE CENTER,Health Facility,Barangay Health Station,bhs,Government,0,0,CITY OF CALOOCAN,CALOOCAN,BARANGAY 73,,0,1.5,0,
DOH000000000054849,DMC HEALTH CARE CENTER,Health Facility,Birthing Home,birthing,Private,1,1,TONDO I/II,MANILA,BARANGAY 157,,0,1.5,4,Licensing Status:With License
DOH000000000040850,DMYM DIAGNOSTIC &AMP; LABORATORY CENTER,Health Facility,Clinical Laboratory,clinic,Private,1,1,QUEZON CITY,QUEZON CITY,NOVALICHES PROPER,,0,1.5,0,Licensing Status:With License
DOH000000000052779,DNV AS PHILIPPINE BRANCH,Health Related Facility,Certifying Organization,other,Private,1,1,PASAY CITY,PASAY,BARANGAY 76,,0,1.0,0,Licensing Status:With License
DOH000000000043129,DOH - LAS PIÑAS DRUG ABUSE TREATMENT AND REHABILITATION CENTER,Health Facility,Drug Abuse Treatment and Rehabilitation Centers,other,Government,0,1,CITY OF LAS PI?AS,LAS PINAS,DANIEL FAJARDO,,0,1.0,0,Licensing Status:With License
DOH000000000041613,"DOLCON HEALTH CARE SERVICES, INC.",Health Facility,Dialysis Clinic,dialysis,Private,1,1,QUEZON CITY,QUEZON CITY,MILAGROSA,,0,2.0,0,Licensing Status:With License
DOH000000000006723,DOMINGO SANTIAGO HEALTH CENTER,Health Facility,Rural Health Unit,rhu,Government,0,1,SAMPALOC,MANILA,BARANGAY 580,,0,1.5,0,Licensing Status:With License
DOH000000000049469,DOMINICO MEDICAL AND LABORATORY SERVICES,Health Facility,Drug Testing Laboratory,laboratory,Private,1,1,QUEZON CITY,QUEZON CITY,KALIGAYAHAN,Screening (Drug testing),0,1.0,0,Licensing Status:With License
DOH000000000001463,DON BOSCO HEALTH CENTER,Health Facility,Rural Health Unit,rhu,Government,0,0,CITY OF PARA?AQUE,PARANAQUE,DON BOSCO,,0,1.5,0,
DOH000000000033217,DON ENRIQUE BIRTHING HOME,Health Facility,Birthing Home,birthing,Private,1,1,QUEZON CITY,QUEZON CITY,NOVALICHES PROPER,,0,1.5,1,Licensing Status:With License
DOH000000000003784,DON GALO HEALTH CENTER,Health Facility,Rural Health Unit,rhu,Government,0,1,CITY OF PARA?AQUE,PARANAQUE,DON GALO,,0,1.5,0,Licensing Status:With License
DOH000000000040940,DON PEDRO HEALTH STATION,Health Facility,Barangay Health Station,bhs,Government,0,0,CITY OF VALENZUELA,VALENZUELA,MARULAS,,0,1.5,0,
DOH000000000040762,DOVAL SANTOS LABORATORY,Health Facility,Clinical Laboratory,clinic,Private,1,1,QUIAPO,MANILA,BARANGAY 306,,0,1.5,0,Licensing Status:With License
DOH000000000007062,DOÑA BETANG HEALTH CENTER,Health Facility,Rural Health Unit,rhu,Government,0,1,CITY OF PASIG,PASIG,SANTOLAN,,0,1.5,0,Licensing Status:With License
DOH000000000000846,DOÑA MARTA HEALTH CENTER,Health Facility,Rural Health Unit,rhu,Government,0,1,PASAY CITY,PASAY,BARANGAY 147,,0,1.5,0,Licensing Status:With License
DOH000000000009466,DOÑA MARTA LYING-IN CLINIC,Health Facility,Birthing Home,birthing,Government,0,1,PASAY CITY,PASAY,BARANGAY 147,,0,1.5,20,Licensing Status:With License
DOH000000000009473,DOÑA NENA HEALTH CENTER,Health Facility,Rural Health Unit,rhu,Government,0,1,PASAY CITY,PASAY,BARANGAY 186,,0,1.5,0,Licensing Status:With License
DOH000000000029736,DOÑA NICASIA HEALTH CENTER,Health Facility,Rural Health Unit,rhu,Government,0,0,QUEZON CITY,QUEZON CITY,COMMONWEALTH,,0,1.5,0,
DOH000000000049470,DOÑA SOLEDAD DIAGNOSTIC CENTER,Health Facility,Drug Testing Laboratory,laboratory,Private,1,1,CITY OF PARA?AQUE,PARANAQUE,SUN VALLEY,Screening (Drug testing),0,1.0,0,Licensing Status:With License
DOH000000000050206,DR CHIO AMBULATORY SURGICAL CENTRE INC.,Health Facility,Ambulatory Surgical Clinic,clinic,Private,1,1,QUEZON CITY,QUEZON CITY,BAGUMBAYAN,,0,1.5,0,Licensing Status:With License
DOH000000000040906,DR. DANILO V. MALLARI CLINIC &AMP;AMP; LABORATORY,Health Facility,Clinical Laboratory,clinic,Private,1,1,SANTA ANA,MANILA,BARANGAY 881,,0,1.5,0,Licensing Status:With License
DOH000000000009489,DR. ELVIRA M. LAGROSA HEALTH CENTER,Health Facility,Rural Health Unit,rhu,Government,0,1,PASAY CITY,PASAY,BARANGAY 76,,0,1.5,0,Licensing Status:With License
DOH000000000000493,DR. FE DEL MUNDO MEDICAL CENTER,Health Facility,Hospital,hospital,Private,1,1,QUEZON CITY,QUEZON CITY,DO?A JOSEFA,Level 2,2,3.0,60,Licensing Status:With License
DOH000000000040936,DR. GOODHEALTH FAMILY CLINIC,Health Facility,Clinical Laboratory,clinic,Private,1,1,CITY OF MARIKINA,MARIKINA,SANTO NI?O,,0,1.5,0,Licensing Status:With License
DOH000000000033200,DR. JEANETTE A. CATAPANG-COMBATE OB-GYNE CLINIC &AMP; LYING -IN,Health Facility,Birthing Home,birthing,Private,1,1,CITY OF PASIG,PASIG,PINAGBUHATAN,,0,1.5,1,Licensing Status:With License
DOH000000000000496,DR. JESUS C. DELGADO MEMORIAL HOSPITAL,Health Facility,Hospital,hospital,Private,1,1,QUEZON CITY,QUEZON CITY,KAMUNING,Level 2,2,3.0,65,Licensing Status:With License
DOH000000000000499,DR. JOSE FABELLA MEMORIAL HOSPITAL,Health Facility,Hospital,hospital,Government,0,1,SANTA CRUZ,MANILA,BARANGAY 331,Level 3,3,4.0,700,Licensing Status:With License
DOH000000000053391,DR. JOSE FABELLA MEMORIAL HOSPITAL (DJFMH) BUCAS CENTER,Health Facility,Bagong Urgent Care and Ambulatory Service,other,Government,0,0,SANTA CRUZ,MANILA,BARANGAY 353,,0,1.0,0,
DOH000000000052105,DR. JOSE N. RODRIGUEZ MEMORIAL HOSPITAL,Health Facility,Clinical Laboratory for Molecular Pathology,clinic,Government,0,1,CITY OF CALOOCAN,CALOOCAN,BARANGAY 114,,0,1.5,0,Licensing Status:With License
DOH000000000000502,DR. JOSE N. RODRIGUEZ MEMORIAL HOSPITAL AND SANITARIUM,Health Facility,Hospital,hospital,Government,0,1,CITY OF CALOOCAN,CALOOCAN,BARANGAY 188,Level 3,3,4.0,459,Licensing Status:With License
DOH000000000039045,DR. JOSE N. RODRIGUEZ MEMORIAL HOSPITAL AND SANITARIUM (TALA),Health Facility,COVID-19 Testing Laboratory,laboratory,Government,0,1,CITY OF CALOOCAN,CALOOCAN,BARANGAY 188,,0,1.0,0,Licensing Status:With License
DOH000000000007993,DR. MONTANO G. RAMOS GENERAL HOSPITAL CORP.,Health Facility,Infirmary,infirmary,Private,1,1,QUEZON CITY,QUEZON CITY,BAHAY TORO,,0,2.5,8,Licensing Status:With License
DOH000000000000508,DR. MONTANO G. RAMOS GENERAL HOSPITAL CORPORATION,Health Facility,Hospital,hospital,Private,1,1,QUEZON CITY,QUEZON CITY,RAMON MAGSAYSAY,Level 1,1,2.5,25,Licensing Status:With License
DOH000000000000519,DR. SABILI HEALTH SERVICES CORPORATION,Health Facility,Hospital,hospital,Private,1,1,CITY OF TAGUIG,TAGUIG,LOWER BICUTAN,Level 1,1,2.5,40,Licensing Status:With License
DOH000000000000523,DR. VICTOR R. POTENCIANO MEDICAL CENTER,Health Facility,Hospital,hospital,Private,1,1,CITY OF MANDALUYONG,MANDALUYONG,HIGHWAY HILLS,Level 3,3,4.0,157,Licensing Status:With License
DOH000000000040809,"DRMED HEALTHCARE, INC.",Health Facility,Clinical Laboratory,clinic,Private,1,1,QUEZON CITY,QUEZON CITY,BAHAY TORO,,0,1.5,0,Licensing Status:With License
DOH000000000040786,"DRUECO MEDICAL SPECIALIST AND MATERNITY, LYING-IN CLINIC",Health Facility,Clinical Laboratory,clinic,Private,1,1,QUEZON CITY,QUEZON CITY,NOVALICHES PROPER,,0,1.5,0,Licensing Status:With License
DOH000000000040742,DRUGCHECK MEDICAL DIAGNOSTIC,Health Facility,Clinical Laboratory,clinic,Private,1,1,QUEZON CITY,QUEZON CITY,SOCORRO,,0,1.5,0,Licensing Status:With License
DOH000000000049473,"DRUGCHECK PHILIPPINES, INC.",Health Facility,Drug Testing Laboratory,laboratory,Private,1,1,CITY OF MUNTINLUPA,MUNTINLUPA,ALABANG,Screening (Drug testing),0,1.0,0,Licensing Status:With License
DOH000000000049474,"DRUGCHECK PHILIPPINES, INC.",Health Facility,Drug Testing Laboratory,laboratory,Private,1,1,CITY OF PASIG,PASIG,ROSARIO,Screening (Drug testing),0,1.0,0,Licensing Status:With License
DOH000000000049475,"DRUGCHECK PHILIPPINES, INC.",Health Facility,Drug Testing Laboratory,laboratory,Private,1,1,QUEZON CITY,QUEZON CITY,PINYAHAN,Screening (Drug testing),0,1.0,0,Licensing Status:With License
DOH000000000049476,DRUGCHECK PHILS. INC.,Health Facility,Drug Testing Laboratory,laboratory,Private,1,1,QUEZON CITY,QUEZON CITY,SOCORRO,Screening (Drug testing),0,1.0,0,Licensing Status:With License
DOH000000000037093,DUHAT HEALTH STATION,Health Facility,Barangay Health Station,bhs,Government,0,0,CITY OF VALENZUELA,VALENZUELA,UGONG,,0,1.5,0,
DOH000000000039255,DUMAUAL DIAGNOSTIC CENTER CO.,Health Facility,Clinical Laboratory,clinic,Private,1,1,CITY OF MAKATI,MAKATI,LA PAZ,,0,1.5,0,Licensing Status:With License
DOH000000000040656,DUQUE MOTHER AND CHILD LYING-IN CLINIC INC.,Health Facility,Birthing Home,birthing,Private,1,1,CITY OF VALENZUELA,VALENZUELA,MARULAS,,0,1.5,5,Licensing Status:With License
DOH000000000040397,E &AMP; J LYING-IN CLINIC,Health Facility,Birthing Home,birthing,Private,1,1,CITY OF TAGUIG,TAGUIG,LOWER BICUTAN,,0,1.5,2,Licensing Status:With License
DOH000000000054655,E-MED DIAGNOSTICS CENTER,Health Facility,Clinical Laboratory,clinic,Private,1,1,QUEZON CITY,QUEZON CITY,BAGUMBAYAN,,0,1.5,0,Licensing Status:With License
DOH000000000049477,E. PERLAS DIAGNOSTICS AND POLYCLINIC,Health Facility,Drug Testing Laboratory,laboratory,Private,1,1,CITY OF VALENZUELA,VALENZUELA,MARULAS,Screening (Drug testing),0,1.0,0,Licensing Status:With License
DOH000000000004807,E. RODRIGUEZ HEALTH CENTER,Health Facility,Rural Health Unit,rhu,Government,0,0,CITY OF CALOOCAN,CALOOCAN,BARANGAY 93,,0,1.5,0,
DOH000000000005625,E. RODRIGUEZ HEALTH CENTER,Health Facility,Rural Health Unit,rhu,Government,0,0,QUEZON CITY,QUEZON CITY,QUIRINO 2-B,,0,1.5,0,
DOH000000000006428,E. SANTOS HEALTH CENTER,Health Facility,Rural Health Unit,rhu,Government,0,0,CITY OF PASIG,PASIG,PINAGBUHATAN,,0,1.5,0,
DOH000000000023768,E. ZARATE HOSPITAL,Health Facility,Hospital,hospital,Private,1,1,CITY OF LAS PI?AS,LAS PINAS,TALON UNO,Level 1,1,2.5,15,Licensing Status:With License
DOH000000000048291,E.C. TORRES MEDICAL CLINIC,Health Facility,Medical Facility for Overseas Workers & Seafarers,other,Private,1,1,PASAY CITY,PASAY,BARANGAY 68,,0,1.0,0,Licensing Status:With License
DOH000000000040578,E.M. MALLARI BIRTHING HOME,Health Facility,Birthing Home,birthing,Private,1,1,CITY OF CALOOCAN,CALOOCAN,BARANGAY 176-A,,0,1.5,1,Licensing Status:With License
DOH000000000040977,E.R PLUS MEDICAL AND SURGICAL CLINIC,Health Facility,Clinical Laboratory,clinic,Private,1,1,SAMPALOC,MANILA,BARANGAY 567,,0,1.5,0,Licensing Status:With License
DOH000000000052061,"EAGLE ROCK DIALYSIS &AMP; WELNESS CENTER, INC.",Health Facility,Dialysis Clinic,dialysis,Private,1,1,QUEZON CITY,QUEZON CITY,FAIRVIEW,,0,2.0,0,Licensing Status:With License
DOH000000000049480,EAS DIAGNOSTIC AND MEDICAL CLINIC,Health Facility,Drug Testing Laboratory,laboratory,Private,1,1,MALATE,MANILA,BARANGAY 689,Screening (Drug testing),0,1.0,0,Licensing Status:With License
DOH000000000000540,EAST AVENUE MEDICAL CENTER,Health Facility,Hospital,hospital,Government,0,1,QUEZON CITY,QUEZON CITY,CENTRAL,Level 3,3,4.0,1000,Licensing Status:With License
DOH000000000051419,EAST AVENUE MEDICAL CENTER (EAMC) URGENT AND AMBULATORY CARE,Health Facility,Bagong Urgent Care and Ambulatory Service,other,Government,0,0,QUEZON CITY,QUEZON CITY,CENTRAL,,0,1.0,0,
DOH000000000006986,EAST REMBO HEALTH CENTER,Health Facility,Rural Health Unit,rhu,Government,0,0,CITY OF TAGUIG,TAGUIG,EAST REMBO,,0,1.5,0,
DOH000000000040855,EAST REMBO SATELLITE LABORATORY,Health Facility,Clinical Laboratory,clinic,Government,0,1,CITY OF TAGUIG,TAGUIG,EAST REMBO,,0,1.5,0,Licensing Status:With License
DOH000000000040667,EAST REMBO SUPER HEALTH CENTER,Health Facility,Birthing Home,birthing,Government,0,1,CITY OF TAGUIG,TAGUIG,EAST REMBO,,0,1.5,5,Licensing Status:With License
DOH000000000048151,"EASTERN DOCTORS MEDICAL SERVICES, INC.",Health Facility,Medical Facility for Overseas Workers & Seafarers,other,Private,1,1,ERMITA,MANILA,BARANGAY 666,,0,1.0,0,Licensing Status:With License
DOH000000000045365,"EASTERN LITHOTRIPTERS, INC.",Health Facility,Ambulatory Surgical Clinic,clinic,Private,1,1,CITY OF MARIKINA,MARIKINA,SANTO NI?O,,0,1.5,0,Licensing Status:With License
DOH000000000041559,EASTERN MARIKINA DIALYSIS CENTER,Health Facility,Dialysis Clinic,dialysis,Private,1,1,CITY OF MARIKINA,MARIKINA,SAN ROQUE,,0,2.0,0,Licensing Status:With License
DOH000000000040975,EASY ACCESS DIAGNOSTIC CLINIC,Health Facility,Clinical Laboratory,clinic,Private,1,1,TONDO I/II,MANILA,BARANGAY 12,,0,1.5,0,Licensing Status:With License
DOH000000000049483,EBD MEDICAL AND DIAGNOSTIC CLINIC,Health Facility,Drug Testing Laboratory,laboratory,Private,1,1,CITY OF CALOOCAN,CALOOCAN,BARANGAY 171,Screening (Drug testing),0,1.0,0,Licensing Status:With License
DOH000000000040519,EBM URBAN LYING-IN CLINIC,Health Facility,Birthing Home,birthing,Private,1,1,CITY OF PASIG,PASIG,PINAGBUHATAN,,0,1.5,1,Licensing Status:With License
DOH000000000045841,ECBC DIAGNOSTICS &AMP; MEDICAL SERVICES CO.,Health Facility,Clinical Laboratory,clinic,Private,1,1,CITY OF TAGUIG,TAGUIG,NORTH SIGNAL VILLAGE,Level 1,1,2.5,0,Licensing Status:With License
DOH000000000055039,ECOHUB LABORATORY SERVICES CORP.,Health Facility,Laboratory for Drinking Water Analysis,laboratory,Private,1,1,CITY OF PASIG,PASIG,MANGGAHAN,,0,1.0,0,Licensing Status:With License
DOH000000000053060,EDCOR MEDICAL CORP.,Health Facility,Clinical Laboratory,clinic,Private,1,1,MALATE,MANILA,BARANGAY 702,,0,1.5,0,Licensing Status:With License
DOH000000000053948,EDEN’S GRACE CUSTODIAL HOME,Health Facility,Psychiatric Care Facility,other,Private,1,1,QUEZON CITY,QUEZON CITY,U.P. VILLAGE,Custodial Psychiatric Care,0,2.0,17,Licensing Status:With License
DOH000000000044378,EDMED MULTISPECIALTY CLINIC CORPORATION,Health Facility,Ambulatory Surgical Clinic,clinic,Private,1,1,QUEZON CITY,QUEZON CITY,EAST KAMIAS,,0,1.5,0,Licensing Status:With License
DOH000000000053059,EFFICARE DIAGNOSTIC AND MULTISPECIALTY CLINIC,Health Facility,Clinical Laboratory,clinic,Private,1,1,QUEZON CITY,QUEZON CITY,WEST TRIANGLE,,0,1.5,0,Licensing Status:With License
DOH000000000045742,EKSPERTAS MEDICAL AND DIAGNOSTIC CENTER,Health Facility,Clinical Laboratory,clinic,Private,1,1,CITY OF MUNTINLUPA,MUNTINLUPA,ALABANG,,0,1.5,0,Licensing Status:With License
DOH000000000049484,EL ROI MEDICAL CLINIC &AMP; DIAGNOSTIC CENTER INC.,Health Facility,Drug Testing Laboratory,laboratory,Private,1,1,MALATE,MANILA,BARANGAY 740,Screening (Drug testing),0,1.0,0,Licensing Status:With License
DOH000000000048152,"EL ROI MEDICAL CLINIC &AMP; DIAGNOSTIC CENTER, INC.",Health Facility,Medical Facility for Overseas Workers & Seafarers,other,Private,1,1,MALATE,MANILA,BARANGAY 740,,0,1.0,0,Licensing Status:With License
DOH000000000047454,"ELARSI, INC.",Health Facility,Laboratory for Drinking Water Analysis,laboratory,Private,1,1,QUEZON CITY,QUEZON CITY,WEST TRIANGLE,,0,1.0,0,Licensing Status:With License
DOH000000000002472,ELIAS ALDANA HEALTH CENTER,Health Facility,Rural Health Unit,rhu,Government,0,1,CITY OF LAS PI?AS,LAS PINAS,ELIAS ALDANA,,0,1.5,0,Licensing Status:With License
DOH000000000041650,ELITE DIALYSIS AND DIAGNOSTIC CORP.,Health Facility,Dialysis Clinic,dialysis,Private,1,1,CITY OF TAGUIG,TAGUIG,PEMBO,,0,2.0,0,Licensing Status:With License
DOH000000000054622,ELUVO HEALTH,Health Facility,Ambulatory Surgical Clinic,clinic,Private,1,1,CITY OF PARA?AQUE,PARANAQUE,TAMBO,,0,1.5,0,Licensing Status:With License
DOH000000000033248,ELVIRA DELOS SANTOS BIRTHING HOME,Health Facility,Birthing Home,birthing,Private,1,1,CITY OF VALENZUELA,VALENZUELA,ISLA,,0,1.5,1,Licensing Status:With License
DOH000000000052472,ELYSIAN BIRTHING HOME,Health Facility,Birthing Home,birthing,Private,1,1,CITY OF MUNTINLUPA,MUNTINLUPA,BAYANAN,,0,1.5,3,Licensing Status:With License
DOH000000000003839,ELYSIAN HEALTH CENTER,Health Facility,Rural Health Unit,rhu,Government,0,0,CITY OF VALENZUELA,VALENZUELA,MARULAS,,0,1.5,0,
DOH000000000040632,EM CORDERO MEDICAL &AMP; LYING-IN CLINIC OPC,Health Facility,Birthing Home,birthing,Private,1,1,CITY OF PARA?AQUE,PARANAQUE,SAN ANTONIO,,0,1.5,2,Licensing Status:With License
DOH000000000052153,EMILIO AGUINALDO COLLEGE,Health Facility,Birthing Home,birthing,Private,1,1,ERMITA,MANILA,BARANGAY 670,,0,1.5,5,Licensing Status:With License
DOH000000000040439,EMILIO AGUINALDO COLLEGE,Health Facility,Birthing Home,birthing,Private,1,1,PASAY CITY,PASAY,BARANGAY 1,,0,1.5,4,Licensing Status:With License
DOH000000000046626,EMINENT WATER LABORATORY CENTER,Health Facility,Laboratory for Drinking Water Analysis,laboratory,Private,1,1,QUEZON CITY,QUEZON CITY,SAN JOSE,,0,1.0,0,Licensing Status:With License
DOH000000000049485,EMMANUEL MEDICAL &AMP; DIAGNOSTIC CENTER,Health Facility,Drug Testing Laboratory,laboratory,Private,1,1,MALATE,MANILA,BARANGAY 725,Screening (Drug testing),0,1.0,0,Licensing Status:With License
DOH000000000048154,EMMANUEL MEDICAL AND DIAGNOSTIC CENTER,Health Facility,Medical Facility for Overseas Workers & Seafarers,other,Private,1,1,MALATE,MANILA,BARANGAY 741,,0,1.0,0,Licensing Status:With License
DOH000000000022899,EMPLOYEES CLINIC,Health Facility,Rural Health Unit,rhu,Government,0,0,CITY OF LAS PI?AS,LAS PINAS,PAMPLONA TRES,,0,1.5,0,
DOH000000000022812,EMPLOYEES CLINIC,Health Facility,Rural Health Unit,rhu,Government,0,0,CITY OF MANDALUYONG,MANDALUYONG,PLAINVIEW,,0,1.5,0,
DOH000000000050542,ENTRUSTED HANDS MATERNAL &AMP; CHILDBIRTH CAREPROVIDERS BIRTHING STATION,Health Facility,Birthing Home,birthing,Private,1,1,CITY OF CALOOCAN,CALOOCAN,BARANGAY 185,,0,1.5,2,Licensing Status:With License
DOH000000000047453,ENVIRONMENTAL HEALTH LABORATORY SERVICE COOPERATIVE,Health Facility,Laboratory for Drinking Water Analysis,laboratory,Private,1,1,QUEZON CITY,QUEZON CITY,HOLY SPIRIT,,0,1.0,0,Licensing Status:With License
DOH000000000052448,ENVIRONMENTAL HEALTH LABORATORY SERVICE COOPERATIVE - QC,Health Facility,Laboratory for Drinking Water Analysis,laboratory,Private,1,1,QUEZON CITY,QUEZON CITY,FAIRVIEW,,0,1.0,0,Licensing Status:With License
DOH000000000047464,ENVIRONMENTAL HEALTH LABORATORY SERVICE COOPERATIVE - TAGUIG,Health Facility,Laboratory for Drinking Water Analysis,laboratory,Private,1,1,CITY OF TAGUIG,TAGUIG,TUKTUKAN,,0,1.0,0,Licensing Status:With License
DOH000000000039212,ERICH VACCINATION CLINIC & LABORATORY,Health Facility,Clinical Laboratory,clinic,Private,1,1,CITY OF LAS PI?AS,LAS PINAS,PULANG LUPA DOS,Level 2,2,3.0,0,Licensing Status:With License
DOH000000000040405,ERMA BIRTHING HOME CLINIC,Health Facility,Birthing Home,birthing,Private,1,1,QUEZON CITY,QUEZON CITY,COMMONWEALTH,,0,1.5,1,Licensing Status:With License
DOH000000000003457,ERMIN GARCIA HEALTH CENTER,Health Facility,Rural Health Unit,rhu,Government,0,0,QUEZON CITY,QUEZON CITY,E. RODRIGUEZ,,0,1.5,0,
DOH000000000010030,ERMITAÑO HEALTH CENTER,Health Facility,Rural Health Unit,rhu,Government,0,0,CITY OF SAN JUAN,SAN JUAN,ERMITA?O,,0,1.5,0,
DOH000000000007293,ERMITAÑO HEALTH STATION,Health Facility,Barangay Health Station,bhs,Government,0,0,CITY OF SAN JUAN,SAN JUAN,ERMITA?O,,0,1.5,0,
DOH000000000050280,ERX ONE WORLD PH,Health Facility,Dialysis Clinic,dialysis,Private,1,1,QUEZON CITY,QUEZON CITY,LOURDES,,0,2.0,15,Licensing Status:With License
DOH000000000007029,ESCOPA HEALTH CENTER,Health Facility,Rural Health Unit,rhu,Government,0,0,QUEZON CITY,QUEZON CITY,ESCOPA I,Level 1,1,2.5,0,
DOH000000000053058,ESMAO MEDICAL AND DIAGNOSTIC CLINIC,Health Facility,Clinical Laboratory,clinic,Private,1,1,CITY OF MALABON,MALABON,PANGHULO,,0,1.5,0,Licensing Status:With License
DOH000000000000850,ESPERANZA HEALTH CENTER,Health Facility,Rural Health Unit,rhu,Government,0,1,SAMPALOC,MANILA,BARANGAY 592,,0,1.5,0,Licensing Status:With License
DOH000000000049487,ESSENCE MEDICAL AND LABORATORY CLINIC,Health Facility,Drug Testing Laboratory,laboratory,Private,1,1,CITY OF MAKATI,MAKATI,LA PAZ,Screening (Drug testing),0,1.0,0,Licensing Status:With License
DOH000000000041121,ESTRELLA LABORATORY &AMP; DIAGNOSTIC CLINIC,Health Facility,Clinical Laboratory,clinic,Private,1,1,PASAY CITY,PASAY,BARANGAY 70,,0,1.5,0,Licensing Status:With License
DOH000000000049494,ESTRELLA LABORATORY AND DIAGNOSTIC CLINIC,Health Facility,Drug Testing Laboratory,laboratory,Private,1,1,PASAY CITY,PASAY,BARANGAY 70,Screening (Drug testing),0,1.0,0,Licensing Status:With License
DOH000000000050175,ESTRELLA LYING-IN MEDICAL CLINIC,Health Facility,Birthing Home,birthing,Private,1,1,CITY OF CALOOCAN,CALOOCAN,BARANGAY 179,,0,1.5,2,Licensing Status:With License
DOH000000000007994,"ESTRELLAS NEX-CARE, CO.",Health Facility,Psychiatric Care Facility,other,Private,1,1,QUEZON CITY,QUEZON CITY,QUIRINO 2-C,,0,2.0,55,Licensing Status:With License
DOH000000000040468,ETL-GS MATERNITY CLINIC,Health Facility,Birthing Home,birthing,Private,1,1,CITY OF LAS PI?AS,LAS PINAS,TALON SINGKO,,0,1.5,4,Licensing Status:With License
DOH000000000054746,"EUROFINS ANALYTICAL AND ASSURANCE SERVICES PHILIPPINES, INC.",Health Facility,Laboratory for Drinking Water Analysis,laboratory,Private,1,1,QUEZON CITY,QUEZON CITY,KATIPUNAN,,0,1.0,0,Licensing Status:With License
DOH000000000053278,EUROLAB PHIL-FRENCH LABORATORY SERVICE INC.,Health Facility,Laboratory for Drinking Water Analysis,laboratory,Private,1,1,CITY OF MAKATI,MAKATI,BANGKAL,,0,1.0,0,Licensing Status:With License
DOH000000000040990,EVANS MEDICAL DIAGNOSTIC CENTER,Health Facility,Clinical Laboratory,clinic,Private,1,1,CITY OF MUNTINLUPA,MUNTINLUPA,BAYANAN,,0,1.5,0,Licensing Status:With License
DOH000000000049496,"EVERGREEN MEDICAL AND DIAGNOSTIC CENTER, INC.",Health Facility,Drug Testing Laboratory,laboratory,Private,1,1,PASAY CITY,PASAY,BARANGAY 142,Screening (Drug testing),0,1.0,0,Licensing Status:With License
DOH000000000048292,"EVERGREEN MEDICAL AND DIAGNOSTIC CTR., INC.",Health Facility,Medical Facility for Overseas Workers & Seafarers,other,Private,1,1,PASAY CITY,PASAY,BARANGAY 142,,0,1.0,0,Licensing Status:With License
DOH000000000051949,EW VILLA MEDICA MANILA PREMIER CENTER BY BRM CENTERS OPC,Health Facility,Stem Cell Treatment Clinics,clinic,Private,1,1,PASAY CITY,PASAY,BARANGAY 183,,0,1.5,0,Licensing Status:With License
DOH000000000049497,EXACT CHECK DIAGNOSTIC CENTER INC.,Health Facility,Drug Testing Laboratory,laboratory,Private,1,1,QUEZON CITY,QUEZON CITY,BAGUMBAYAN,Screening (Drug testing),0,1.0,0,Licensing Status:With License
DOH000000000040435,"EXACT CHECK DIAGNOSTIC CENTER, INC.",Health Facility,Clinical Laboratory,clinic,Private,1,1,QUEZON CITY,QUEZON CITY,MANRESA,,0,1.5,0,Licensing Status:With License
DOH000000000041072,"EXACT CHECK DIAGNOSTIC CENTER, INC. - LIBIS",Health Facility,Clinical Laboratory,clinic,Private,1,1,QUEZON CITY,QUEZON CITY,BAGUMBAYAN,,0,1.5,0,Licensing Status:With License
DOH000000000040436,EXCELLCARE MEDICAL SYSTEM INC.,Health Facility,Birthing Home,birthing,Private,1,1,CITY OF CALOOCAN,CALOOCAN,BARANGAY 173,,0,1.5,6,Licensing Status:With License
DOH000000000039174,"EXCELLCARE MEDICAL SYSTEM, INC.",Health Facility,Clinical Laboratory,clinic,Private,1,1,CITY OF CALOOCAN,CALOOCAN,BARANGAY 173,Level 2,2,3.0,0,Licensing Status:With License
DOH000000000046439,EYECAN CATARACT SURGERY CENTER AND EYE CARE CLINIC,Health Facility,Ambulatory Surgical Clinic,clinic,Private,1,1,CITY OF SAN JUAN,SAN JUAN,GREENHILLS,,0,1.5,0,Licensing Status:With License
DOH000000000007021,F. LANUZA HEALTH CENTER,Health Facility,Rural Health Unit,rhu,Government,0,1,SANTA CRUZ,MANILA,BARANGAY 334,,0,1.5,0,Licensing Status:With License
DOH000000000000851,F. LEGARDA HEALTH CENTER,Health Facility,Rural Health Unit,rhu,Government,0,1,SAMPALOC,MANILA,BARANGAY 550,,0,1.5,0,Licensing Status:With License
DOH000000000047461,F.A.S.T. LABORATORIES - CUBAO,Health Facility,Laboratory for Drinking Water Analysis,laboratory,Private,1,1,QUEZON CITY,QUEZON CITY,SAN ROQUE,,0,1.0,0,Licensing Status:With License
DOH000000000041042,F.B. ANCHETA CHILDREN'S MEDICAL AND DIAGNOSTIC CENTER,Health Facility,Clinical Laboratory,clinic,Private,1,1,CITY OF PASIG,PASIG,MANGGAHAN,,0,1.5,0,Licensing Status:With License
DOH000000000040542,F.C. RICO BIRTHING HOME,Health Facility,Birthing Home,birthing,Private,1,1,CITY OF CALOOCAN,CALOOCAN,BARANGAY 176-A,,0,1.5,2,Licensing Status:With License
DOH000000000055013,F.Y. MANALO MEDICAL FOUNDATION,Health Facility,Clinical Laboratory for Molecular Pathology,clinic,Private,1,0,QUEZON CITY,QUEZON CITY,COMMONWEALTH,,0,1.5,0,Licensing Status:Without License
DOH000000000006711,"F.Y. MANALO MEDICAL FOUNDATION, INC.",Health Facility,Hospital,hospital,Private,1,1,QUEZON CITY,QUEZON CITY,NEW ERA,Level 2,2,3.0,100,Licensing Status:With License
DOH000000000040997,F4K LABORATORY,Health Facility,Clinical Laboratory,clinic,Private,1,1,SAMPALOC,MANILA,BARANGAY 566,,0,1.5,0,Licensing Status:With License
DOH000000000049499,FAIRCARE X-RAY &AMP; CLINICAL LABORATORY,Health Facility,Drug Testing Laboratory,laboratory,Private,1,1,CITY OF PASIG,PASIG,SAN NICOLAS (POB.),Screening (Drug testing),0,1.0,0,Licensing Status:With License
DOH000000000043388,FAIRCARE X-RAY AND CLINICAL LABORATORY,Health Facility,Clinical Laboratory,clinic,Private,1,1,CITY OF PASIG,PASIG,SAN NICOLAS (POB.),,0,1.5,0,Licensing Status:With License
DOH000000000040801,FAIRVIEW CLINICAL LABORATORY,Health Facility,Clinical Laboratory,clinic,Government,0,1,QUEZON CITY,QUEZON CITY,FAIRVIEW,,0,1.5,0,Licensing Status:With License
DOH000000000000546,"FAIRVIEW GENERAL HOSPITAL, INC.",Health Facility,Hospital,hospital,Private,1,1,QUEZON CITY,QUEZON CITY,FAIRVIEW,Level 1,1,2.5,30,Licensing Status:With License
DOH000000000007256,FAIRVIEW HEALTH CENTER,Health Facility,Rural Health Unit,rhu,Government,0,0,QUEZON CITY,QUEZON CITY,FAIRVIEW,,0,1.5,0,
DOH000000000040623,FAJARDO MEDICAL CLINIC,Health Facility,Birthing Home,birthing,Private,1,1,TONDO I/II,MANILA,BARANGAY 200,,0,1.5,2,Licensing Status:With License
DOH000000000052473,FAJARITO MATERNITY CLINIC,Health Facility,Birthing Home,birthing,Private,1,1,CITY OF NAVOTAS,NAVOTAS,SAN ROQUE,,0,1.5,1,Licensing Status:With License
DOH000000000039168,FAMILY CHECK CLINICAL LABORATORY,Health Facility,Clinical Laboratory,clinic,Private,1,1,CITY OF CALOOCAN,CALOOCAN,BARANGAY 177,,0,1.5,0,Licensing Status:With License
DOH000000000047659,FAMILY FIRST MULTISPECIALTY DIAGNOSTIC &AMP; MATERNITY CLINIC CORP.,Health Facility,Clinical Laboratory,clinic,Private,1,1,CITY OF MALABON,MALABON,TUGATOG,,0,1.5,0,Licensing Status:With License
DOH000000000040521,"FAMILY FIRST MULTISPECIALTY, DIAGNOSTIC AND MATERNITY CLINIC CORP",Health Facility,Birthing Home,birthing,Private,1,1,CITY OF MALABON,MALABON,TUGATOG,,0,1.5,4,Licensing Status:With License
DOH000000000049501,FATIMA MEDICAL CENTER,Health Facility,Drug Testing Laboratory,laboratory,Private,1,1,CITY OF VALENZUELA,VALENZUELA,MARULAS,Screening (Drug testing),0,1.0,0,Licensing Status:With License
DOH000000000006013,"FATIMA UNIVERSITY MEDICAL CENTER, CORPORATION",Health Facility,Hospital,hospital,Private,1,1,CITY OF VALENZUELA,VALENZUELA,MARULAS,Level 3,3,4.0,150,Licensing Status:With License
DOH000000000041079,"FAUSTINO G. ALVIAR DIAGNOSTIC LABORATORY, INC.",Health Facility,Clinical Laboratory,clinic,Private,1,1,CITY OF PARA?AQUE,PARANAQUE,SAN DIONISIO,,0,1.5,0,Licensing Status:With License
DOH000000000040870,FCI LABORATORY AND MEDICAL SERVICES,Health Facility,Clinical Laboratory,clinic,Private,1,1,QUEZON CITY,QUEZON CITY,DAMAYANG LAGI,,0,1.5,0,Licensing Status:With License
DOH000000000040800,FERN DIAGNOSTIC CENTER,Health Facility,Clinical Laboratory,clinic,Private,1,1,QUEZON CITY,QUEZON CITY,SOCORRO,,0,1.5,0,Licensing Status:With License
DOH000000000051117,FERTILITY PHILIPPINES IVF CORPORATION,Health Facility,Ambulatory Surgical Clinic,clinic,Private,1,1,CITY OF MAKATI,MAKATI,POBLACION,,0,1.5,0,Licensing Status:With License
DOH000000000049503,FEU-DR. NICANOR REYES MEDICAL FOUNDATION INSTITUTE-CLINICAL LABORATORY,Health Facility,Drug Testing Laboratory,laboratory,Private,1,1,QUEZON CITY,QUEZON CITY,FAIRVIEW,Screening (Drug testing),0,1.0,0,Licensing Status:With License
DOH000000000049041,FIL-AM RESCUE EQUIPMENT TRADING,Health Facility,Ambulance Service Provider,ambulance,Private,1,1,SAMPALOC,MANILA,BARANGAY 471,,0,0.5,0,Licensing Status:With License
DOH000000000043340,"FIRST MEDICAL TEAM (F.M.T.) HEALTHCARE SPECIALIST GROUP, INC.",Health Facility,Medical Facility for Overseas Workers & Seafarers,other,Private,1,1,MALATE,MANILA,BARANGAY 722,,0,1.0,0,Licensing Status:With License
DOH000000000049504,"FIRST MEDICAL TEAM HEALTHCARE SPECIALIST GROUP, INC.",Health Facility,Drug Testing Laboratory,laboratory,Private,1,1,MALATE,MANILA,BARANGAY 722,Screening (Drug testing),0,1.0,0,Licensing Status:With License
DOH000000000007263,FLORES HEALTH CENTER,Health Facility,Rural Health Unit,rhu,Government,0,0,CITY OF MALABON,MALABON,FLORES,,0,1.5,0,
DOH000000000041615,"FMA PR1ME CARE, INC.",Health Facility,Dialysis Clinic,dialysis,Private,1,1,QUEZON CITY,QUEZON CITY,COMMONWEALTH,,0,2.0,0,Licensing Status:With License
DOH000000000040528,FMC MOONWALK MIDWIFERY CLINIC,Health Facility,Birthing Home,birthing,Private,1,1,CITY OF PARA?AQUE,PARANAQUE,DON BOSCO,,0,1.5,4,Licensing Status:With License
DOH000000000049967,FOREVER MEDICAL (AESTHETIC AND WELLNESS CLINIC),Health Facility,Ambulatory Surgical Clinic,clinic,Private,1,1,CITY OF MAKATI,MAKATI,SAN ANTONIO,,0,1.5,0,Licensing Status:With License
DOH000000000025814,FORT BONIFACIO HEALTH CENTER,Health Facility,Rural Health Unit,rhu,Government,0,0,CITY OF TAGUIG,TAGUIG,FORT BONIFACIO,,0,1.5,0,
DOH000000000043851,"FORTMED MEDICAL CLINICS MAKATI, INC.",Health Facility,Clinical Laboratory,clinic,Private,1,1,CITY OF MAKATI,MAKATI,BEL-AIR,,0,1.5,0,Licensing Status:With License
DOH000000000040829,FORTUNE AMARIS DIAGNOSTIC CENTER,Health Facility,Clinical Laboratory,clinic,Private,1,1,SANTA CRUZ,MANILA,BARANGAY 339,,0,1.5,0,Licensing Status:With License
DOH000000000049506,FORTUNE AMARIS DRUG TESTING CENTER,Health Facility,Drug Testing Laboratory,laboratory,Private,1,1,SANTA CRUZ,MANILA,BARANGAY 339,Screening (Drug testing),0,1.0,0,Licensing Status:With License
DOH000000000049917,FORTUNE HEALTH CENTER,Health Facility,Rural Health Unit,rhu,Government,0,1,CITY OF MARIKINA,MARIKINA,FORTUNE,,0,1.5,0,Licensing Status:With License
DOH000000000000690,"FOUNDATION OF OUR LADY OF PEACE MISSION, INC.-OUR LADY OF PEACE HOSPITAL",Health Facility,Hospital,hospital,Private,1,1,CITY OF PARA?AQUE,PARANAQUE,SAN DIONISIO,Level 1,1,2.5,90,Licensing Status:With License
DOH000000000000852,FRANCISCO HEALTH CENTER,Health Facility,Rural Health Unit,rhu,Government,0,0,CITY OF CALOOCAN,CALOOCAN,BARANGAY 75,,0,1.5,0,
DOH000000000041038,FRANCISCO MEDICAL CLINIC,Health Facility,Clinical Laboratory,clinic,Private,1,1,CITY OF PASIG,PASIG,PINAGBUHATAN,,0,1.5,0,Licensing Status:With License
DOH000000000051657,FREP DIAGNOSTIC LABORATORY,Health Facility,Clinical Laboratory,clinic,Private,1,1,QUEZON CITY,QUEZON CITY,FAIRVIEW,,0,1.5,0,Licensing Status:With License
DOH000000000041651,FRESENIUS KIDNEY CARE,Health Facility,Dialysis Clinic,dialysis,Private,1,1,CITY OF MAKATI,MAKATI,MAGALLANES,,0,2.0,0,Licensing Status:With License
DOH000000000041707,FRESENIUS KIDNEY CARE,Health Facility,Dialysis Clinic,dialysis,Private,1,1,CITY OF MUNTINLUPA,MUNTINLUPA,ALABANG,,0,2.0,0,Licensing Status:With License
DOH000000000041712,FRESENIUS KIDNEY CARE,Health Facility,Dialysis Clinic,dialysis,Private,1,1,CITY OF PARA?AQUE,PARANAQUE,SAN DIONISIO,,0,2.0,0,Licensing Status:With License
DOH000000000041595,FRESENIUS KIDNEY CARE,Health Facility,Dialysis Clinic,dialysis,Private,1,1,QUEZON CITY,QUEZON CITY,FAIRVIEW,,0,2.0,0,Licensing Status:With License
DOH000000000046413,"FRIENDLYCARE FOUNDATION, INC.",Health Facility,Ambulatory Surgical Clinic,clinic,Private,1,1,CITY OF PASIG,PASIG,SAN ANTONIO,,0,1.5,0,Licensing Status:With License
DOH000000000053057,"FRIENDLYCARE FOUNDATION, INC.",Health Facility,Clinical Laboratory,clinic,Private,1,1,QUEZON CITY,QUEZON CITY,NOVALICHES PROPER,,0,1.5,0,Licensing Status:With License
DOH000000000040779,"FRIENDLYCARE FOUNDATION, INC. - CUBAO",Health Facility,Clinical Laboratory,clinic,Private,1,1,QUEZON CITY,QUEZON CITY,TAGUMPAY,,0,1.5,0,Licensing Status:With License
DOH000000000049507,"FRIENDLYCARE FOUNDATION, INC. - CUBAO CLINIC",Health Facility,Drug Testing Laboratory,laboratory,Private,1,1,QUEZON CITY,QUEZON CITY,TAGUMPAY,Screening (Drug testing),0,1.0,0,Licensing Status:With License
DOH000000000040470,FUENTES MATERNITY CLINIC &AMP; MEDICAL SUPPLY,Health Facility,Birthing Home,birthing,Private,1,1,CITY OF PASIG,PASIG,KALAWAAN,,0,1.5,1,Licensing Status:With License
DOH000000000007979,FULL HOUSE CUSTODIAL CARE CENTER,Health Facility,Psychiatric Care Facility,other,Private,1,1,QUEZON CITY,QUEZON CITY,EAST KAMIAS,,0,2.0,25,Licensing Status:With License
DOH000000000053061,FUTURECARE MEDICAL AND LABORATORY CENTER INC.,Health Facility,Clinical Laboratory,clinic,Private,1,1,QUEZON CITY,QUEZON CITY,NOVALICHES PROPER,,0,1.5,0,Licensing Status:With License
DOH000000000040645,"FYM MEMORIAL PUERICULTURE CENTER AND MATERNITY CLINIC, INC.",Health Facility,Birthing Home,birthing,Private,1,1,CITY OF SAN JUAN,SAN JUAN,KABAYANAN,,0,1.5,7,Licensing Status:With License
DOH000000000040744,G.M. SANTOS MEDICAL CLINICAL LABORATORY,Health Facility,Clinical Laboratory,clinic,Private,1,1,QUEZON CITY,QUEZON CITY,TATALON,,0,1.5,0,Licensing Status:With License
DOH000000000040371,G.S. MATERNITY CLINIC,Health Facility,Birthing Home,birthing,Private,1,1,CITY OF MARIKINA,MARIKINA,FORTUNE,,0,1.5,1,Licensing Status:With License
DOH000000000046162,GA CARECENTRAL MEDICAL AND DENTAL CENTER,Health Facility,Clinical Laboratory,clinic,Private,1,1,CITY OF TAGUIG,TAGUIG,PEMBO,,0,1.5,0,Licensing Status:With License
DOH000000000040814,GABRIELLE-NORAINE DIAGNOSTIC CLINIC,Health Facility,Clinical Laboratory,clinic,Private,1,1,QUEZON CITY,QUEZON CITY,PASONG PUTIK PROPER,,0,1.5,0,Licensing Status:With License
DOH000000000005075,GALAS HEALTH CENTER,Health Facility,Rural Health Unit,rhu,Government,0,1,QUEZON CITY,QUEZON CITY,SAN ISIDRO,,0,1.5,0,Licensing Status:With License
DOH000000000045348,GALILEO SURGICENTER,Health Facility,Ambulatory Surgical Clinic,clinic,Private,1,1,CITY OF MANDALUYONG,MANDALUYONG,WACK-WACK GREENHILLS,,0,1.5,0,Licensing Status:With License
DOH000000000048155,GALINOS MEDICAL CLINIC INC.,Health Facility,Medical Facility for Overseas Workers & Seafarers,other,Private,1,1,MALATE,MANILA,BARANGAY 725,,0,1.0,0,Licensing Status:With License
DOH000000000049508,"GALINOS MEDICAL CLINIC, INC.",Health Facility,Drug Testing Laboratory,laboratory,Private,1,1,MALATE,MANILA,BARANGAY 725,Screening (Drug testing),0,1.0,0,Licensing Status:With License
DOH000000000054727,GAMES AND AMUSEMENTS BOARD - MAKATI CITY,Health Facility,Ambulance Service Provider,ambulance,Private,1,1,CITY OF MAKATI,MAKATI,SAN LORENZO,,0,0.5,0,Licensing Status:With License
DOH000000000049509,GAMMACARE MEDICAL SERVICES INC.,Health Facility,Drug Testing Laboratory,laboratory,Private,1,1,CITY OF CALOOCAN,CALOOCAN,BARANGAY 179,Screening (Drug testing),0,1.0,0,Licensing Status:With License
DOH000000000039191,"GAMMACARE MEDICAL SERVICES, INC.",Health Facility,Clinical Laboratory,clinic,Private,1,1,CITY OF CALOOCAN,CALOOCAN,BARANGAY 179,Level 3,3,4.0,0,Licensing Status:With License
DOH000000000007507,GARCIA GENERAL HOSPITAL,Health Facility,Hospital,hospital,Private,1,1,CITY OF MARIKINA,MARIKINA,MARIKINA HEIGHTS,Level 1,1,2.5,24,Licensing Status:With License
DOH000000000004708,GAT ANDRES BONIFACIO MEMORIAL MEDICAL CENTER,Health Facility,Hospital,hospital,Government,0,1,TONDO I/II,MANILA,BARANGAY 12,Level 1,1,2.5,150,Licensing Status:With License
DOH000000000000867,GATCHALIAN HEALTH CENTER,Health Facility,Rural Health Unit,rhu,Government,0,0,CITY OF LAS PI?AS,LAS PINAS,MANUYO DOS,,0,1.5,0,
DOH000000000040716,GEN AND RICS MATERNITY CLINIC,Health Facility,Birthing Home,birthing,Private,1,1,CITY OF PASIG,PASIG,PINAGBUHATAN,,0,1.5,1,Licensing Status:With License
DOH000000000040967,GEN DIAGNOSTIC LABORATORY,Health Facility,Clinical Laboratory,clinic,Private,1,1,CITY OF VALENZUELA,VALENZUELA,DALANDANAN,,0,1.5,0,Licensing Status:With License
DOH000000000000550,"GEN. MIGUEL MALVAR MEDICAL RESEARCH FOUNDATION, INC.",Health Facility,Hospital,hospital,Private,1,1,QUEZON CITY,QUEZON CITY,MATANDANG BALARA,Level 1,1,2.5,46,Licensing Status:With License
DOH000000000010913,GEN. T. DE LEON 3S HEALTH CENTER,Health Facility,Rural Health Unit,rhu,Government,0,0,CITY OF VALENZUELA,VALENZUELA,GEN. T. DE LEON,,0,1.5,0,
DOH000000000007532,GEN. T. DE LEON I HEALTH CENTER,Health Facility,Rural Health Unit,rhu,Government,0,0,CITY OF VALENZUELA,VALENZUELA,GEN. T. DE LEON,,0,1.5,0,
DOH000000000040576,GEN. T. DE LEON LYING IN CLINIC,Health Facility,Birthing Home,birthing,Government,0,1,CITY OF VALENZUELA,VALENZUELA,GEN. T. DE LEON,,0,1.5,3,Licensing Status:With License
DOH000000000049510,"GENERAL MIGUEL MALVAR MEDICAL RESEARCH FOUNDATION, INC.",Health Facility,Drug Testing Laboratory,laboratory,Private,1,1,QUEZON CITY,QUEZON CITY,OLD CAPITOL SITE,Screening (Drug testing),0,1.0,0,Licensing Status:With License
DOH000000000044380,GENOVA SURGICAL CARE CO.,Health Facility,Ambulatory Surgical Clinic,clinic,Private,1,1,QUEZON CITY,QUEZON CITY,BATASAN HILLS,,0,1.5,0,Licensing Status:With License
DOH000000000052903,GENPRO FERTILITY AND IVF CORPORATION,Health Facility,Ambulatory Surgical Clinic,clinic,Private,1,1,CITY OF MUNTINLUPA,MUNTINLUPA,ALABANG,,0,1.5,0,Licensing Status:With License
DOH000000000049511,GENSENS INC.,Health Facility,Drug Testing Laboratory,laboratory,Private,1,1,QUEZON CITY,QUEZON CITY,TATALON,Screening (Drug testing),0,1.0,0,Licensing Status:With License
DOH000000000043606,"GENSENS, INC.",Health Facility,Clinical Laboratory,clinic,Private,1,1,QUEZON CITY,QUEZON CITY,TATALON,,0,1.5,0,Licensing Status:With License
DOH000000000050195,GENTLEBIRTH LYING-IN CLINIC,Health Facility,Birthing Home,birthing,Private,1,1,QUEZON CITY,QUEZON CITY,TATALON,,0,1.5,1,Licensing Status:With License
DOH000000000033198,GERTRUDES LUDERICO BIRTHING CLINIC,Health Facility,Birthing Home,birthing,Private,1,1,CITY OF PASIG,PASIG,SANTA LUCIA,,0,1.5,4,Licensing Status:With License
DOH000000000049512,"GIAN HEALTHCARE, INC.",Health Facility,Drug Testing Laboratory,laboratory,Private,1,1,QUEZON CITY,QUEZON CITY,SOUTH TRIANGLE,Screening (Drug testing),0,1.0,0,Licensing Status:With License
DOH000000000049513,GILCARE DIAGNOSTIC CLINIC,Health Facility,Drug Testing Laboratory,laboratory,Private,1,1,QUEZON CITY,QUEZON CITY,CENTRAL,Screening (Drug testing),0,1.0,0,Licensing Status:With License
DOH000000000053173,GKA MEDICAL AND DIAGNOSTIC CENTER OPC,Health Facility,Clinical Laboratory,clinic,Private,1,1,QUEZON CITY,QUEZON CITY,TANDANG SORA,,0,1.5,0,Licensing Status:With License
DOH000000000049514,GL ORO DRUG TESTING LABORATORY,Health Facility,Drug Testing Laboratory,laboratory,Private,1,1,QUEZON CITY,QUEZON CITY,KALIGAYAHAN,Screening (Drug testing),0,1.0,0,Licensing Status:With License
DOH000000000040624,GLO MATERNITY & LYING-IN CLINIC,Health Facility,Birthing Home,birthing,Private,1,1,QUEZON CITY,QUEZON CITY,SAUYO,,0,1.5,3,Licensing Status:With License
DOH000000000050167,GLOBAL ELIXIR WATER LABORATORY CENTER INC.,Health Facility,Laboratory for Chemical Analysis for Dialysis Wate,dialysis,Private,1,1,QUEZON CITY,QUEZON CITY,MAHARLIKA,,0,2.0,0,Licensing Status:With License
DOH000000000047470,GLOBAL ELIXIR WATER LABORATORY INC.,Health Facility,Laboratory for Drinking Water Analysis,laboratory,Private,1,1,QUEZON CITY,QUEZON CITY,MAHARLIKA,,0,1.0,0,Licensing Status:With License
DOH000000000049515,GLOBAL HEALTH DIAGNOSTICS,Health Facility,Drug Testing Laboratory,laboratory,Private,1,1,CITY OF PARA?AQUE,PARANAQUE,SAN ANTONIO,Screening (Drug testing),0,1.0,0,Licensing Status:With License
DOH000000000049517,GLOBAL HEALTH DIAGNOSTICS,Health Facility,Drug Testing Laboratory,laboratory,Private,1,1,PASAY CITY,PASAY,BARANGAY 73,Screening (Drug testing),0,1.0,0,Licensing Status:With License
DOH000000000049516,GLOBAL HEALTH DIAGNOSTICS,Health Facility,Drug Testing Laboratory,laboratory,Private,1,1,QUEZON CITY,QUEZON CITY,CENTRAL,Screening (Drug testing),0,1.0,0,Licensing Status:With License
DOH000000000041100,GLOBAL HEALTH DIAGNOSTICS - PARAÑAQUE,Health Facility,Clinical Laboratory,clinic,Private,1,1,CITY OF PARA?AQUE,PARANAQUE,SAN ANTONIO,,0,1.5,0,Licensing Status:With License
DOH000000000041276,GLOBAL HEALTH DIAGNOSTICS - PASAY,Health Facility,Clinical Laboratory,clinic,Private,1,1,PASAY CITY,PASAY,BARANGAY 73,,0,1.5,0,Licensing Status:With License
DOH000000000040986,GLOBAL HEALTH INDUSTRIAL CLINIC &AMP; LABORATORY,Health Facility,Clinical Laboratory,clinic,Private,1,1,CITY OF MUNTINLUPA,MUNTINLUPA,BAYANAN,,0,1.5,0,Licensing Status:With License
DOH000000000049518,GLOBAL HEALTH INDUSTRIAL CLINIC AND LABORATORY,Health Facility,Drug Testing Laboratory,laboratory,Private,1,1,CITY OF MUNTINLUPA,MUNTINLUPA,BAYANAN,Screening (Drug testing),0,1.0,0,Licensing Status:With License
DOH000000000039342,GLOBAL MULTISPECIALTY HEALTH & WELLNESS CLINIC,Health Facility,Clinical Laboratory,clinic,Private,1,1,CITY OF MANDALUYONG,MANDALUYONG,PAG-ASA,Level 2,2,3.0,0,Licensing Status:With License
DOH000000000053063,GLOBAL MULTISPECIALTY HEALTH AND WELLNESS CLINIC,Health Facility,Clinical Laboratory,clinic,Private,1,1,PACO,MANILA,BARANGAY 686,,0,1.5,0,Licensing Status:With License
DOH000000000053176,"GLOBALHEALTH DIAGNOSTIC CENTER, INC.",Health Facility,Clinical Laboratory,clinic,Private,1,1,QUEZON CITY,QUEZON CITY,DUYAN-DUYAN,,0,1.5,0,Licensing Status:With License
DOH000000000040880,"GLOBALHEALTH DIAGNOSTIC CENTER, INC.",Health Facility,Clinical Laboratory,clinic,Private,1,1,CITY OF SAN JUAN,SAN JUAN,PEDRO CRUZ,,0,1.5,0,Licensing Status:With License
DOH000000000040802,GLOBALHEALTH DIAGNOSTICS - QC,Health Facility,Clinical Laboratory,clinic,Private,1,1,QUEZON CITY,QUEZON CITY,CENTRAL,,0,1.5,0,Licensing Status:With License
DOH000000000049520,GLOBALIFE MEDICAL LABORATORY &AMP; POLYCLINIC,Health Facility,Drug Testing Laboratory,laboratory,Private,1,1,PASAY CITY,PASAY,BARANGAY 76,Screening (Drug testing),0,1.0,0,Licensing Status:With License
DOH000000000041282,GLOBALIFE MEDICAL LABORATORY AND POLYCLINIC,Health Facility,Clinical Laboratory,clinic,Private,1,1,PASAY CITY,PASAY,BARANGAY 76,,0,1.5,0,Licensing Status:With License
DOH000000000049521,GLOBE MEDICAL IMAGING AND LABORATORY INC.,Health Facility,Drug Testing Laboratory,laboratory,Private,1,1,QUEZON CITY,QUEZON CITY,SIENNA,Screening (Drug testing),0,1.0,0,Licensing Status:With License
DOH000000000040787,"GLOBE MEDICAL IMAGING AND LABORATORY, INC.",Health Facility,Clinical Laboratory,clinic,Private,1,1,QUEZON CITY,QUEZON CITY,SIENNA,,0,1.5,0,Licensing Status:With License
DOH000000000039246,GLOBETEK DIAGNOSTIC CENTER,Health Facility,Clinical Laboratory,clinic,Private,1,1,CITY OF MAKATI,MAKATI,SAN ANTONIO,,0,1.5,0,Licensing Status:With License
DOH000000000040524,GLORIOUS BIRTHING CLINIC,Health Facility,Birthing Home,birthing,Private,1,1,PATEROS,PATEROS,AGUHO,,0,1.5,4,Licensing Status:With License
DOH000000000040956,GMWV MEDICAL CLINIC,Health Facility,Clinical Laboratory,clinic,Private,1,1,CITY OF VALENZUELA,VALENZUELA,MALINTA,,0,1.5,0,Licensing Status:With License
DOH000000000033197,GOD GIFT LYING IN SERVICES,Health Facility,Birthing Home,birthing,Private,1,1,CITY OF PASIG,PASIG,PINAGBUHATAN,,0,1.5,2,Licensing Status:With License
DOH000000000040654,GODSHAND LYING-IN CLINIC,Health Facility,Birthing Home,birthing,Private,1,1,CITY OF CALOOCAN,CALOOCAN,BARANGAY 12,,0,1.5,2,Licensing Status:With License
DOH000000000049523,GOLD MEDICHECK INC.,Health Facility,Drug Testing Laboratory,laboratory,Private,1,1,PASAY CITY,PASAY,BARANGAY 49,Screening (Drug testing),0,1.0,0,Licensing Status:With License
DOH000000000048294,"GOLD MEDICHECK, INC.",Health Facility,Medical Facility for Overseas Workers & Seafarers,other,Private,1,1,PASAY CITY,PASAY,BARANGAY 49,,0,1.0,0,Licensing Status:With License
DOH000000000005164,GOLDEN ACRES HEALTH CENTER,Health Facility,Rural Health Unit,rhu,Government,0,1,CITY OF LAS PI?AS,LAS PINAS,TALON UNO,,0,1.5,0,Licensing Status:With License
DOH000000000040500,GOOD SHEPERD CHILDREN MEDICAL & MATERNITY CLINIC,Health Facility,Birthing Home,birthing,Private,1,1,CITY OF CALOOCAN,CALOOCAN,BARANGAY 185,,0,1.5,7,Licensing Status:With License
DOH000000000039155,GOOD SHEPERD CHILDREN MEDICAL &AMP; MATERNITY CLINIC,Health Facility,Clinical Laboratory,clinic,Private,1,1,CITY OF CALOOCAN,CALOOCAN,BARANGAY 185,,0,1.5,7,Licensing Status:With License
DOH000000000040424,"GOOD SHEPHERD LABORATORY &AMP; HEALTH DIAGNOSTICS SERVICES, INC.",Health Facility,Clinical Laboratory,clinic,Private,1,1,CITY OF MARIKINA,MARIKINA,CONCEPCION UNO,,0,1.5,0,Licensing Status:With License
DOH000000000049524,GOOD SHEPHERD LABORATORY AND HEALTH DIAGNOSTICS SERVICES INC.,Health Facility,Drug Testing Laboratory,laboratory,Private,1,1,CITY OF MARIKINA,MARIKINA,CONCEPCION UNO,Screening (Drug testing),0,1.0,0,Licensing Status:With License
DOH000000000040900,"GOODMAN DIAGNOSTIC CENTER, INC.",Health Facility,Clinical Laboratory,clinic,Private,1,1,CITY OF MARIKINA,MARIKINA,CONCEPCION UNO,,0,1.5,0,Licensing Status:With License
DOH000000000040717,GOZON BIRTHING HOME CLINIC,Health Facility,Birthing Home,birthing,Private,1,1,CITY OF CALOOCAN,CALOOCAN,BARANGAY 35,,0,1.5,2,Licensing Status:With License
DOH000000000044382,GP GENESIS DIALYSIS CLINIC DIAGNOSTIC CENTER,Health Facility,Ambulatory Surgical Clinic,clinic,Private,1,1,QUEZON CITY,QUEZON CITY,CENTRAL,,0,1.5,0,Licensing Status:With License
DOH000000000041617,GP-GENESIS DIALYSIS CLINIC DIAGNOSTIC CENTER,Health Facility,Dialysis Clinic,dialysis,Private,1,1,QUEZON CITY,QUEZON CITY,CENTRAL,,0,2.0,0,Licensing Status:With License
DOH000000000041494,GRACE DIALYSIS CENTER,Health Facility,Dialysis Clinic,dialysis,Private,1,1,CITY OF MANDALUYONG,MANDALUYONG,ADDITION HILLS,,0,2.0,0,Licensing Status:With License
DOH000000000040373,GRACE H. ATIENZA LYING-IN CLINIC,Health Facility,Birthing Home,birthing,Private,1,0,CITY OF VALENZUELA,VALENZUELA,GEN. T. DE LEON,,0,1.5,2,Licensing Status:Without License
DOH000000000010951,GRACE PARK HEALTH CENTER,Health Facility,Rural Health Unit,rhu,Government,0,0,CITY OF CALOOCAN,CALOOCAN,BARANGAY 86,,0,1.5,0,
DOH000000000043155,GRACEJAYNE LYING IN CLINIC,Health Facility,Birthing Home,birthing,Private,1,1,QUEZON CITY,QUEZON CITY,HOLY SPIRIT,,0,1.5,2,Licensing Status:With License
DOH000000000049525,GRAMCARE DIAGNOSTIC CENTER INCORPORATED,Health Facility,Drug Testing Laboratory,laboratory,Private,1,1,ERMITA,MANILA,BARANGAY 667,Screening (Drug testing),0,1.0,0,Licensing Status:With License
DOH000000000048156,"GRAMCARE DIAGNOSTIC CENTER, INC.",Health Facility,Medical Facility for Overseas Workers & Seafarers,other,Private,1,1,ERMITA,MANILA,BARANGAY 667,,0,1.0,0,Licensing Status:With License
DOH000000000001447,GREATER LAGRO HEALTH CENTER,Health Facility,Rural Health Unit,rhu,Government,0,1,QUEZON CITY,QUEZON CITY,GREATER LAGRO,,0,1.5,0,Licensing Status:With License
DOH000000000049526,GREPA MEDICAL AND DIAGNOSTIC CENTER,Health Facility,Drug Testing Laboratory,laboratory,Private,1,1,CITY OF MAKATI,MAKATI,BEL-AIR,Screening (Drug testing),0,1.0,0,Licensing Status:With License
DOH000000000047457,"GREYSTONE BIOCHEM LABORATORIES, INC.",Health Facility,Laboratory for Drinking Water Analysis,laboratory,Private,1,1,QUEZON CITY,QUEZON CITY,KAUNLARAN,,0,1.0,0,Licensing Status:With License
DOH000000000049527,GUADAHEALTH,Health Facility,Drug Testing Laboratory,laboratory,Private,1,1,CITY OF MAKATI,MAKATI,GUADALUPE NUEVO,Screening (Drug testing),0,1.0,0,Licensing Status:With License
DOH000000000003241,GUADALUPE NUEVO HEALTH CENTER,Health Facility,Rural Health Unit,rhu,Government,0,0,CITY OF MAKATI,MAKATI,GUADALUPE NUEVO,,0,1.5,0,
DOH000000000040668,GUADALUPE NUEVO LYING-IN CLINIC,Health Facility,Birthing Home,birthing,Government,0,1,CITY OF MAKATI,MAKATI,GUADALUPE NUEVO,,0,1.5,3,Licensing Status:With License
DOH000000000007284,GUADALUPE VIEJO HEALTH CENTER,Health Facility,Rural Health Unit,rhu,Government,0,1,CITY OF MAKATI,MAKATI,GUADALUPE VIEJO,,0,1.5,0,Licensing Status:With License
DOH000000000007260,GULOD HEALTH CENTER,Health Facility,Rural Health Unit,rhu,Government,0,0,QUEZON CITY,QUEZON CITY,GULOD,,0,1.5,0,
DOH000000000040769,H-CENTRAL MEDICAL CLINIC,Health Facility,Clinical Laboratory,clinic,Private,1,1,QUIAPO,MANILA,BARANGAY 393,,0,1.5,0,Licensing Status:With License
DOH000000000000853,HAGONOY HEALTH CENTER,Health Facility,Rural Health Unit,rhu,Government,0,1,CITY OF TAGUIG,TAGUIG,HAGONOY,,0,1.5,0,Licensing Status:With License
DOH000000000053179,HAIRICH-HEALTHCARE DIAGNOSTIC LABORATORY,Health Facility,Clinical Laboratory,clinic,Private,1,1,CITY OF CALOOCAN,CALOOCAN,BARANGAY 88,,0,1.5,0,Licensing Status:With License
DOH000000000048102,"HALCYON HEALTH NETWORK, INC.",Health Facility,Medical Facility for Overseas Workers & Seafarers,other,Private,1,1,CITY OF MAKATI,MAKATI,PIO DEL PILAR,,0,1.0,0,Licensing Status:With License
DOH000000000040939,HALE CARE DIAGNOSTICS LABORATORY CO.,Health Facility,Clinical Laboratory,clinic,Private,1,1,CITY OF TAGUIG,TAGUIG,CENTRAL SIGNAL VILLAGE,,0,1.5,0,Licensing Status:With License
DOH000000000048158,HANNAH MEDICAL CLINIC,Health Facility,Medical Facility for Overseas Workers & Seafarers,other,Private,1,1,MALATE,MANILA,BARANGAY 691,,0,1.0,0,Licensing Status:With License
DOH000000000054610,HAPPY EYES INC.,Health Facility,Ambulatory Surgical Clinic,clinic,Private,1,1,CITY OF PARA?AQUE,PARANAQUE,DON BOSCO,,0,1.5,0,Licensing Status:With License
DOH000000000002629,HARAPIN ANG BUKAS HEALTH CENTER,Health Facility,Rural Health Unit,rhu,Government,0,0,CITY OF MANDALUYONG,MANDALUYONG,HARAPIN ANG BUKAS,,0,1.5,0,
DOH000000000040641,HARRISON MEDICAL CLINIC &AMP; MATERNITY LYING-IN,Health Facility,Birthing Home,birthing,Private,1,1,PASAY CITY,PASAY,BARANGAY 11,,0,1.5,5,Licensing Status:With License
DOH000000000040573,HARVEST MATERNITY LYING-IN CLINIC,Health Facility,Birthing Home,birthing,Private,1,1,PASAY CITY,PASAY,BARANGAY 201,,0,1.5,1,Licensing Status:With License
DOH000000000040638,HARVEST MATERNITY LYING-IN CLINIC,Health Facility,Birthing Home,birthing,Private,1,1,CITY OF TAGUIG,TAGUIG,KATUPARAN,,0,1.5,2,Licensing Status:With License
DOH000000000051319,HDEC - DONGAH JOINT VENTURE,Health Facility,Ambulance Service Provider,ambulance,Private,1,1,CITY OF MUNTINLUPA,MUNTINLUPA,TUNASAN,,0,0.5,0,Licensing Status:With License
DOH000000000050652,"HEALING PATH FOUNDATION-HP, INC.",Health Facility,Drug Abuse Treatment and Rehabilitation Centers,other,Private,1,1,QUEZON CITY,QUEZON CITY,FAIRVIEW,,0,1.0,0,Licensing Status:With License
DOH000000000053100,"HEALS DIAGNOSTIC MEDICAL AND ALLIED SERVICES, INC.",Health Facility,Clinical Laboratory,clinic,Private,1,1,QUEZON CITY,QUEZON CITY,CENTRAL,,0,1.5,0,Licensing Status:With License
DOH000000000049529,HEALTH ALERT MEDICAL AND DIAGNOSTIC CENTER,Health Facility,Drug Testing Laboratory,laboratory,Private,1,1,QUEZON CITY,QUEZON CITY,PHIL-AM,Screening (Drug testing),0,1.0,0,Licensing Status:With License
DOH000000000045843,HEALTH AVENUE LABORATORY,Health Facility,Clinical Laboratory,clinic,Private,1,1,QUEZON CITY,QUEZON CITY,TANDANG SORA,Level 1,1,2.5,0,Licensing Status:With License
DOH000000000039171,"HEALTH AVENUE MEDICAL LABORATORY SERVICES, INC.",Health Facility,Clinical Laboratory,clinic,Private,1,1,CITY OF CALOOCAN,CALOOCAN,BARANGAY 177,Level 2,2,3.0,0,Licensing Status:With License
DOH000000000039283,"HEALTH BRIDGE MEDICAL SERVICES, INC.",Health Facility,Clinical Laboratory,clinic,Private,1,1,CITY OF MAKATI,MAKATI,SAN ANTONIO,,0,1.5,0,Licensing Status:With License
DOH000000000045351,HEALTH CUBE MEDICAL CLINICS,Health Facility,Ambulatory Surgical Clinic,clinic,Private,1,1,CITY OF MANDALUYONG,MANDALUYONG,BAGONG SILANG,,0,1.5,0,Licensing Status:With License
DOH000000000046471,HEALTH CUBE MEDICAL CLINICS,Health Facility,Ambulatory Surgical Clinic,clinic,Private,1,1,CITY OF SAN JUAN,SAN JUAN,GREENHILLS,,0,1.5,0,Licensing Status:With License
DOH000000000049534,"HEALTH DELIVERY SYSTEM, INC - CUBAO",Health Facility,Drug Testing Laboratory,laboratory,Private,1,1,QUEZON CITY,QUEZON CITY,SOCORRO,Screening (Drug testing),0,1.0,0,Licensing Status:With License
DOH000000000049535,"HEALTH DELIVERY SYSTEM, INC.",Health Facility,Drug Testing Laboratory,laboratory,Private,1,1,CITY OF MANDALUYONG,MANDALUYONG,HIGHWAY HILLS,Screening (Drug testing),0,1.0,0,Licensing Status:With License
DOH000000000045354,"HEALTH DELIVERY SYSTEMS, INC.",Health Facility,Ambulatory Surgical Clinic,clinic,Private,1,1,CITY OF MANDALUYONG,MANDALUYONG,HIGHWAY HILLS,,0,1.5,0,Licensing Status:With License
DOH000000000041056,"HEALTH GALLERY, INC.",Health Facility,Clinical Laboratory,clinic,Private,1,1,CITY OF PASIG,PASIG,SAN ANTONIO,,0,1.5,0,Licensing Status:With License
DOH000000000040957,HEALTH GUARD DIAGNOSTIC LAB. &AMP; MEDICAL SERVICES,Health Facility,Clinical Laboratory,clinic,Private,1,1,CITY OF VALENZUELA,VALENZUELA,KARUHATAN,,0,1.5,0,Licensing Status:With License
DOH000000000049536,HEALTH GUARD DIAGNOSTIC LABORATORY AND MEDICAL SERVICES,Health Facility,Drug Testing Laboratory,laboratory,Private,1,1,CITY OF VALENZUELA,VALENZUELA,KARUHATAN,Screening (Drug testing),0,1.0,0,Licensing Status:With License
DOH000000000039260,HEALTH LAB &AMP; MEDICAL SERVICES,Health Facility,Clinical Laboratory,clinic,Private,1,1,CITY OF MAKATI,MAKATI,SAN LORENZO,,0,1.5,0,Licensing Status:With License
DOH000000000049537,HEALTH METRICS INC.,Health Facility,Drug Testing Laboratory,laboratory,Private,1,1,PASAY CITY,PASAY,BARANGAY 109,Screening (Drug testing),0,1.0,0,Licensing Status:With License
DOH000000000048104,"HEALTH METRICS, INC.",Health Facility,Medical Facility for Overseas Workers & Seafarers,other,Private,1,1,CITY OF MAKATI,MAKATI,SAN ANTONIO,,0,1.0,0,Licensing Status:With License
DOH000000000048295,"HEALTH METRICS, INC.",Health Facility,Medical Facility for Overseas Workers & Seafarers,other,Private,1,1,PASAY CITY,PASAY,BARANGAY 76,,0,1.0,0,Licensing Status:With License
DOH000000000049539,"HEALTH QUEST DIAGNOSTIC LABORATORY &AMP; MULTI-SPECIALTY CLINIC, INC.",Health Facility,Drug Testing Laboratory,laboratory,Private,1,1,QUEZON CITY,QUEZON CITY,DAMAYAN,Screening (Drug testing),0,1.0,0,Licensing Status:With License
DOH000000000040860,"HEALTH QUEST DIAGNOSTIC LABORATORY AND MULTI-SPECIALTY CLINIC, INC.",Health Facility,Clinical Laboratory,clinic,Private,1,1,QUEZON CITY,QUEZON CITY,DAMAYAN,,0,1.5,0,Licensing Status:With License
DOH000000000046184,HEALTH SCREEN LABORATORY AND DIAGNOSTIC CENTER,Health Facility,Clinical Laboratory,clinic,Private,1,1,CITY OF CALOOCAN,CALOOCAN,BARANGAY 83,,0,1.5,0,Licensing Status:With License
DOH000000000043617,HEALTH SCREEN LABORATORY AND DIAGNOSTIC CENTER,Health Facility,Clinical Laboratory,clinic,Private,1,1,CITY OF MAKATI,MAKATI,TEJEROS,,0,1.5,0,Licensing Status:With License
DOH000000000053099,HEALTH SCREEN LABORATORY AND DIAGNOSTIC CENTER - CALOOCAN,Health Facility,Clinical Laboratory,clinic,Private,1,1,CITY OF CALOOCAN,CALOOCAN,BARANGAY 179,,0,1.5,0,Licensing Status:With License
DOH000000000040865,HEALTH STAT DIAGNOSTIC AND MEDICAL CLINIC,Health Facility,Clinical Laboratory,clinic,Private,1,1,CITY OF MARIKINA,MARIKINA,SAN ROQUE,,0,1.5,0,Licensing Status:With License
DOH000000000041284,HEALTH TRENDS MEDICAL AND DIAGNOSTIC CENTER,Health Facility,Clinical Laboratory,clinic,Private,1,1,PASAY CITY,PASAY,BARANGAY 76,,0,1.5,0,Licensing Status:With License
DOH000000000049542,HEALTH TRENDS MEDICAL CLINIC AND DIAGNOSTIC CENTER,Health Facility,Drug Testing Laboratory,laboratory,Private,1,1,PASAY CITY,PASAY,BARANGAY 1,Screening (Drug testing),0,1.0,0,Licensing Status:With License
DOH000000000049543,HEALTH VENUE MULTI SPECIALTY CLINIC AND DIAGNOSTIC CENTER,Health Facility,Drug Testing Laboratory,laboratory,Private,1,1,QUEZON CITY,QUEZON CITY,BAGONG LIPUNAN NG CRAME,Screening (Drug testing),0,1.0,0,Licensing Status:With License
DOH000000000051644,"HEALTHBIT DIAGNOSTIC AND MEDICAL CLINIC, INC.",Health Facility,Clinical Laboratory,clinic,Private,1,1,CITY OF CALOOCAN,CALOOCAN,BARANGAY 35,,0,1.5,0,Licensing Status:With License
DOH000000000049544,HEALTHBRIDGE MEDICAL SERVICES INC.,Health Facility,Drug Testing Laboratory,laboratory,Private,1,1,CITY OF MAKATI,MAKATI,SAN ANTONIO,Screening (Drug testing),0,1.0,0,Licensing Status:With License
DOH000000000053031,"HEALTHBRIDGE MEDICAL SERVICES, INC.",Health Facility,Clinical Laboratory,clinic,Private,1,1,CITY OF MAKATI,MAKATI,SAN ANTONIO,,0,1.5,0,Licensing Status:With License
DOH000000000040796,HEALTHCARE 101 DIAGNOSTICS AND AMBULATORY CLINIC CO.,Health Facility,Clinical Laboratory,clinic,Private,1,1,QUEZON CITY,QUEZON CITY,PROJECT 6,,0,1.5,0,Licensing Status:With License
DOH000000000032103,"HEALTHDEV INTEGRATIVE CLINICS, INC.",Health Facility,Clinical Laboratory,clinic,Private,1,1,QUEZON CITY,QUEZON CITY,LOYOLA HEIGHTS,,0,1.5,0,Licensing Status:With License
DOH000000000049545,HEALTHFIRST CLINICS,Health Facility,Drug Testing Laboratory,laboratory,Private,1,1,CITY OF MANDALUYONG,MANDALUYONG,HIGHWAY HILLS,Screening (Drug testing),0,1.0,0,Licensing Status:With License
DOH000000000040564,HEALTHFORT LYING-IN CLINIC,Health Facility,Birthing Home,birthing,Private,1,1,CITY OF LAS PI?AS,LAS PINAS,PILAR,,0,1.5,2,Licensing Status:With License
DOH000000000043343,HEALTHHUB CLINIC,Health Facility,Ambulatory Surgical Clinic,clinic,Private,1,1,CITY OF MAKATI,MAKATI,BEL-AIR,,0,1.5,0,Licensing Status:With License
DOH000000000049546,"HEALTHLAB AND MEDICAL SERVICES, INC.",Health Facility,Drug Testing Laboratory,laboratory,Private,1,1,CITY OF MAKATI,MAKATI,SAN LORENZO,Screening (Drug testing),0,1.0,0,Licensing Status:With License
DOH000000000048159,HEALTHLINE MEDICAL HEALTH SERVICES,Health Facility,Medical Facility for Overseas Workers & Seafarers,other,Private,1,1,MALATE,MANILA,BARANGAY 691,,0,1.0,0,Licensing Status:With License
DOH000000000049548,HEALTHLOCK MEDICAL DENTAL DIAGNOSTIC SERVICES,Health Facility,Drug Testing Laboratory,laboratory,Private,1,1,CITY OF PASIG,PASIG,SAN JOAQUIN,Screening (Drug testing),0,1.0,0,Licensing Status:With License
DOH000000000045743,HEALTHMAX DIAGNOSTIC CENTER,Health Facility,Clinical Laboratory,clinic,Private,1,1,MALATE,MANILA,BARANGAY 709,,0,1.5,0,Licensing Status:With License
DOH000000000040871,"HEALTHMED CLINICAL LABORATORY, INC.",Health Facility,Clinical Laboratory,clinic,Private,1,1,QUEZON CITY,QUEZON CITY,BAHAY TORO,,0,1.5,0,Licensing Status:With License
DOH000000000039348,HEALTHMED DIAGNOSTIC CORPORATION,Health Facility,Clinical Laboratory,clinic,Private,1,1,TONDO I/II,MANILA,BARANGAY 246,Level 2,2,3.0,0,Licensing Status:With License
DOH000000000050717,HEALTHNET SURGERY CENTER,Health Facility,Ambulatory Surgical Clinic,clinic,Private,1,1,QUEZON CITY,QUEZON CITY,VETERANS VILLAGE,,0,1.5,0,Licensing Status:With License
DOH000000000048161,"HEALTHPLUS DIAGNOSTIC CLINIC, INC.",Health Facility,Medical Facility for Overseas Workers & Seafarers,other,Private,1,1,ERMITA,MANILA,BARANGAY 670,,0,1.0,0,Licensing Status:With License
DOH000000000051642,HEALTHPRISM MEDICAL CLINIC AND LABORATORY,Health Facility,Clinical Laboratory,clinic,Private,1,1,CITY OF CALOOCAN,CALOOCAN,BARANGAY 176-A,,0,1.5,0,Licensing Status:With License
DOH000000000041653,"HEALTHPROTECT, INC.",Health Facility,Dialysis Clinic,dialysis,Private,1,1,CITY OF MAKATI,MAKATI,PIO DEL PILAR,,0,2.0,0,Licensing Status:With License
DOH000000000048353,HEALTHRIGHT INC.,Health Facility,Medical Facility for Overseas Workers & Seafarers,other,Private,1,1,QUEZON CITY,QUEZON CITY,BAHAY TORO,,0,1.0,0,Licensing Status:With License
DOH000000000051630,HEALTHRIX MEDICAL &AMP; DIAGNOSTIC CLINIC CORPORATION,Health Facility,Clinical Laboratory,clinic,Private,1,1,CITY OF MAKATI,MAKATI,POBLACION,,0,1.5,0,Licensing Status:With License
DOH000000000048971,HEALTHSCREEN CLINICAL LABORATORY CO.,Health Facility,Drug Testing Laboratory,laboratory,Private,1,1,MALATE,MANILA,BARANGAY 689,Screening (Drug testing),0,1.0,0,Licensing Status:With License
DOH000000000049551,"HEALTHSTAT DIAGNOSTIC &AMP; MEDICAL CLINIC, CO.",Health Facility,Drug Testing Laboratory,laboratory,Private,1,1,CITY OF MARIKINA,MARIKINA,SAN ROQUE,Screening (Drug testing),0,1.0,0,Licensing Status:With License
DOH000000000054784,HEALTHTRUST MEDICAL AND DIAGNOSTIC CENTER,Health Facility,Medical Facility for Overseas Workers & Seafarers,other,Private,1,1,QUEZON CITY,QUEZON CITY,SOUTH TRIANGLE,,0,1.0,0,Licensing Status:With License
DOH000000000050094,HEALTHWAY CANCER CARE HOSPITAL,Health Facility,Hospital,hospital,Private,1,1,CITY OF TAGUIG,TAGUIG,WESTERN BICUTAN,Level 3,3,4.0,34,Licensing Status:With License
DOH000000000002407,HEALTHWAY FEU-NRMF MEDICAL CENTER,Health Facility,Hospital,hospital,Private,1,1,QUEZON CITY,QUEZON CITY,FAIRVIEW,Level 3,3,4.0,300,Licensing Status:With License
DOH000000000054743,HEALTHWAY MEDICAL,Health Facility,Dialysis Clinic,dialysis,Private,1,1,CITY OF PARA?AQUE,PARANAQUE,TAMBO,,0,2.0,0,Licensing Status:With License
DOH000000000049663,HEALTHWAY MEDICAL,Health Facility,Clinical Laboratory,clinic,Private,1,1,CITY OF PASIG,PASIG,ORANBO,,0,1.5,0,Licensing Status:With License
DOH000000000049915,HEALTHWAY MEDICAL,Health Facility,Medical Outpatient Clinic,clinic,Private,1,1,QUEZON CITY,QUEZON CITY,BALINGASA,,0,1.5,0,Licensing Status:With License
DOH000000000052120,HEALTHWAY QUALIMED HOSPITAL SAN JOSE DEL MONTE,Health Facility,Dialysis Clinic,dialysis,Private,1,1,CITY OF VALENZUELA,VALENZUELA,DALANDANAN,,0,2.0,0,Licensing Status:With License
DOH000000000050807,HEALTHWAY QUALIMED MANILA,Health Facility,Medical Facility for Overseas Workers & Seafarers,other,Private,1,1,ERMITA,MANILA,BARANGAY 669,Regular Medical Facility (Overseas workers & Seafarers),0,1.0,0,Licensing Status:With License
DOH000000000048162,HEALTHWELL DIAGNOSTIC CLINIC CO.,Health Facility,Medical Facility for Overseas Workers & Seafarers,other,Private,1,1,ERMITA,MANILA,BARANGAY 670,,0,1.0,0,Licensing Status:With License
DOH000000000044301,HEALTHY LINK MEDICAL CLINIC AND DIAGNOSTIC CENTER CO.,Health Facility,Clinical Laboratory,clinic,Private,1,1,CITY OF VALENZUELA,VALENZUELA,MARULAS,Level 1,1,2.5,0,Licensing Status:With License
DOH000000000040793,"HEART &AMP; LUNG DIAGNOSTIC CLINIC, INC.",Health Facility,Clinical Laboratory,clinic,Private,1,1,QUEZON CITY,QUEZON CITY,CENTRAL,,0,1.5,0,Licensing Status:With License
DOH000000000049553,HEARTLAND MEDICAL &AMP; DIAGNOSTIC CENTER,Health Facility,Drug Testing Laboratory,laboratory,Private,1,1,MALATE,MANILA,BARANGAY 693,Screening (Drug testing),0,1.0,0,Licensing Status:With License
DOH000000000041118,HEARTLAND MEDICAL &AMP; DIAGNOSTIC CENTER,Health Facility,Clinical Laboratory,clinic,Private,1,1,PASAY CITY,PASAY,BARANGAY 76,,0,1.5,0,Licensing Status:With License
DOH000000000048164,HEARTLAND MEDICAL AND DIAGNOSTIC CENTER,Health Facility,Medical Facility for Overseas Workers & Seafarers,other,Private,1,1,MALATE,MANILA,BARANGAY 693,,0,1.0,0,Licensing Status:With License
DOH000000000049554,HEARTLAND MEDICAL AND DIAGNOSTIC CENTER,Health Facility,Drug Testing Laboratory,laboratory,Private,1,1,PASAY CITY,PASAY,BARANGAY 76,Screening (Drug testing),0,1.0,0,Licensing Status:With License
DOH000000000048163,HEARTWELL MEDICAL AND DIAGNOSTIC CENTER CO.,Health Facility,Medical Facility for Overseas Workers & Seafarers,other,Private,1,1,PACO,MANILA,BARANGAY 675,,0,1.0,0,Licensing Status:With License
DOH000000000049555,"HEARTWELL MEDICAL AND DIAGNOSTIC CENTER, CO.",Health Facility,Drug Testing Laboratory,laboratory,Private,1,1,PACO,MANILA,BARANGAY 675,Screening (Drug testing),0,1.0,0,Licensing Status:With License
DOH000000000049557,"HELAL MEDICAL LABORATORY, PHARMACY &AMP; DIAGNOSTIC TRADING",Health Facility,Drug Testing Laboratory,laboratory,Private,1,1,MALATE,MANILA,BARANGAY 699,Screening (Drug testing),0,1.0,0,Licensing Status:With License
DOH000000000040774,"HELAL MEDICAL LABORATORY, PHARMACY AND DIAGNOSTIC TRADING",Health Facility,Clinical Laboratory,clinic,Private,1,1,MALATE,MANILA,BARANGAY 740,,0,1.5,0,Licensing Status:With License
DOH000000000044609,"HEMOTEK RENAL CENTER, INC.",Health Facility,Dialysis Clinic,dialysis,Private,1,1,CITY OF LAS PI?AS,LAS PINAS,TALON UNO,,0,2.0,0,Licensing Status:With License
DOH000000000041243,"HEMOTEK RENAL CENTER, INC.",Health Facility,Dialysis Clinic,dialysis,Private,1,1,CITY OF MANDALUYONG,MANDALUYONG,BAGONG SILANG,,0,2.0,0,Licensing Status:With License
DOH000000000041263,"HEMOTEK RENAL CENTER, INC.",Health Facility,Dialysis Clinic,dialysis,Private,1,1,MALATE,MANILA,BARANGAY 699,,0,2.0,0,Licensing Status:With License
DOH000000000041246,"HEMOTEK RENAL CENTER, INC.",Health Facility,Dialysis Clinic,dialysis,Private,1,1,CITY OF MUNTINLUPA,MUNTINLUPA,ALABANG,,0,2.0,0,Licensing Status:With License
DOH000000000041266,"HEMOTEK RENAL CENTER, INC.",Health Facility,Dialysis Clinic,dialysis,Private,1,1,CITY OF PARA?AQUE,PARANAQUE,B. F. HOMES,,0,2.0,0,Licensing Status:With License
DOH000000000041247,"HEMOTEK RENAL CENTER, INC.",Health Facility,Dialysis Clinic,dialysis,Private,1,1,CITY OF PASIG,PASIG,SAN ANTONIO,,0,2.0,0,Licensing Status:With License
DOH000000000041244,"HEMOTEK RENAL CENTER, INC.",Health Facility,Dialysis Clinic,dialysis,Private,1,1,QUEZON CITY,QUEZON CITY,PASONG PUTIK PROPER,,0,2.0,0,Licensing Status:With License
DOH000000000044419,"HERMOSA SURGICAL CARE CENTER,  INC",Health Facility,Ambulatory Surgical Clinic,clinic,Private,1,1,TONDO I/II,MANILA,BARANGAY 201,,0,1.5,0,Licensing Status:With License
DOH000000000039733,HERNANDEZ - ALCORIZA MEDICAL AND DIAGNOSTIC CLINIC,Health Facility,Clinical Laboratory,clinic,Private,1,1,CITY OF CALOOCAN,CALOOCAN,BARANGAY 166,Level 1,1,2.5,0,Licensing Status:With License
DOH000000000054681,HERO DIAGNOSTIC ASIA INC.,Health Facility,Clinical Laboratory,clinic,Private,1,1,QUEZON CITY,QUEZON CITY,SAN ROQUE,,0,1.5,0,Licensing Status:With License
DOH000000000054665,HEXAWELL MEDICAL CLINIC AND LABORATORY,Health Facility,Clinical Laboratory,clinic,Private,1,1,CITY OF LAS PI?AS,LAS PINAS,ALMANZA UNO,,0,1.5,0,Licensing Status:With License
DOH000000000053098,HI-ACCURACY DIAGNOSTIC CENTER,Health Facility,Clinical Laboratory,clinic,Private,1,1,QUEZON CITY,QUEZON CITY,TALIPAPA,,0,1.5,0,Licensing Status:With License
DOH000000000040115,HI-PRECISION DIAGNOSTIC CENTER (CARTRIDGE - BASED PCR),Health Facility,COVID-19 Testing Laboratory,laboratory,Private,1,1,QUEZON CITY,QUEZON CITY,SANTO DOMINGO,,0,1.0,0,Licensing Status:With License
DOH000000000039015,HI-PRECISION DIAGNOSTIC CENTER - QC (RT-PCR),Health Facility,COVID-19 Testing Laboratory,laboratory,Private,1,1,QUEZON CITY,QUEZON CITY,SANTO DOMINGO,,0,1.0,0,Licensing Status:With License
DOH000000000039194,HI-PRECISION DIAGNOSTICS,Health Facility,Clinical Laboratory,clinic,Private,1,1,CITY OF LAS PI?AS,LAS PINAS,TALON DOS,,0,1.5,0,Licensing Status:With License
DOH000000000049561,HI-PRECISION DIAGNOSTICS,Health Facility,Drug Testing Laboratory,laboratory,Private,1,1,CITY OF MALABON,MALABON,LONGOS,Screening (Drug testing),0,1.0,0,Licensing Status:With License
DOH000000000039356,HI-PRECISION DIAGNOSTICS,Health Facility,Clinical Laboratory,clinic,Private,1,1,SAMPALOC,MANILA,BARANGAY 481,Level 1,1,2.5,0,Licensing Status:With License
DOH000000000049575,HI-PRECISION DIAGNOSTICS,Health Facility,Drug Testing Laboratory,laboratory,Private,1,1,CITY OF MARIKINA,MARIKINA,SANTA ELENA (POB.),Screening (Drug testing),0,1.0,0,Licensing Status:With License
DOH000000000049565,HI-PRECISION DIAGNOSTICS,Health Facility,Drug Testing Laboratory,laboratory,Private,1,1,CITY OF PARA?AQUE,PARANAQUE,SAN ANTONIO,Screening (Drug testing),0,1.0,0,Licensing Status:With License
DOH000000000049564,HI-PRECISION DIAGNOSTICS,Health Facility,Drug Testing Laboratory,laboratory,Private,1,1,CITY OF PASIG,PASIG,MAYBUNGA,Screening (Drug testing),0,1.0,0,Licensing Status:With License
DOH000000000047662,HI-PRECISION DIAGNOSTICS,Health Facility,Laboratory for Drinking Water Analysis,laboratory,Private,1,1,QUEZON CITY,QUEZON CITY,DEL MONTE,,0,1.0,0,Licensing Status:With License
DOH000000000049563,HI-PRECISION DIAGNOSTICS,Health Facility,Drug Testing Laboratory,laboratory,Private,1,1,CITY OF VALENZUELA,VALENZUELA,KARUHATAN,Screening (Drug testing),0,1.0,0,Licensing Status:With License
DOH000000000053097,HI-PRECISION DIAGNOSTICS - BINONDO,Health Facility,Clinical Laboratory,clinic,Private,1,1,BINONDO,MANILA,BARANGAY 289,,0,1.5,0,Licensing Status:With License
DOH000000000051640,HI-PRECISION DIAGNOSTICS - CALOOCAN,Health Facility,Clinical Laboratory,clinic,Private,1,1,CITY OF CALOOCAN,CALOOCAN,BARANGAY 174,,0,1.5,0,Licensing Status:With License
DOH000000000040398,HI-PRECISION DIAGNOSTICS - D. TUAZON,Health Facility,Clinical Laboratory,clinic,Private,1,1,QUEZON CITY,QUEZON CITY,SAN JOSE,,0,1.5,0,Licensing Status:With License
DOH000000000041070,HI-PRECISION DIAGNOSTICS - EAST AVE.,Health Facility,Clinical Laboratory,clinic,Private,1,1,QUEZON CITY,QUEZON CITY,PINYAHAN,,0,1.5,0,Licensing Status:With License
DOH000000000040427,HI-PRECISION DIAGNOSTICS - FAIRVIEW,Health Facility,Clinical Laboratory,clinic,Private,1,1,QUEZON CITY,QUEZON CITY,COMMONWEALTH,,0,1.5,0,Licensing Status:With License
DOH000000000040859,HI-PRECISION DIAGNOSTICS - FISHERMALL MALABON,Health Facility,Clinical Laboratory,clinic,Private,1,1,CITY OF MALABON,MALABON,LONGOS,,0,1.5,0,Licensing Status:With License
DOH000000000040835,HI-PRECISION DIAGNOSTICS - MARIKINA,Health Facility,Clinical Laboratory,clinic,Private,1,1,CITY OF MARIKINA,MARIKINA,SANTO NI?O,,0,1.5,0,Licensing Status:With License
DOH000000000041008,HI-PRECISION DIAGNOSTICS - MAYBUNGA,Health Facility,Clinical Laboratory,clinic,Private,1,1,CITY OF PASIG,PASIG,MAYBUNGA,,0,1.5,0,Licensing Status:With License
DOH000000000041069,HI-PRECISION DIAGNOSTICS - N.S. AMORANTO,Health Facility,Clinical Laboratory,clinic,Private,1,1,QUEZON CITY,QUEZON CITY,SANTO DOMINGO,,0,1.5,0,Licensing Status:With License
DOH000000000043351,HI-PRECISION DIAGNOSTICS - PIONEER,Health Facility,Clinical Laboratory,clinic,Private,1,1,CITY OF PASIG,PASIG,KAPITOLYO,,0,1.5,0,Licensing Status:With License
DOH000000000041061,HI-PRECISION DIAGNOSTICS - SUCAT,Health Facility,Clinical Laboratory,clinic,Private,1,1,CITY OF PARA?AQUE,PARANAQUE,SAN ANTONIO,,0,1.5,0,Licensing Status:With License
DOH000000000039353,HI-PRECISION DIAGNOSTICS - T.M. KALAW,Health Facility,Clinical Laboratory,clinic,Private,1,1,ERMITA,MANILA,BARANGAY 666,Level 1,1,2.5,0,Licensing Status:With License
DOH000000000039352,HI-PRECISION DIAGNOSTICS - TAFT,Health Facility,Clinical Laboratory,clinic,Private,1,1,MALATE,MANILA,BARANGAY 693,Level 1,1,2.5,0,Licensing Status:With License
DOH000000000041066,HI-PRECISION DIAGNOSTICS - V. LUNA,Health Facility,Clinical Laboratory,clinic,Private,1,1,QUEZON CITY,QUEZON CITY,PINYAHAN,,0,1.5,0,Licensing Status:With License
DOH000000000040942,HI-PRECISION DIAGNOSTICS - VALENZUELA,Health Facility,Clinical Laboratory,clinic,Private,1,1,CITY OF VALENZUELA,VALENZUELA,KARUHATAN,,0,1.5,0,Licensing Status:With License
DOH000000000049583,HI-PRECISION DIAGNOSTICS PLUS,Health Facility,Drug Testing Laboratory,laboratory,Private,1,1,CITY OF MAKATI,MAKATI,SAN LORENZO,Screening (Drug testing),0,1.0,0,Licensing Status:With License
DOH000000000049582,HI-PRECISION DIAGNOSTICS PLUS,Health Facility,Drug Testing Laboratory,laboratory,Private,1,1,CITY OF MANDALUYONG,MANDALUYONG,HIGHWAY HILLS,Screening (Drug testing),0,1.0,0,Licensing Status:With License
DOH000000000049581,HI-PRECISION DIAGNOSTICS PLUS,Health Facility,Drug Testing Laboratory,laboratory,Private,1,1,CITY OF MUNTINLUPA,MUNTINLUPA,ALABANG,Screening (Drug testing),0,1.0,0,Licensing Status:With License
DOH000000000049587,HI-PRECISION DIAGNOSTICS PLUS,Health Facility,Drug Testing Laboratory,laboratory,Private,1,1,CITY OF PARA?AQUE,PARANAQUE,B. F. HOMES,Screening (Drug testing),0,1.0,0,Licensing Status:With License
DOH000000000043845,HI-PRECISION DIAGNOSTICS PLUS,Health Facility,Clinical Laboratory,clinic,Private,1,1,PASAY CITY,PASAY,BARANGAY 76,Level 1,1,2.5,0,Licensing Status:With License
DOH000000000049585,HI-PRECISION DIAGNOSTICS PLUS,Health Facility,Drug Testing Laboratory,laboratory,Private,1,1,CITY OF PASIG,PASIG,MANGGAHAN,Screening (Drug testing),0,1.0,0,Licensing Status:With License
DOH000000000049576,HI-PRECISION DIAGNOSTICS PLUS,Health Facility,Drug Testing Laboratory,laboratory,Private,1,1,QUEZON CITY,QUEZON CITY,BAGONG PAG-ASA,Screening (Drug testing),0,1.0,0,Licensing Status:With License
DOH000000000049580,HI-PRECISION DIAGNOSTICS PLUS,Health Facility,Drug Testing Laboratory,laboratory,Private,1,1,CITY OF SAN JUAN,SAN JUAN,LITTLE BAGUIO,Screening (Drug testing),0,1.0,0,Licensing Status:With License
DOH000000000049578,HI-PRECISION DIAGNOSTICS PLUS,Health Facility,Drug Testing Laboratory,laboratory,Private,1,1,CITY OF TAGUIG,TAGUIG,FORT BONIFACIO,Screening (Drug testing),0,1.0,0,Licensing Status:With License
DOH000000000039237,HI-PRECISION DIAGNOSTICS PLUS - AYALA NORTH EXCHANGE,Health Facility,Clinical Laboratory,clinic,Private,1,1,CITY OF MAKATI,MAKATI,SAN LORENZO,,0,1.5,0,Licensing Status:With License
DOH000000000041095,HI-PRECISION DIAGNOSTICS PLUS - BF HOMES,Health Facility,Clinical Laboratory,clinic,Private,1,1,CITY OF PARA?AQUE,PARANAQUE,B. F. HOMES,,0,1.5,0,Licensing Status:With License
DOH000000000040899,HI-PRECISION DIAGNOSTICS PLUS - BGC,Health Facility,Clinical Laboratory,clinic,Private,1,1,CITY OF TAGUIG,TAGUIG,FORT BONIFACIO,,0,1.5,0,Licensing Status:With License
DOH000000000053029,HI-PRECISION DIAGNOSTICS PLUS - FAIRVIEW,Health Facility,Clinical Laboratory,clinic,Private,1,1,QUEZON CITY,QUEZON CITY,FAIRVIEW,,0,1.5,0,Licensing Status:With License
DOH000000000052450,HI-PRECISION DIAGNOSTICS PLUS - FESTIVAL SUPERMALL,Health Facility,Clinical Laboratory,clinic,Private,1,1,CITY OF MUNTINLUPA,MUNTINLUPA,ALABANG,,0,1.5,0,Licensing Status:With License
DOH000000000040963,HI-PRECISION DIAGNOSTICS PLUS - FILINVEST,Health Facility,Clinical Laboratory,clinic,Private,1,1,CITY OF MUNTINLUPA,MUNTINLUPA,ALABANG,,0,1.5,0,Licensing Status:With License
DOH000000000040402,HI-PRECISION DIAGNOSTICS PLUS - KATIPUNAN,Health Facility,Clinical Laboratory,clinic,Private,1,1,QUEZON CITY,QUEZON CITY,BLUE RIDGE A,,0,1.5,0,Licensing Status:With License
DOH000000000043352,HI-PRECISION DIAGNOSTICS PLUS - MANDALUYONG,Health Facility,Clinical Laboratory,clinic,Private,1,1,CITY OF MANDALUYONG,MANDALUYONG,HIGHWAY HILLS,,0,1.5,0,Licensing Status:With License
DOH000000000041012,HI-PRECISION DIAGNOSTICS PLUS - ORTIGAS,Health Facility,Clinical Laboratory,clinic,Private,1,1,CITY OF PASIG,PASIG,MANGGAHAN,,0,1.5,0,Licensing Status:With License
DOH000000000045741,HI-PRECISION DIAGNOSTICS PLUS - ROBINSONS MAGNOLIA,Health Facility,Clinical Laboratory,clinic,Private,1,1,QUEZON CITY,QUEZON CITY,MARIANA,,0,1.5,0,Licensing Status:With License
DOH000000000043350,HI-PRECISION DIAGNOSTICS PLUS - ROCKWELL,Health Facility,Clinical Laboratory,clinic,Private,1,1,CITY OF MAKATI,MAKATI,POBLACION,,0,1.5,0,Licensing Status:With License
DOH000000000040879,HI-PRECISION DIAGNOSTICS PLUS - SAN JUAN,Health Facility,Clinical Laboratory,clinic,Private,1,1,CITY OF SAN JUAN,SAN JUAN,LITTLE BAGUIO,,0,1.5,0,Licensing Status:With License
DOH000000000040901,HI-PRECISION DIAGNOSTICS PLUS - SM AURA PREMIER,Health Facility,Clinical Laboratory,clinic,Private,1,1,CITY OF TAGUIG,TAGUIG,FORT BONIFACIO,,0,1.5,0,Licensing Status:With License
DOH000000000040898,HI-PRECISION DIAGNOSTICS PLUS - TAGUIG,Health Facility,Clinical Laboratory,clinic,Private,1,1,CITY OF TAGUIG,TAGUIG,FORT BONIFACIO,,0,1.5,0,Licensing Status:With License
DOH000000000040421,HI-PRECISION DIAGNOSTICS PLUS - VERTIS NORTH,Health Facility,Clinical Laboratory,clinic,Private,1,1,QUEZON CITY,QUEZON CITY,BAGONG PAG-ASA,,0,1.5,0,Licensing Status:With License
DOH000000000049595,"HI-PRECISION DIAGNOSTICS, INC.",Health Facility,Drug Testing Laboratory,laboratory,Private,1,1,QUEZON CITY,QUEZON CITY,SANTO DOMINGO,Screening (Drug testing),0,1.0,0,Licensing Status:With License
DOH000000000041102,HI-VALUE MULTI EXPERT DIAGNOSTIC AND LABORATORY CENTER INC.,Health Facility,Clinical Laboratory,clinic,Private,1,1,CITY OF PARA?AQUE,PARANAQUE,SAN DIONISIO,,0,1.5,0,Licensing Status:With License
DOH000000000046628,"HIADVANCE PHILIPPINES, INCORPORATED",Health Facility,Laboratory for Drinking Water Analysis,laboratory,Private,1,1,CITY OF MAKATI,MAKATI,MAGALLANES,Chemical Analysis (drinking water),0,1.0,0,Licensing Status:With License
DOH000000000039163,HIGH CONTRAST LABORATORY,Health Facility,Clinical Laboratory,clinic,Private,1,1,CITY OF CALOOCAN,CALOOCAN,BARANGAY 78,Level 1,1,2.5,0,Licensing Status:With License
DOH000000000004689,HIGHWAY HILLS HEALTH CENTER,Health Facility,Rural Health Unit,rhu,Government,0,0,CITY OF MANDALUYONG,MANDALUYONG,HIGHWAY HILLS,,0,1.5,0,
DOH000000000045358,"HMC, INC",Health Facility,Ambulatory Surgical Clinic,clinic,Private,1,1,CITY OF MANDALUYONG,MANDALUYONG,WACK-WACK GREENHILLS,,0,1.5,0,Licensing Status:With License
DOH000000000045303,"HMC, INC.",Health Facility,Ambulatory Surgical Clinic,clinic,Private,1,1,CITY OF MAKATI,MAKATI,SAN LORENZO,,0,1.5,0,Licensing Status:With License
DOH000000000045369,"HMC, INC.",Health Facility,Ambulatory Surgical Clinic,clinic,Private,1,1,CITY OF MUNTINLUPA,MUNTINLUPA,ALABANG,,0,1.5,0,Licensing Status:With License
DOH000000000044388,"HMC, INC.",Health Facility,Ambulatory Surgical Clinic,clinic,Private,1,1,QUEZON CITY,QUEZON CITY,BAGONG PAG-ASA,,0,1.5,0,Licensing Status:With License
DOH000000000046489,"HMC, INC.",Health Facility,Ambulatory Surgical Clinic,clinic,Private,1,1,CITY OF TAGUIG,TAGUIG,FORT BONIFACIO,,0,1.5,0,Licensing Status:With License
DOH000000000049603,"HMC, INC. (HEALTH MEDICAL)",Health Facility,Drug Testing Laboratory,laboratory,Private,1,1,CITY OF MANDALUYONG,MANDALUYONG,WACK-WACK GREENHILLS,Screening (Drug testing),0,1.0,0,Licensing Status:With License
DOH000000000049601,"HMC, INC. (HEALTHWAY MEDICAL)",Health Facility,Drug Testing Laboratory,laboratory,Private,1,1,ERMITA,MANILA,BARANGAY 659,Screening (Drug testing),0,1.0,0,Licensing Status:With License
DOH000000000049604,"HMC, INC. (HEALTHWAY MEDICAL)",Health Facility,Drug Testing Laboratory,laboratory,Private,1,1,CITY OF MUNTINLUPA,MUNTINLUPA,ALABANG,Screening (Drug testing),0,1.0,0,Licensing Status:With License
DOH000000000049598,"HMC, INC. (HEALTHWAY MEDICAL)",Health Facility,Drug Testing Laboratory,laboratory,Private,1,1,QUEZON CITY,QUEZON CITY,SANTO CRISTO,Screening (Drug testing),0,1.0,0,Licensing Status:With License
DOH000000000049597,"HMC, INC. (HEALTHWAY MEDICAL)",Health Facility,Drug Testing Laboratory,laboratory,Private,1,1,CITY OF TAGUIG,TAGUIG,USUSAN,Screening (Drug testing),0,1.0,0,Licensing Status:With License
DOH000000000040478,"HMC, INC. - MANILA",Health Facility,Clinical Laboratory,clinic,Private,1,1,ERMITA,MANILA,BARANGAY 659,Level 1,1,2.5,0,Licensing Status:With License
DOH000000000043463,"HMICARE, INC.",Health Facility,Medical Facility for Overseas Workers & Seafarers,other,Private,1,1,CITY OF MAKATI,MAKATI,SAN ANTONIO,,0,1.0,0,Licensing Status:With License
DOH000000000048165,"HOLY ANGEL MEDICAL CLINIC, INC.",Health Facility,Medical Facility for Overseas Workers & Seafarers,other,Private,1,1,PACO,MANILA,BARANGAY 675,,0,1.0,0,Licensing Status:With License
DOH000000000040498,HOLY CHILD MATERNITY &AMP; LYING IN CLINIC,Health Facility,Birthing Home,birthing,Private,1,1,CITY OF PASIG,PASIG,CANIOGAN,,0,1.5,1,Licensing Status:With License
DOH000000000039339,HOLY NAME OF JESUS MULTI-SPECIALIST &AMP; DIAGNOSTIC CLINIC,Health Facility,Clinical Laboratory,clinic,Private,1,1,QUEZON CITY,QUEZON CITY,PINYAHAN,Level 2,2,3.0,0,Licensing Status:With License
DOH000000000049606,HOLY NAME OF JESUS MULTI-SPECIALIST AND DIAGNOSTIC CLINIC,Health Facility,Drug Testing Laboratory,laboratory,Private,1,1,QUEZON CITY,QUEZON CITY,PINYAHAN,Screening (Drug testing),0,1.0,0,Licensing Status:With License
DOH000000000003483,HOLY SPIRIT HEALTH CENTER,Health Facility,Rural Health Unit,rhu,Government,0,0,QUEZON CITY,QUEZON CITY,HOLY SPIRIT,,0,1.5,0,
DOH000000000039849,HOLY SPIRIT PSYCHIATRIC &AMP; CUSTODIAL CARE HOUSE,Health Facility,Psychiatric Care Facility,other,Private,1,1,CITY OF MARIKINA,MARIKINA,SANTO NI?O,,0,2.0,4,Licensing Status:With License
DOH000000000007986,HOLYLIFE HOSPITAL,Health Facility,Hospital,hospital,Private,1,1,CITY OF PASIG,PASIG,ROSARIO,Level 1,1,2.5,28,Licensing Status:With License
DOH000000000052434,"HOME HEALTH CARE, INC.",Health Facility,Clinical Laboratory,clinic,Private,1,1,QUEZON CITY,QUEZON CITY,SIKATUNA VILLAGE,,0,1.5,0,Licensing Status:With License
DOH000000000054967,HOPE KIDNEY CARE CORP.,Health Facility,Dialysis Clinic,dialysis,Private,1,1,PACO,MANILA,BARANGAY 675,,0,2.0,0,Licensing Status:With License
DOH000000000047452,"HOPE LOVE FAITH MEDICAL CLINIC &AMP; LAB, INC.",Health Facility,Laboratory for Drinking Water Analysis,laboratory,Private,1,1,QUEZON CITY,QUEZON CITY,LOURDES,,0,1.0,0,Licensing Status:With License
DOH000000000049607,"HOPE LOVE FAITH MEDICAL CLINIC &AMP; LAB., INC.",Health Facility,Drug Testing Laboratory,laboratory,Private,1,1,QUEZON CITY,QUEZON CITY,LOURDES,Screening (Drug testing),0,1.0,0,Licensing Status:With License
DOH000000000054691,HOPE ZAREPATH DIALYSIS CENTER CO.,Health Facility,Dialysis Clinic,dialysis,Private,1,1,QUEZON CITY,QUEZON CITY,NOVALICHES PROPER,,0,2.0,0,Licensing Status:With License
DOH000000000040844,"HOPE, LOVE, FAITH MEDICAL CLINIC &AMP; LABORATORY,INC.",Health Facility,Clinical Laboratory,clinic,Private,1,1,QUEZON CITY,QUEZON CITY,LOURDES,,0,1.5,0,Licensing Status:With License
DOH000000000000572,HOSPITAL OF THE INFANT JESUS MEDICAL CENTER,Health Facility,Hospital,hospital,Private,1,1,SAMPALOC,MANILA,BARANGAY 490,Level 3,3,4.0,140,Licensing Status:With License
DOH000000000054673,HOUSE-OF-HOPE DIALYSIS CENTER,Health Facility,Dialysis Clinic,dialysis,Private,1,1,CITY OF VALENZUELA,VALENZUELA,PASO DE BLAS,,0,2.0,0,Licensing Status:With License
DOH000000000052462,HPN MEDICAL DISPENSARY,Health Facility,Rural Health Unit,rhu,Government,0,1,MALATE,MANILA,BARANGAY 719,,0,1.5,0,Licensing Status:With License
DOH000000000011474,HULONG DUHAT HEALTH CENTER,Health Facility,Rural Health Unit,rhu,Government,0,0,CITY OF MALABON,MALABON,HULONG DUHAT,,0,1.5,0,
DOH000000000053175,HWN DIAGNOSTIC CLINIC CORP.,Health Facility,Clinical Laboratory,clinic,Private,1,1,CITY OF PARA?AQUE,PARANAQUE,SAN ISIDRO,,0,1.5,0,Licensing Status:With License
DOH000000000047471,HYDROLAB COMPANY,Health Facility,Laboratory for Drinking Water Analysis,laboratory,Private,1,1,QUEZON CITY,QUEZON CITY,TALIPAPA,,0,1.0,0,Licensing Status:With License
DOH000000000041273,HYGEIA CLINICAL LABORATORY,Health Facility,Clinical Laboratory,clinic,Private,1,1,PASAY CITY,PASAY,BARANGAY 59,,0,1.5,0,Licensing Status:With License
DOH000000000049608,I-HEALTH MULTI-SPECIALIST CLINIC INC.,Health Facility,Drug Testing Laboratory,laboratory,Private,1,1,CITY OF LAS PI?AS,LAS PINAS,PAMPLONA TRES,Screening (Drug testing),0,1.0,0,Licensing Status:With License
DOH000000000039200,"I-HEALTH MULTI-SPECIALIST CLINIC, INC.",Health Facility,Clinical Laboratory,clinic,Private,1,1,CITY OF LAS PI?AS,LAS PINAS,PAMPLONA TRES,,0,1.5,0,Licensing Status:With License
DOH000000000044391,"I-SIGHT VISION CENTER, INC.",Health Facility,Ambulatory Surgical Clinic,clinic,Private,1,1,QUEZON CITY,QUEZON CITY,SOUTH TRIANGLE,,0,1.5,0,Licensing Status:With License
DOH000000000044425,"I.M. HEALTH MEDICAL SERVICES AND WELLNESS CENTER, INC.",Health Facility,Ambulatory Surgical Clinic,clinic,Private,1,1,SANTA CRUZ,MANILA,BARANGAY 336,,0,1.5,0,Licensing Status:With License
DOH000000000041821,"I.M. HEALTH MEDICAL SERVICES AND WELLNESS CENTER, INC.",Health Facility,Dialysis Clinic,dialysis,Private,1,1,PASAY CITY,PASAY,BARANGAY 83,,0,2.0,0,Licensing Status:With License
DOH000000000007272,IBABA HEALTH CENTER,Health Facility,Rural Health Unit,rhu,Government,0,0,CITY OF MALABON,MALABON,IBABA,,0,1.5,0,
DOH000000000023017,IBAYO HEALTH CENTER,Health Facility,Rural Health Unit,rhu,Government,0,0,CITY OF TAGUIG,TAGUIG,IBAYO-TIPAS,,0,1.5,0,
DOH000000000043231,IGLOO,Health Related Facility,Central Warehouse - Temperature Controlled,other,Private,1,0,CITY OF MARIKINA,MARIKINA,CONCEPCION UNO,,0,1.0,0,
DOH000000000039204,IGV DIAGNOSTIC CENTER,Health Facility,Clinical Laboratory,clinic,Private,1,1,CITY OF LAS PI?AS,LAS PINAS,B. F. INTERNATIONAL VILLAGE,,0,1.5,0,Licensing Status:With License
DOH000000000041618,IKIDNEY CORP.,Health Facility,Dialysis Clinic,dialysis,Private,1,1,QUEZON CITY,QUEZON CITY,KRISTONG HARI,,0,2.0,0,Licensing Status:With License
DOH000000000033219,ILANG-ILANG PAYATAS MIDWIFE CLINIC,Health Facility,Birthing Home,birthing,Private,1,1,QUEZON CITY,QUEZON CITY,PAYATAS,,0,1.5,1,Licensing Status:With License
DOH000000000011604,ILAYA HEALTH CENTER,Health Facility,Rural Health Unit,rhu,Government,0,0,CITY OF LAS PI?AS,LAS PINAS,ILAYA,,0,1.5,0,
DOH000000000040634,IMMACULATE CONCEPCION LYING-IN &AMP; MULTI-SPECIALTY CLINIC INC.,Health Facility,Birthing Home,birthing,Private,1,1,CITY OF PASIG,PASIG,SAN MIGUEL,,0,1.5,3,Licensing Status:With License
DOH000000000041013,"IMMACULATE CONCEPTION LYING- IN MULTI-SPECIALIST CLINIC, INC.",Health Facility,Clinical Laboratory,clinic,Private,1,1,CITY OF PASIG,PASIG,SAN MIGUEL,,0,1.5,0,Licensing Status:With License
DOH000000000052474,IMMANUEL MEDICAL AND DIAGNOSTIC CENTER,Health Facility,Clinical Laboratory,clinic,Private,1,1,CITY OF PARA?AQUE,PARANAQUE,DON BOSCO,,0,1.5,0,Licensing Status:With License
DOH000000000052468,IMMUNO CARE DIAGNOSTIC AND MEDICAL CENTER CORP.,Health Facility,Clinical Laboratory,clinic,Private,1,1,CITY OF MUNTINLUPA,MUNTINLUPA,ALABANG,,0,1.5,0,Licensing Status:With License
DOH000000000052463,IMMUNOTX MEDICAL SERVICES,Health Facility,Clinical Laboratory,clinic,Private,1,1,PACO,MANILA,BARANGAY 676,,0,1.5,0,Licensing Status:With License
DOH000000000049609,"IMS WELLTH CARE, INC.",Health Facility,Drug Testing Laboratory,laboratory,Private,1,1,CITY OF MUNTINLUPA,MUNTINLUPA,PUTATAN,Screening (Drug testing),0,1.0,0,Licensing Status:With License
DOH000000000047660,"IMS WELLTH CARE, INC. - MANILA",Health Facility,Clinical Laboratory,clinic,Private,1,1,PACO,MANILA,BARANGAY 676,,0,1.5,0,Licensing Status:With License
DOH000000000040976,"IMS WELLTH CARE, INC. - MUNTINLUPA",Health Facility,Clinical Laboratory,clinic,Private,1,1,CITY OF MUNTINLUPA,MUNTINLUPA,PUTATAN,,0,1.5,0,Licensing Status:With License
DOH000000000051012,INANG SANTISIMA BIRTHING CLINIC,Health Facility,Birthing Home,birthing,Private,1,1,CITY OF VALENZUELA,VALENZUELA,PUNTURIN,,0,1.5,3,Licensing Status:With License
DOH000000000049610,INB DRUG TESTING CENTER,Health Facility,Drug Testing Laboratory,laboratory,Private,1,1,CITY OF VALENZUELA,VALENZUELA,MALINTA,Screening (Drug testing),0,1.0,0,Licensing Status:With License
DOH000000000040954,INFINITY CARE MEDICAL SERVICES,Health Facility,Clinical Laboratory,clinic,Private,1,1,CITY OF VALENZUELA,VALENZUELA,MARULAS,,0,1.5,0,Licensing Status:With License
DOH000000000052475,INLAB MEDICAL AND DIAGNOSTIC CENTER,Health Facility,Clinical Laboratory,clinic,Private,1,1,PASAY CITY,PASAY,BARANGAY 37,,0,1.5,0,Licensing Status:With License
DOH000000000054141,INNER CORE PSYCHIATRIC CLINIC,Health Facility,Psychiatric Care Facility,other,Private,1,1,QUEZON CITY,QUEZON CITY,TALIPAPA,,0,2.0,19,Licensing Status:With License
DOH000000000047658,"INNOVATIONS FOR COMMUNITY HEALTH, INC.",Health Facility,Clinical Laboratory,clinic,Private,1,1,CITY OF MANDALUYONG,MANDALUYONG,MALAMIG,,0,1.5,0,Licensing Status:With License
DOH000000000040545,INNOVERA BIRTHING HOME CLINIC,Health Facility,Birthing Home,birthing,Private,1,1,CITY OF MALABON,MALABON,CONCEPCION,,0,1.5,2,Licensing Status:With License
DOH000000000041619,INOCENTES DIALYSIS CLINIC,Health Facility,Dialysis Clinic,dialysis,Private,1,1,QUEZON CITY,QUEZON CITY,DUYAN-DUYAN,,0,2.0,0,Licensing Status:With License
DOH000000000051437,"INSTITUTE OF HUMAN GENETICS, NATIONAL INSTITUTES OF HEALTH, UP, MANILA",Health Facility,Clinical Laboratory for Molecular Pathology,clinic,Government,0,1,ERMITA,MANILA,BARANGAY 669,,0,1.5,0,Licensing Status:With License
DOH000000000039285,INSULAR LIFE CLINICAL LABORATORY,Health Facility,Clinical Laboratory,clinic,Private,1,1,CITY OF MAKATI,MAKATI,SAN LORENZO,Level 2,2,3.0,0,Licensing Status:With License
DOH000000000052138,INTEGRAL HEALTH MEDICAL INC.,Health Facility,Ambulatory Surgical Clinic,clinic,Private,1,1,QUEZON CITY,QUEZON CITY,RAMON MAGSAYSAY,,0,1.5,0,Licensing Status:With License
DOH000000000049611,INTEGRITY DIAGNOSTIC CENTER,Health Facility,Drug Testing Laboratory,laboratory,Private,1,1,QUEZON CITY,QUEZON CITY,SOCORRO,Screening (Drug testing),0,1.0,0,Licensing Status:With License
DOH000000000051452,"INTELLEGINT BEAUTY SKIN SOLUTIONS,INC.",Health Facility,Ambulatory Surgical Clinic,clinic,Private,1,1,CITY OF MAKATI,MAKATI,SAN LORENZO,,0,1.5,0,Licensing Status:With License
DOH000000000046472,"INTELLIGENT BEAUTY SKIN SOLUTIONS, INC.",Health Facility,Ambulatory Surgical Clinic,clinic,Private,1,1,CITY OF SAN JUAN,SAN JUAN,GREENHILLS,,0,1.5,0,Licensing Status:With License
DOH000000000041113,"INTER-INDUSTRIAL PHYSICIAN MEDICAL SERVICES, INC.",Health Facility,Clinical Laboratory,clinic,Private,1,1,CITY OF PARA?AQUE,PARANAQUE,SAN ANTONIO,,0,1.5,0,Licensing Status:With License
DOH000000000039360,"INTERCON DIAGNOSTIC LABORATORY, INC. - BINONDO",Health Facility,Clinical Laboratory,clinic,Private,1,1,BINONDO,MANILA,BARANGAY 287,Level 3,3,4.0,0,Licensing Status:With License
DOH000000000041063,"INTERCON DIAGNOSTIC LABORATORY, INC. - QUEZON CITY",Health Facility,Clinical Laboratory,clinic,Private,1,1,QUEZON CITY,QUEZON CITY,COMMONWEALTH,,0,1.5,0,Licensing Status:With License
DOH000000000048166,"INTERNATIONAL DIAGNOSTIC CENTER, INC.",Health Facility,Medical Facility for Overseas Workers & Seafarers,other,Private,1,1,MALATE,MANILA,BARANGAY 689,,0,1.0,0,Licensing Status:With License
DOH000000000043379,INTERNATIONAL HEALTH SCREENING CORPORATION,Health Facility,Medical Facility for Overseas Workers & Seafarers,other,Private,1,1,MALATE,MANILA,BARANGAY 701,,0,1.0,0,Licensing Status:With License
DOH000000000047460,"INTERTEK TESTING SERVICES PHILS., INC.",Health Facility,Laboratory for Drinking Water Analysis,laboratory,Private,1,1,CITY OF MAKATI,MAKATI,MAGALLANES,,0,1.0,0,Licensing Status:With License
DOH000000000002696,INTRAMUROS HEALTH CENTER,Health Facility,Rural Health Unit,rhu,Government,0,0,INTRAMUROS,MANILA,BARANGAY 657,,0,1.5,0,
DOH000000000048167,IPPOKRATIS DIAGNOSTIC SERVICES CENTER INC.,Health Facility,Medical Facility for Overseas Workers & Seafarers,other,Private,1,1,ERMITA,MANILA,BARANGAY 667,,0,1.0,0,Licensing Status:With License
DOH000000000049614,"IPPOKRATIS DIAGNOSTIC SERVICES CENTER, INC.",Health Facility,Drug Testing Laboratory,laboratory,Private,1,1,ERMITA,MANILA,BARANGAY 667,Screening (Drug testing),0,1.0,0,Licensing Status:With License
DOH000000000005206,ISAAC LOPEZ HEALTH CENTER,Health Facility,Rural Health Unit,rhu,Government,0,0,CITY OF MANDALUYONG,MANDALUYONG,HAGDANG BATO ITAAS,,0,1.5,0,
DOH000000000040627,ISABELA MIDWIFE CLINIC,Health Facility,Birthing Home,birthing,Private,1,1,CITY OF CALOOCAN,CALOOCAN,BARANGAY 176-A,,0,1.5,2,Licensing Status:With License
DOH000000000005128,ISIDRO MENDOZA HEALTH CENTER,Health Facility,Rural Health Unit,rhu,Government,0,1,PANDACAN,MANILA,BARANGAY 848,,0,1.5,0,Licensing Status:With License
DOH000000000002822,ISLA HEALTH CENTER,Health Facility,Rural Health Unit,rhu,Government,0,0,CITY OF VALENZUELA,VALENZUELA,ISLA,,0,1.5,0,
DOH000000000001475,ISMAR HEALTH CENTER,Health Facility,Rural Health Unit,rhu,Government,0,0,CITY OF PASIG,PASIG,KALAWAAN,,0,1.5,0,
DOH000000000051919,ISSHIKI MEMORIAL VOICE CENTER INC.,Health Facility,Ambulatory Surgical Clinic,clinic,Private,1,1,CITY OF MAKATI,MAKATI,POBLACION,,0,1.5,0,Licensing Status:With License
DOH000000000000874,IVC HEALTH CENTER,Health Facility,Rural Health Unit,rhu,Government,0,1,CITY OF MARIKINA,MARIKINA,INDUSTRIAL VALLEY,,0,1.5,0,Licensing Status:With License
DOH000000000040449,J A R MEDICAL NETWORKERS AND MOBILE DIAGNOSTIC (MEDNET) SERVICES,Health Facility,Clinical Laboratory,clinic,Private,1,1,QUEZON CITY,QUEZON CITY,CENTRAL,,0,1.5,0,Licensing Status:With License
DOH000000000044261,J. ESTRADA SATELLITE HEALTH CENTER,Health Facility,Barangay Health Station,bhs,Government,0,0,CITY OF PARA?AQUE,PARANAQUE,B. F. HOMES,,0,1.5,0,
DOH000000000052483,J.A. NELLAS HEALTHCARE CLINIC,Health Facility,Birthing Home,birthing,Private,1,1,CITY OF TAGUIG,TAGUIG,LIGID-TIPAS,,0,1.5,1,Licensing Status:With License
DOH000000000037265,J.F. SANCHEZ MEDICAL AND LYING-IN CLINIC,Health Facility,Birthing Home,birthing,Private,1,1,CITY OF CALOOCAN,CALOOCAN,BARANGAY 165,,0,1.5,2,Licensing Status:With License
DOH000000000039850,J.M. HOME CARE CLINIC,Health Facility,Psychiatric Care Facility,other,Private,1,1,CITY OF TAGUIG,TAGUIG,PALINGON,,0,2.0,30,Licensing Status:With License
DOH000000000033220,J.M.S. MATERNITY CLINIC,Health Facility,Birthing Home,birthing,Private,1,1,QUEZON CITY,QUEZON CITY,SAN AGUSTIN,,0,1.5,1,Licensing Status:With License
DOH000000000007081,"J.P. SIOSON GENERAL HOSPITAL AND COLLEGES, INC",Health Facility,Hospital,hospital,Private,1,1,QUEZON CITY,QUEZON CITY,RAMON MAGSAYSAY,Level 1,1,2.5,18,Licensing Status:With License
DOH000000000049615,"JAGB DRUG TESTING CENTER, INC.",Health Facility,Drug Testing Laboratory,laboratory,Private,1,1,QUEZON CITY,QUEZON CITY,PASONG PUTIK PROPER,Screening (Drug testing),0,1.0,0,Licensing Status:With License
DOH000000000033192,JAHOVAH RAAH MATERNITY CLINIC,Health Facility,Birthing Home,birthing,Private,1,1,CITY OF NAVOTAS,NAVOTAS,TANGOS NORTH,,0,1.5,1,Licensing Status:With License
DOH000000000054671,JANCEN AESTHETICS INC.,Health Facility,Ambulatory Surgical Clinic,clinic,Private,1,1,ERMITA,MANILA,BARANGAY 669,,0,1.5,0,Licensing Status:With License
DOH000000000051436,"JAPAN EYE CENTER, INC.",Health Facility,Ambulatory Surgical Clinic,clinic,Private,1,1,CITY OF TAGUIG,TAGUIG,FORT BONIFACIO,,0,1.5,0,Licensing Status:With License
DOH000000000041116,"JAPEDIA, INC.",Health Facility,Clinical Laboratory,clinic,Private,1,1,PASAY CITY,PASAY,BARANGAY 7,,0,1.5,0,Licensing Status:With License
DOH000000000049616,JAR MEDICAL NETWORKERS AND MOBILE DIAGNOSTIC SERVICES,Health Facility,Drug Testing Laboratory,laboratory,Private,1,1,QUEZON CITY,QUEZON CITY,CENTRAL,Screening (Drug testing),0,1.0,0,Licensing Status:With License
DOH000000000052453,JAS-CARE DIAGNOSTIC CLINIC,Health Facility,Clinical Laboratory,clinic,Private,1,1,CITY OF CALOOCAN,CALOOCAN,BARANGAY 187,,0,1.5,0,Licensing Status:With License
DOH000000000039721,JCTM KIDNEY CARE DIALYSIS CENTER,Health Facility,Dialysis Clinic,dialysis,Private,1,1,QUEZON CITY,QUEZON CITY,FAIRVIEW,,0,2.0,0,Licensing Status:With License
DOH000000000049617,JED DIAGNOSTIC CENTER,Health Facility,Drug Testing Laboratory,laboratory,Private,1,1,ERMITA,MANILA,BARANGAY 659-A,Screening (Drug testing),0,1.0,0,Licensing Status:With License
DOH000000000049618,JED'S CLINICAL LABORATORY,Health Facility,Drug Testing Laboratory,laboratory,Private,1,1,CITY OF TAGUIG,TAGUIG,CENTRAL SIGNAL VILLAGE,Screening (Drug testing),0,1.0,0,Licensing Status:With License
DOH000000000033243,JEMS LYING IN CLINIC,Health Facility,Birthing Home,birthing,Private,1,1,CITY OF TAGUIG,TAGUIG,WESTERN BICUTAN,,0,1.5,1,Licensing Status:With License
DOH000000000039349,JEREMIEL DIAGNOSTIC CLINIC,Health Facility,Clinical Laboratory,clinic,Private,1,1,PACO,MANILA,BARANGAY 821,Level 1,1,2.5,0,Licensing Status:With License
DOH000000000046629,JEROCAS RESEARCH LABORATORY SERVICES,Health Facility,Laboratory for Drinking Water Analysis,laboratory,Private,1,1,QUEZON CITY,QUEZON CITY,MATANDANG BALARA,Chemical Analysis (drinking water),0,1.0,0,Licensing Status:With License
DOH000000000039689,JESUS ANGELS LYING IN CLINIC,Health Facility,Birthing Home,birthing,Private,1,1,CITY OF LAS PI?AS,LAS PINAS,ILAYA,,0,1.5,1,Licensing Status:With License
DOH000000000040983,JESUS CARESS DIAGNOSTIC LABORATORY,Health Facility,Clinical Laboratory,clinic,Private,1,1,CITY OF VALENZUELA,VALENZUELA,MALANDAY,,0,1.5,0,Licensing Status:With License
DOH000000000003071,JESUS DELA PEÑA HEALTH CENTER,Health Facility,Rural Health Unit,rhu,Government,0,1,CITY OF MARIKINA,MARIKINA,JESUS DE LA PE?A,,0,1.5,0,Licensing Status:With License
DOH000000000050186,JESUS OF NAZARENE BIRTHING HOME,Health Facility,Birthing Home,birthing,Private,1,1,PASAY CITY,PASAY,BARANGAY 183,,0,1.5,1,Licensing Status:With License
DOH000000000040613,JEWELS FIRST MATERNITY LYING IN &AMP; MEDICAL CLINIC,Health Facility,Birthing Home,birthing,Private,1,1,CITY OF TAGUIG,TAGUIG,FORT BONIFACIO,,0,1.5,1,Licensing Status:With License
DOH000000000040673,JHO LYING-IN CLINIC,Health Facility,Birthing Home,birthing,Private,1,1,CITY OF VALENZUELA,VALENZUELA,BIGNAY,,0,1.5,2,Licensing Status:With License
DOH000000000040406,JIMIRENE DIAGNOSTIC &AMP; MATERNITY CLINIC,Health Facility,Birthing Home,birthing,Private,1,1,CITY OF CALOOCAN,CALOOCAN,BARANGAY 176-A,,0,1.5,1,Licensing Status:With License
DOH000000000039228,JL QUALITY CLINICAL LABORATORY CO.,Health Facility,Clinical Laboratory,clinic,Private,1,1,CITY OF MAKATI,MAKATI,GUADALUPE NUEVO,,0,1.5,0,Licensing Status:With License
DOH000000000049620,JL QUALITY CLINICAL LABORATORY COMPANY,Health Facility,Drug Testing Laboratory,laboratory,Private,1,1,CITY OF MAKATI,MAKATI,GUADALUPE NUEVO,Screening (Drug testing),0,1.0,0,Licensing Status:With License
DOH000000000041076,JLA DIAGNOSTICS INC.,Health Facility,Clinical Laboratory,clinic,Private,1,1,CITY OF PARA?AQUE,PARANAQUE,SAN ANTONIO,,0,1.5,0,Licensing Status:With License
DOH000000000052457,JLD MEDICAL AND DIAGNOSTIC CENTER,Health Facility,Clinical Laboratory,clinic,Private,1,1,TONDO I/II,MANILA,BARANGAY 78,,0,1.5,0,Licensing Status:With License
DOH000000000040466,JLN MEDICAL AND MATERNITY CLINIC,Health Facility,Birthing Home,birthing,Private,1,1,CITY OF CALOOCAN,CALOOCAN,BARANGAY 171,,0,1.5,2,Licensing Status:With License
DOH000000000040429,JM MENDOZA MATERNITY CLINIC,Health Facility,Birthing Home,birthing,Private,1,1,CITY OF MARIKINA,MARIKINA,MALANDAY,,0,1.5,4,Licensing Status:With License
DOH000000000048169,JNCE MEDICAL &AMP; DIAGNOSTIC CLINIC,Health Facility,Medical Facility for Overseas Workers & Seafarers,other,Private,1,1,ERMITA,MANILA,BARANGAY 670,,0,1.0,0,Licensing Status:With License
DOH000000000039334,JOHNVIER LABORATORY CLINIC,Health Facility,Clinical Laboratory,clinic,Private,1,1,CITY OF MANDALUYONG,MANDALUYONG,PLAINVIEW,Level 1,1,2.5,0,Licensing Status:With License
DOH000000000043225,JOSE L. GUTIERREZ CLINIC CO.,Health Facility,Medical Facility for Overseas Workers & Seafarers,other,Private,1,1,MALATE,MANILA,BARANGAY 709,,0,1.0,0,Licensing Status:With License
DOH000000000000586,JOSE R. REYES MEMORIAL MEDICAL CENTER,Health Facility,Hospital,hospital,Government,0,1,SANTA CRUZ,MANILA,BARANGAY 331,Level 3,3,4.0,450,Licensing Status:With License
DOH000000000039587,JOSE R. REYES MEMORIAL MEDICAL CENTER - NATIONAL CENTER FOR GERIATRIC HEALTH,Health Facility,Dialysis Clinic,dialysis,Government,0,1,SAN MIGUEL,MANILA,BARANGAY 645,,0,2.0,0,Licensing Status:With License
DOH000000000006121,JOSE VICENCIO HEALTH CENTER,Health Facility,Rural Health Unit,rhu,Government,0,1,SANTA ANA,MANILA,BARANGAY 894,,0,1.5,0,Licensing Status:With License
DOH000000000045960,JRT PSYCHIATRIC AND CUSTODIAL HOMECARE,Health Facility,Psychiatric Care Facility,other,Private,1,1,QUEZON CITY,QUEZON CITY,QUIRINO 2-B,Custodial Psychiatric Care,0,2.0,15,Licensing Status:With License
DOH000000000050282,JSR FACES AND CURVES PLASTIC RECONSTRUCTIVE SURGERY &AMP; FACIAL CARE CENTER,Health Facility,Ambulatory Surgical Clinic,clinic,Private,1,1,CITY OF SAN JUAN,SAN JUAN,GREENHILLS,,0,1.5,0,Licensing Status:With License
DOH000000000003569,JUAN POSADAS HEALTH CENTER,Health Facility,Rural Health Unit,rhu,Government,0,1,TONDO I/II,MANILA,BARANGAY 139,,0,1.5,0,Licensing Status:With License
DOH000000000040546,JUDEA BIRTHING HOME CLINIC,Health Facility,Birthing Home,birthing,Private,1,1,CITY OF CALOOCAN,CALOOCAN,BARANGAY 176-A,,0,1.5,3,Licensing Status:With License
DOH000000000011699,JULIAN FELIPE HEALTH CENTER,Health Facility,Rural Health Unit,rhu,Government,0,0,CITY OF CALOOCAN,CALOOCAN,BARANGAY 8,,0,1.5,0,
DOH000000000022594,JUSTICE JOSE ABAD SANTOS GENERAL HOSPITAL,Health Facility,Hospital,hospital,Government,0,1,BINONDO,MANILA,BARANGAY 292,Level 1,1,2.5,150,Licensing Status:With License
DOH000000000040637,JUVIE LYING-IN CLINIC,Health Facility,Birthing Home,birthing,Private,1,1,CITY OF CALOOCAN,CALOOCAN,BARANGAY 66,,0,1.5,1,Licensing Status:With License
DOH000000000049622,K LINE CLINIC,Health Facility,Drug Testing Laboratory,laboratory,Private,1,1,PASAY CITY,PASAY,BARANGAY 76,Screening (Drug testing),0,1.0,0,Licensing Status:With License
DOH000000000040902,K-MATTERS TAGUIG DIALYSIS AND DIAGNOSTIC CENTER,Health Facility,Clinical Laboratory,clinic,Private,1,1,CITY OF TAGUIG,TAGUIG,FORT BONIFACIO,,0,1.5,0,Licensing Status:With License
DOH000000000041975,K-MATTERS TAGUIG DIALYSIS AND DIAGNOSTIC CENTER CO.,Health Facility,Dialysis Clinic,dialysis,Private,1,1,CITY OF TAGUIG,TAGUIG,FORT BONIFACIO,,0,2.0,0,Licensing Status:With License
DOH000000000046490,K1 HEALTH SCIENCE CORPORATION,Health Facility,Ambulatory Surgical Clinic,clinic,Private,1,1,CITY OF TAGUIG,TAGUIG,FORT BONIFACIO,,0,1.5,0,Licensing Status:With License
DOH000000000043867,"K8 BIOMEDICAL LABORATORY AND DIAGNOSTIC, CO.",Health Facility,Clinical Laboratory,clinic,Private,1,1,PASAY CITY,PASAY,BARANGAY 59,,0,1.5,0,Licensing Status:With License
DOH000000000039373,"KABAKA FOUNDATION, INC.",Health Facility,Clinical Laboratory,clinic,Private,1,1,PACO,MANILA,BARANGAY 830,Level 2,2,3.0,0,Licensing Status:With License
DOH000000000004762,KABAYANAN HEALTH CENTER,Health Facility,Rural Health Unit,rhu,Government,0,0,CITY OF SAN JUAN,SAN JUAN,KABAYANAN,,0,1.5,0,
DOH000000000046644,KAIROS LABORATORIES AND DIAGNOSTICS INC.,Health Facility,Clinical Laboratory,clinic,Private,1,1,CITY OF PARA?AQUE,PARANAQUE,SAN DIONISIO,,0,1.5,0,Licensing Status:With License
DOH000000000054335,"KAISER MEDICAL CENTER, INC.",Health Facility,Medical Facility for Overseas Workers & Seafarers,other,Private,1,1,CITY OF MAKATI,MAKATI,BEL-AIR,,0,1.0,0,Licensing Status:With License
DOH000000000049623,"KAISER MEDICAL CENTER, INC.",Health Facility,Drug Testing Laboratory,laboratory,Private,1,1,QUEZON CITY,QUEZON CITY,BAGONG PAG-ASA,Screening (Drug testing),0,1.0,0,Licensing Status:With License
DOH000000000040764,"KAISER MEDICAL CENTER, INC. - ROBINSONS GALLERIA",Health Facility,Clinical Laboratory,clinic,Private,1,1,QUEZON CITY,QUEZON CITY,SAN ANTONIO,,0,1.5,0,Licensing Status:With License
DOH000000000039358,"KAISER MEDICAL CENTER, INC. - ROBINSONS MANILA",Health Facility,Clinical Laboratory,clinic,Private,1,1,ERMITA,MANILA,BARANGAY 670,Level 2,2,3.0,0,Licensing Status:With License
DOH000000000040792,"KAISER MEDICAL CENTER, INC. - SM NORTH TOWERS",Health Facility,Clinical Laboratory,clinic,Private,1,1,QUEZON CITY,QUEZON CITY,BAGONG PAG-ASA,,0,1.5,0,Licensing Status:With License
DOH000000000004954,KALAWAAN HEALTH CENTER,Health Facility,Rural Health Unit,rhu,Government,0,0,CITY OF PASIG,PASIG,KALAWAAN,,0,1.5,0,
DOH000000000003889,KALAYAAN HEALTH CENTER,Health Facility,Rural Health Unit,rhu,Government,0,1,PASAY CITY,PASAY,BARANGAY 201,,0,1.5,0,Licensing Status:With License
DOH000000000000140,KALAYAAN HEALTH CENTER,Health Facility,Rural Health Unit,rhu,Government,0,0,QUEZON CITY,QUEZON CITY,DO?A IMELDA,,0,1.5,0,
DOH000000000052444,KALIGAYAHAN ANIMAL BITE TREATMENT CENTER,Health Facility,Animal Bite Treatment Center,other,Government,0,0,QUEZON CITY,QUEZON CITY,KALIGAYAHAN,,0,1.0,0,
DOH000000000002336,KALIGAYAHAN HEALTH CENTER,Health Facility,Rural Health Unit,rhu,Government,0,0,QUEZON CITY,QUEZON CITY,KALIGAYAHAN,,0,1.5,0,
DOH000000000040767,KAMUNING CLINICAL LABORATORY,Health Facility,Clinical Laboratory,clinic,Government,0,1,QUEZON CITY,QUEZON CITY,KAMUNING,,0,1.5,0,Licensing Status:With License
DOH000000000040410,KAMUNING LYING-IN CLINIC,Health Facility,Birthing Home,birthing,Government,0,1,QUEZON CITY,QUEZON CITY,KAMUNING,,0,1.5,10,Licensing Status:With License
DOH000000000003482,KAMUNING SUPER HEALTH CENTER,Health Facility,Rural Health Unit,rhu,Government,0,0,QUEZON CITY,QUEZON CITY,KAMUNING,,0,1.5,0,
DOH000000000005301,KAPASIGAN HEALTH CENTER,Health Facility,Rural Health Unit,rhu,Government,0,1,CITY OF PASIG,PASIG,KAPASIGAN,,0,1.5,0,Licensing Status:With License
DOH000000000001481,KAPITOLYO HEALTH CENTER,Health Facility,Rural Health Unit,rhu,Government,0,1,CITY OF PASIG,PASIG,KAPITOLYO,,0,1.5,0,Licensing Status:With License
DOH000000000001467,KARANGALAN HEALTH CENTER,Health Facility,Rural Health Unit,rhu,Government,0,1,CITY OF PASIG,PASIG,MANGGAHAN,,0,1.5,0,Licensing Status:With License
DOH000000000003732,KASILAWAN HEALTH CENTER,Health Facility,Rural Health Unit,rhu,Government,0,0,CITY OF MAKATI,MAKATI,KASILAWAN,,0,1.5,0,
DOH000000000040853,KASILAWAN SATELLITE LABORATORY,Health Facility,Clinical Laboratory,clinic,Government,0,1,CITY OF MAKATI,MAKATI,KASILAWAN,,0,1.5,0,Licensing Status:With License
DOH000000000053744,KATO FERTILITY CENTER,Health Facility,Ambulatory Surgical Clinic,clinic,Private,1,1,CITY OF MUNTINLUPA,MUNTINLUPA,ALABANG,,0,1.5,0,Licensing Status:With License
DOH000000000045307,KATO REPRO BIOTECH CENTER,Health Facility,Ambulatory Surgical Clinic,clinic,Private,1,1,CITY OF MAKATI,MAKATI,SAN LORENZO,,0,1.5,0,Licensing Status:With License
DOH000000000025810,KATUPARAN HEALTH CENTER,Health Facility,Rural Health Unit,rhu,Government,0,0,CITY OF TAGUIG,TAGUIG,KATUPARAN,,0,1.5,0,
DOH000000000007250,KAUNLARAN HEALTH CENTER,Health Facility,Rural Health Unit,rhu,Government,0,0,CITY OF NAVOTAS,NAVOTAS,NBBS KAUNLARAN,,0,1.5,0,
DOH000000000043627,KAUNLARAN VILLAGE HEALTH CENTER,Health Facility,Barangay Health Station,bhs,Government,0,0,CITY OF NAVOTAS,NAVOTAS,NBBS KAUNLARAN,,0,1.5,0,
DOH000000000052451,KAWAYANAN LYING-IN &AMP; MEDICAL CLINIC,Health Facility,Birthing Home,birthing,Private,1,1,CITY OF CALOOCAN,CALOOCAN,BARANGAY 176-A,,0,1.5,2,Licensing Status:With License
DOH000000000040733,KBM DIAGNOSTIC LABORATORY,Health Facility,Clinical Laboratory,clinic,Private,1,1,QUEZON CITY,QUEZON CITY,BATASAN HILLS,,0,1.5,0,Licensing Status:With License
DOH000000000049626,KERALTY CLINIC,Health Facility,Drug Testing Laboratory,laboratory,Private,1,1,CITY OF MUNTINLUPA,MUNTINLUPA,ALABANG,Screening (Drug testing),0,1.0,0,Licensing Status:With License
DOH000000000049627,KERALTY CLINIC,Health Facility,Drug Testing Laboratory,laboratory,Private,1,1,QUEZON CITY,QUEZON CITY,SOCORRO,Screening (Drug testing),0,1.0,0,Licensing Status:With License
DOH000000000049629,KEYHEALTH DIAGNOSTIC LABORATORY,Health Facility,Drug Testing Laboratory,laboratory,Private,1,1,QUEZON CITY,QUEZON CITY,PHIL-AM,Screening (Drug testing),0,1.0,0,Licensing Status:With License
DOH000000000041829,"KIDNEY FOUNDATION OF THE PHILS, INC.",Health Facility,Dialysis Clinic,dialysis,Private,1,1,CITY OF PASIG,PASIG,BAGONG ILOG,,0,2.0,0,Licensing Status:With License
DOH000000000041333,"KIDNEY HEALTHCARE DIALYSIS CENTER, INC.",Health Facility,Dialysis Clinic,dialysis,Private,1,1,CITY OF MARIKINA,MARIKINA,TUMANA,,0,2.0,0,Licensing Status:With License
DOH000000000042191,KIDNEY LIFE SPECIALTY CLINIC AND DIALYSIS CENTER,Health Facility,Dialysis Clinic,dialysis,Private,1,1,SAMPALOC,MANILA,BARANGAY 416,,0,2.0,0,Licensing Status:With License
DOH000000000054595,KIDNEYCARE DIALYSIS CENTER,Health Facility,Dialysis Clinic,dialysis,Private,1,1,BINONDO,MANILA,BARANGAY 291,,0,2.0,0,Licensing Status:With License
DOH000000000042190,"KIDNEYPRO DIALYSIS CENTER, INC.",Health Facility,Dialysis Clinic,dialysis,Private,1,1,ERMITA,MANILA,BARANGAY 670,,0,2.0,0,Licensing Status:With License
DOH000000000040758,KING OF KING'S LABORATORY &AMP; DIAGNOSTIC CENTER,Health Facility,Clinical Laboratory,clinic,Private,1,1,QUEZON CITY,QUEZON CITY,PINYAHAN,,0,1.5,0,Licensing Status:With License
DOH000000000040841,KLINIKA BERNARDO CLINICAL LABORATORY,Health Facility,Clinical Laboratory,clinic,Government,0,1,QUEZON CITY,QUEZON CITY,PINAGKAISAHAN,,0,1.5,0,Licensing Status:With License
DOH000000000052436,KLINIKA EASTWOOD CLINICAL LABORATORY,Health Facility,Clinical Laboratory,clinic,Government,0,1,QUEZON CITY,QUEZON CITY,BAGUMBAYAN,,0,1.5,0,Licensing Status:With License
DOH000000000033695,KLINIKA NOVALICHES SUNDOWN CLINIC,Health Facility,Social Hygiene Clinic,clinic,Government,0,0,QUEZON CITY,QUEZON CITY,NOVALICHES PROPER,,0,1.5,0,
DOH000000000040804,KLINIKA PROJECT 7 LABORATORY,Health Facility,Clinical Laboratory,clinic,Government,0,1,QUEZON CITY,QUEZON CITY,VETERANS VILLAGE,,0,1.5,0,Licensing Status:With License
DOH000000000052469,KOBE CLINIC CORP.,Health Facility,Clinical Laboratory,clinic,Private,1,1,CITY OF MUNTINLUPA,MUNTINLUPA,ALABANG,,0,1.5,0,Licensing Status:With License
DOH000000000039357,KONSULTA &AMP; RESULTA MEDICAL CLINIC &AMP; LABORATORY,Health Facility,Clinical Laboratory,clinic,Private,1,1,SAMPALOC,MANILA,BARANGAY 592,Level 2,2,3.0,0,Licensing Status:With License
DOH000000000054965,KREANNIAN BIRTHING CLINIC,Health Facility,Birthing Home,birthing,Private,1,1,CITY OF CALOOCAN,CALOOCAN,BARANGAY 177,,0,1.5,2,Licensing Status:With License
DOH000000000000840,KRUS NA LIGAS HEALTH CENTER,Health Facility,Rural Health Unit,rhu,Government,0,0,QUEZON CITY,QUEZON CITY,KRUS NA LIGAS,,0,1.5,0,
DOH000000000054790,KS INFINITY CENTER FOR DIALYSIS AND DIAGNOSTICS,Health Facility,Dialysis Clinic,dialysis,Private,1,1,QUEZON CITY,QUEZON CITY,BAHAY TORO,,0,2.0,0,Licensing Status:With License
DOH000000000040953,KSC FAMILY CLINIC,Health Facility,Clinical Laboratory,clinic,Private,1,1,CITY OF VALENZUELA,VALENZUELA,KARUHATAN,,0,1.5,0,Licensing Status:With License
DOH000000000054173,KSC FAMILY CLINIC INC.,Health Facility,Ambulatory Surgical Clinic,clinic,Private,1,1,CITY OF VALENZUELA,VALENZUELA,KARUHATAN,,0,1.5,0,Licensing Status:With License
DOH000000000052471,KWATRO BIRTHING HOME,Health Facility,Birthing Home,birthing,Private,1,1,CITY OF MUNTINLUPA,MUNTINLUPA,BAYANAN,,0,1.5,1,Licensing Status:With License
DOH000000000049631,"L-R MEDICAL &AMP; X-RAY CLINIC, INC.",Health Facility,Drug Testing Laboratory,laboratory,Private,1,1,CITY OF MAKATI,MAKATI,SAN ISIDRO,Screening (Drug testing),0,1.0,0,Licensing Status:With License
DOH000000000044216,L-R MEDICAL AND X-RAY CLINIC,Health Facility,Medical Facility for Overseas Workers & Seafarers,other,Private,1,1,CITY OF MAKATI,MAKATI,SAN ISIDRO,,0,1.0,0,Licensing Status:With License
DOH000000000040678,L. PILLODAR LYING-IN CLINIC,Health Facility,Birthing Home,birthing,Private,1,1,CITY OF TAGUIG,TAGUIG,PEMBO,,0,1.5,7,Licensing Status:With License
DOH000000000040518,L. SALONGA BIRTHING HOME,Health Facility,Birthing Home,birthing,Private,1,1,CITY OF PASIG,PASIG,BAGONG ILOG,,0,1.5,1,Licensing Status:With License
DOH000000000040495,L.D.S. MATERNITY CLINIC,Health Facility,Birthing Home,birthing,Private,1,1,CITY OF CALOOCAN,CALOOCAN,BARANGAY 188,,0,1.5,1,Licensing Status:With License
DOH000000000049632,L.E.R. ST. PAUL DRUG TESTING AND MEDICAL SERVICES,Health Facility,Drug Testing Laboratory,laboratory,Private,1,1,CITY OF PASIG,PASIG,PINAGBUHATAN,Screening (Drug testing),0,1.0,0,Licensing Status:With License
DOH000000000033179,L.R.B. MEDICAL &AMP; MATERNITY CLINIC,Health Facility,Birthing Home,birthing,Private,1,1,CITY OF CALOOCAN,CALOOCAN,BARANGAY 175,,0,1.5,3,Licensing Status:With License
DOH000000000041611,L.R.B. MEDICAL &AMP; MATERNITY CLINIC-,Health Facility,Birthing Home,birthing,Private,1,1,CITY OF CALOOCAN,CALOOCAN,BARANGAY 178,,0,1.5,3,Licensing Status:With License
DOH000000000003108,LA HUERTA HEALTH CENTER,Health Facility,Rural Health Unit,rhu,Government,0,0,CITY OF PARA?AQUE,PARANAQUE,LA HUERTA,,0,1.5,0,
DOH000000000007268,LA LOMA HEALTH CENTER,Health Facility,Rural Health Unit,rhu,Government,0,0,QUEZON CITY,QUEZON CITY,PAANG BUNDOK,Level 1,1,2.5,0,
DOH000000000041105,"LA MADRID POLYCLINIC AND DIAGNOSTICS, INC.",Health Facility,Clinical Laboratory,clinic,Private,1,1,CITY OF PARA?AQUE,PARANAQUE,BACLARAN,,0,1.5,0,Licensing Status:With License
DOH000000000040560,LA MATERNA BIRTHING HOME CLINIC,Health Facility,Birthing Home,birthing,Private,1,1,CITY OF MARIKINA,MARIKINA,TUMANA,,0,1.5,6,Licensing Status:With License
DOH000000000046415,LA NOUVELLE IMAGE DERMATOLOGY &AMP; PLASTIC SURGERY CLINIC,Health Facility,Ambulatory Surgical Clinic,clinic,Private,1,1,CITY OF PASIG,PASIG,SAN ANTONIO,,0,1.5,0,Licensing Status:With License
DOH000000000001449,LA PAZ HEALTH CENTER,Health Facility,Rural Health Unit,rhu,Government,0,0,CITY OF MAKATI,MAKATI,LA PAZ,,0,1.5,0,
DOH000000000048170,"LA SANTE MEDICAL &AMP; DIAGNOSTIC CENTER, INC.",Health Facility,Medical Facility for Overseas Workers & Seafarers,other,Private,1,1,ERMITA,MANILA,BARANGAY 668,,0,1.0,0,Licensing Status:With License
DOH000000000049633,"LA SANTE MEDICAL AND DIAGNOSTIC CENTER, INC.",Health Facility,Drug Testing Laboratory,laboratory,Private,1,1,ERMITA,MANILA,BARANGAY 668,Screening (Drug testing),0,1.0,0,Licensing Status:With License
DOH000000000049634,LAB THREE LABORATORY AND DIAGNOSTIC MEDICAL CLINIC,Health Facility,Drug Testing Laboratory,laboratory,Private,1,1,CITY OF PASIG,PASIG,DELA PAZ,Screening (Drug testing),0,1.0,0,Licensing Status:With License
DOH000000000051654,LAB8 DIAGNOSTIC LABORATORY,Health Facility,Clinical Laboratory,clinic,Private,1,1,CITY OF PASIG,PASIG,SANTA LUCIA,,0,1.5,0,Licensing Status:With License
DOH000000000041090,LABCOR DIAGNOSTIC CENTER,Health Facility,Clinical Laboratory,clinic,Private,1,1,CITY OF PARA?AQUE,PARANAQUE,B. F. HOMES,,0,1.5,0,Licensing Status:With License
DOH000000000049635,LABCOR DIAGNOSTICS CENTER,Health Facility,Drug Testing Laboratory,laboratory,Private,1,1,CITY OF PARA?AQUE,PARANAQUE,B. F. HOMES,Screening (Drug testing),0,1.0,0,Licensing Status:With License
DOH000000000039205,LABEXPRESS MEDICAL DIAGNOSTICS,Health Facility,Clinical Laboratory,clinic,Private,1,1,CITY OF LAS PI?AS,LAS PINAS,TALON DOS,,0,1.5,0,Licensing Status:With License
DOH000000000040570,LABLIFE IV MEDICAL AND DIAGNOSTIC CENTER,Health Facility,Clinical Laboratory,clinic,Private,1,1,QUEZON CITY,QUEZON CITY,SOCORRO,,0,1.5,0,Licensing Status:With License
DOH000000000049636,LABLIFE MEDICAL AND DIAGNOSTIC CENTER,Health Facility,Drug Testing Laboratory,laboratory,Private,1,1,QUEZON CITY,QUEZON CITY,SOCORRO,Screening (Drug testing),0,1.0,0,Licensing Status:With License
DOH000000000049637,LABNET DIAGNOSTIC AND MEDICAL CLINIC AND WATER TESTING LABORATORY INC.,Health Facility,Drug Testing Laboratory,laboratory,Private,1,1,QUEZON CITY,QUEZON CITY,CENTRAL,Screening (Drug testing),0,1.0,0,Licensing Status:With License
DOH000000000040773,"LABNET DIAGNOSTIC AND MEDICAL CLINIC AND WATER TESTING LABORATORY, INC.",Health Facility,Clinical Laboratory,clinic,Private,1,1,QUEZON CITY,QUEZON CITY,PINYAHAN,,0,1.5,0,Licensing Status:With License
DOH000000000049638,"LABORATORY OF COMPUTER MEDICINE PHILIPPINES, INC.",Health Facility,Drug Testing Laboratory,laboratory,Private,1,1,CITY OF MAKATI,MAKATI,SAN ANTONIO,Screening (Drug testing),0,1.0,0,Licensing Status:With License
DOH000000000039289,"LABORATORY OF COMPUTER MEDICINE PHILS., INC.",Health Facility,Clinical Laboratory,clinic,Private,1,1,CITY OF MAKATI,MAKATI,SAN ANTONIO,,0,1.5,0,Licensing Status:With License
DOH000000000040810,"LABPLUS, INC.",Health Facility,Clinical Laboratory,clinic,Private,1,1,QUEZON CITY,QUEZON CITY,VASRA,,0,1.5,0,Licensing Status:With License
DOH000000000040869,LABTALK DIAGNOSTICS CORP.,Health Facility,Clinical Laboratory,clinic,Private,1,1,QUEZON CITY,QUEZON CITY,PINYAHAN,,0,1.5,0,Licensing Status:With License
DOH000000000052479,LABTECH MEDICAL CLINIC,Health Facility,Clinical Laboratory,clinic,Private,1,1,CITY OF PASIG,PASIG,KAPITOLYO,,0,1.5,0,Licensing Status:With License
DOH000000000043854,"LABXPRESS DIAGNOSTIC HUB, INC.",Health Facility,Clinical Laboratory,clinic,Private,1,1,QUEZON CITY,QUEZON CITY,PASONG TAMO,,0,1.5,0,Licensing Status:With License
DOH000000000000608,"LADY OF LOURDES HOSPITAL &AMP; COLLEGES OF CAYBIGA, INC.",Health Facility,Infirmary,infirmary,Private,1,1,CITY OF CALOOCAN,CALOOCAN,BARANGAY 166,,0,2.5,12,Licensing Status:With License
DOH000000000051383,LADY RIZIA MIDWIFERY CLINIC,Health Facility,Birthing Home,birthing,Private,1,1,CITY OF LAS PI?AS,LAS PINAS,PULANG LUPA DOS,,0,1.5,2,Licensing Status:With License
DOH000000000051639,LAGMAN DIAGNOSTIC CENTER,Health Facility,Clinical Laboratory,clinic,Private,1,1,CITY OF MAKATI,MAKATI,SAN ANTONIO,,0,1.5,0,Licensing Status:With License
DOH000000000043604,LAGUERTA HEALTH CENTER,Health Facility,Rural Health Unit,rhu,Government,0,1,CITY OF MUNTINLUPA,MUNTINLUPA,TUNASAN,,0,1.5,0,Licensing Status:With License
DOH000000000048348,LAKAMBINI DIAGNOSTIC CENTER CORPORATION,Health Facility,Medical Facility for Overseas Workers & Seafarers,other,Private,1,1,PASAY CITY,PASAY,BARANGAY 32,,0,1.0,0,Licensing Status:With License
DOH000000000043871,LAKEVIEW HEALTH CENTER,Health Facility,Rural Health Unit,rhu,Government,0,0,CITY OF MUNTINLUPA,MUNTINLUPA,PUTATAN,,0,1.5,0,
DOH000000000051011,LANGKA STREET LYING-IN AND MATERNITY CLINIC,Health Facility,Birthing Home,birthing,Private,1,1,CITY OF CALOOCAN,CALOOCAN,BARANGAY 178,,0,1.5,1,Licensing Status:With License
DOH000000000051647,LAS PIÑAS CITY DIAGNOSTIC CENTER 1,Health Facility,Clinical Laboratory,clinic,Government,0,1,CITY OF LAS PI?AS,LAS PINAS,PAMPLONA TRES,,0,1.5,0,Licensing Status:With License
DOH000000000052449,LAS PIÑAS CITY DIAGNOSTIC CENTER 2,Health Facility,Clinical Laboratory,clinic,Government,0,1,CITY OF LAS PI?AS,LAS PINAS,DANIEL FAJARDO,,0,1.5,0,Licensing Status:With License
DOH000000000022831,LAS PIÑAS CITY HEALTH OFFICE,Health Facility,City Health Office,other,Government,0,0,CITY OF LAS PI?AS,LAS PINAS,PAMPLONA TRES,,0,1.0,0,Licensing Status:Without License
DOH000000000033182,LAS PIÑAS CITY LYING-IN CLINIC,Health Facility,Birthing Home,birthing,Government,0,1,CITY OF LAS PI?AS,LAS PINAS,B. F. INTERNATIONAL VILLAGE,,0,1.5,19,Licensing Status:With License
DOH000000000005710,LAS PIÑAS CITY MEDICAL CENTER,Health Facility,Hospital,hospital,Private,1,1,CITY OF LAS PI?AS,LAS PINAS,TALON SINGKO,Level 2,2,3.0,66,Licensing Status:With License
DOH000000000000614,"LAS PIÑAS DOCTORS HOSPITAL, INC.",Health Facility,Hospital,hospital,Private,1,1,CITY OF LAS PI?AS,LAS PINAS,PULANG LUPA DOS,Level 3,3,4.0,130,Licensing Status:With License
DOH000000000000615,LAS PIÑAS GENERAL HOSPITAL AND SATELLITE TRAUMA CENTER,Health Facility,Hospital,hospital,Government,0,1,CITY OF LAS PI?AS,LAS PINAS,PULANG LUPA UNO,Level 3,3,4.0,418,Licensing Status:With License
DOH000000000050287,LAS PIÑAS RENAL CARE CENTER INC.,Health Facility,Dialysis Clinic,dialysis,Private,1,1,CITY OF LAS PI?AS,LAS PINAS,PAMPLONA DOS,,0,2.0,10,Licensing Status:With License
DOH000000000044427,"LASER AESTHETICS AND VISION  INSTITUTE, INC",Health Facility,Ambulatory Surgical Clinic,clinic,Private,1,1,PACO,MANILA,BARANGAY 679,,0,1.5,0,Licensing Status:With License
DOH000000000006910,LAWANG BATO 3S HEALTH CENTER,Health Facility,Rural Health Unit,rhu,Government,0,0,CITY OF VALENZUELA,VALENZUELA,LAWANG BATO,,0,1.5,0,
DOH000000000036047,LAWANG BATO LYNG IN CLINIC,Health Facility,Birthing Home,birthing,Government,0,1,CITY OF VALENZUELA,VALENZUELA,LAWANG BATO,,0,1.5,1,Licensing Status:With License
DOH000000000040952,LCC1 MEDICAL AND DIAGNOSTIC CENTER,Health Facility,Clinical Laboratory,clinic,Private,1,1,CITY OF VALENZUELA,VALENZUELA,BIGNAY,,0,1.5,0,Licensing Status:With License
DOH000000000046622,LDC DIAGNOSTICS,Health Facility,Clinical Laboratory,clinic,Private,1,1,CITY OF PASIG,PASIG,ROSARIO,Level 2,2,3.0,0,Licensing Status:With License
DOH000000000049643,LEANN-DREW DRUG TESTING AND DIAGNOSTIC CENTER,Health Facility,Drug Testing Laboratory,laboratory,Private,1,1,SANTA CRUZ,MANILA,BARANGAY 353,Screening (Drug testing),0,1.0,0,Licensing Status:With License
DOH000000000004500,LEVERIZA HEALTH CENTER,Health Facility,Rural Health Unit,rhu,Government,0,1,PASAY CITY,PASAY,BARANGAY 23,,0,1.5,0,Licensing Status:With License
DOH000000000049644,LEVI MARIANO LABORATORY MEDICAL SERVICES CO.,Health Facility,Drug Testing Laboratory,laboratory,Private,1,1,CITY OF TAGUIG,TAGUIG,USUSAN,Screening (Drug testing),0,1.0,0,Licensing Status:With License
DOH000000000040535,LGC CARE MATERNITY MEDICAL CLINIC,Health Facility,Birthing Home,birthing,Private,1,1,QUEZON CITY,QUEZON CITY,GULOD,,0,1.5,2,Licensing Status:With License
DOH000000000033222,LHR LYING IN CLINIC,Health Facility,Birthing Home,birthing,Private,1,1,QUEZON CITY,QUEZON CITY,SAUYO,,0,1.5,2,Licensing Status:With License
DOH000000000044185,LIBIS BAESA SATELLITE CENTER,Health Facility,Barangay Health Station,bhs,Government,0,0,CITY OF CALOOCAN,CALOOCAN,BARANGAY 160,,0,1.5,0,
DOH000000000002624,LIBIS HEALTH CENTER,Health Facility,Rural Health Unit,rhu,Government,0,0,QUEZON CITY,QUEZON CITY,LIBIS,Level 1,1,2.5,0,
DOH000000000040635,LIEZEL MORALES PAANAKAN CLINIC,Health Facility,Birthing Home,birthing,Private,1,1,CITY OF TAGUIG,TAGUIG,UPPER BICUTAN,,0,1.5,3,Licensing Status:With License
DOH000000000054591,LIFE BASKET MATERNITY CLINIC,Health Facility,Birthing Home,birthing,Private,1,1,CITY OF PARA?AQUE,PARANAQUE,TAMBO,,0,1.5,0,Licensing Status:With License
DOH000000000052437,LIFEBLOOM LYING-IN CLINIC,Health Facility,Birthing Home,birthing,Private,1,1,QUEZON CITY,QUEZON CITY,PAYATAS,,0,1.5,2,Licensing Status:With License
DOH000000000052431,LIFECONNECT LABORATORY AND MULTISPECIALTY CLINIC INC.,Health Facility,Clinical Laboratory,clinic,Private,1,1,QUEZON CITY,QUEZON CITY,HOLY SPIRIT,,0,1.5,0,Licensing Status:With License
DOH000000000052481,LIFECORE BIO INTEGRATIVE INC.,Health Facility,Clinical Laboratory,clinic,Private,1,1,CITY OF TAGUIG,TAGUIG,FORT BONIFACIO,,0,1.5,0,Licensing Status:With License
DOH000000000041106,LIFEGEN LABORATORY AND DIAGNOSTIC CENTER,Health Facility,Clinical Laboratory,clinic,Private,1,1,CITY OF PARA?AQUE,PARANAQUE,B. F. HOMES,,0,1.5,0,Licensing Status:With License
DOH000000000050543,"LIFELINE 16911 MEDICAL, INC.",Health Facility,Ambulance Service Provider,ambulance,Private,1,1,CITY OF PARA?AQUE,PARANAQUE,SAN MARTIN DE PORRES,,0,0.5,0,Licensing Status:With License
DOH000000000051705,LIFENURTURE INCORPORATED,Health Facility,Ambulatory Surgical Clinic,clinic,Private,1,1,CITY OF MAKATI,MAKATI,BEL-AIR,,0,1.5,0,Licensing Status:With License
DOH000000000045959,LIFT-UP HOME CARE CENTER,Health Facility,Psychiatric Care Facility,other,Private,1,1,CITY OF MARIKINA,MARIKINA,CONCEPCION UNO,Custodial Psychiatric Care,0,2.0,12,Licensing Status:With License
DOH000000000040558,LIGHT OF JESUS BIRTHING HOME,Health Facility,Birthing Home,birthing,Private,1,1,CITY OF CALOOCAN,CALOOCAN,BARANGAY 176-A,,0,1.5,3,Licensing Status:With License
DOH000000000004082,LIGID HEALTH CENTER,Health Facility,Rural Health Unit,rhu,Government,0,0,CITY OF TAGUIG,TAGUIG,LIGID-TIPAS,,0,1.5,0,
DOH000000000029731,LIGID SUPER HEALTH CENTER (SPECIAL HEALTH UNIT),Health Facility,Rural Health Unit,rhu,Government,0,0,CITY OF TAGUIG,TAGUIG,LIGID-TIPAS,,0,1.5,0,
DOH000000000050187,LIGID-TIPAS SUPER HEALTH CENTER,Health Facility,Birthing Home,birthing,Government,0,1,CITY OF TAGUIG,TAGUIG,LIGID-TIPAS,,0,1.5,2,Licensing Status:With License
DOH000000000052465,LILAC MEDICAL CLINIC AND LABORATORY CORP.,Health Facility,Clinical Laboratory,clinic,Private,1,1,CITY OF MARIKINA,MARIKINA,CONCEPCION DOS,,0,1.5,0,Licensing Status:With License
DOH000000000040708,LIMBAUAN BIRTHING HOME,Health Facility,Birthing Home,birthing,Private,1,1,QUEZON CITY,QUEZON CITY,NOVALICHES PROPER,,0,1.5,1,Licensing Status:With License
DOH000000000045966,LINDA'S LYING-IN CLINIC,Health Facility,Birthing Home,birthing,Private,1,1,QUEZON CITY,QUEZON CITY,PAYATAS,,0,1.5,2,Licensing Status:With License
DOH000000000002520,LINGUNAN HEALTH CENTER,Health Facility,Rural Health Unit,rhu,Government,0,0,CITY OF VALENZUELA,VALENZUELA,LINGUNAN,,0,1.5,0,
DOH000000000040694,LITTLE ANGEL'S CARE LYING-IN AND MEDICAL CLINIC,Health Facility,Birthing Home,birthing,Private,1,1,CITY OF MARIKINA,MARIKINA,PARANG,,0,1.5,2,Licensing Status:With License
DOH000000000051049,LITTLE MIRACLES MATERNITY CLINIC,Health Facility,Birthing Home,birthing,Private,1,1,CITY OF LAS PI?AS,LAS PINAS,PULANG LUPA DOS,,0,1.5,3,Licensing Status:With License
DOH000000000043852,"LIVEWELL DIAGNOSTIC AND MULTI-SPECIALTY CLINIC, INC.",Health Facility,Clinical Laboratory,clinic,Private,1,1,CITY OF VALENZUELA,VALENZUELA,GEN. T. DE LEON,,0,1.5,0,Licensing Status:With License
DOH000000000052466,LIVEWELL DIAGNOSTIC CLINIC CORPORATION,Health Facility,Clinical Laboratory,clinic,Private,1,1,CITY OF MARIKINA,MARIKINA,SAN ROQUE,,0,1.5,0,Licensing Status:With License
DOH000000000042089,LIVEWELL DIALYSIS CENTER OF MANILA INC.,Health Facility,Dialysis Clinic,dialysis,Private,1,1,MALATE,MANILA,BARANGAY 689,,0,2.0,0,Licensing Status:With License
DOH000000000033202,LIZA AGUILAR-RACUYA LYING IN CLINIC,Health Facility,Birthing Home,birthing,Private,1,1,CITY OF PASIG,PASIG,PINAGBUHATAN,,0,1.5,3,Licensing Status:With License
DOH000000000053949,LJV BIRTHING HOME,Health Facility,Birthing Home,birthing,Private,1,0,QUEZON CITY,QUEZON CITY,COMMONWEALTH,,0,1.5,1,Licensing Status:Without License
DOH000000000046642,LLA BIRTHING CLINIC,Health Facility,Birthing Home,birthing,Private,1,1,QUEZON CITY,QUEZON CITY,GULOD,,0,1.5,1,Licensing Status:With License
DOH000000000027926,LLANO HEALTH CENTER,Health Facility,Rural Health Unit,rhu,Government,0,0,CITY OF CALOOCAN,CALOOCAN,BARANGAY 167,,0,1.5,0,
DOH000000000051382,LLG MEDICAL AND LYING-IN CLINIC CO.,Health Facility,Birthing Home,birthing,Private,1,1,CITY OF MUNTINLUPA,MUNTINLUPA,TUNASAN,,0,1.5,2,Licensing Status:With License
DOH000000000049645,"LLN MEDICAL SERVICES, INC.",Health Facility,Drug Testing Laboratory,laboratory,Private,1,1,MALATE,MANILA,BARANGAY 694,Screening (Drug testing),0,1.0,0,Licensing Status:With License
DOH000000000054145,LNS LABORATORY AND DIAGNOSTIC CENTER,Health Facility,Clinical Laboratory,clinic,Private,1,1,CITY OF CALOOCAN,CALOOCAN,BARANGAY 184,,0,1.5,0,Licensing Status:With License
DOH000000000007264,LONGOS SUPER HEALTH CENTER,Health Facility,Rural Health Unit,rhu,Government,0,0,CITY OF MALABON,MALABON,LONGOS,,0,1.5,0,
DOH000000000039338,"LOVE YOURSELF (VINN ADVOCACY FOR LGBT - MSM), INC.",Health Facility,Clinical Laboratory,clinic,Private,1,1,CITY OF MANDALUYONG,MANDALUYONG,WACK-WACK GREENHILLS,Level 2,2,3.0,0,Licensing Status:With License
DOH000000000046903,LOVING MOTHER DIAGNOSTIC AND DIALYSIS CENTER,Health Facility,Dialysis Clinic,dialysis,Private,1,1,QUEZON CITY,QUEZON CITY,BAGONG LIPUNAN NG CRAME,,0,2.0,0,Licensing Status:With License
DOH000000000037094,LOWER TIBAGAN GENERAL TIBURCIO DE LEON HEALTH STATION,Health Facility,Rural Health Unit,rhu,Government,0,0,CITY OF VALENZUELA,VALENZUELA,GEN. T. DE LEON,,0,1.5,0,
DOH000000000040938,LOWER TIBAGAN UGONG HEALTH STATION,Health Facility,Barangay Health Station,bhs,Government,0,0,CITY OF VALENZUELA,VALENZUELA,UGONG,,0,1.5,0,
DOH000000000041658,LTA DIALYSIS CENTER,Health Facility,Dialysis Clinic,dialysis,Private,1,1,CITY OF MAKATI,MAKATI,GUADALUPE VIEJO,,0,2.0,0,Licensing Status:With License
DOH000000000052452,LUCASJOY MEDICAL SERVICES,Health Facility,Birthing Home,birthing,Private,1,1,CITY OF CALOOCAN,CALOOCAN,BARANGAY 161,,0,1.5,6,Licensing Status:With License
DOH000000000052433,LUCIS URGENT CARE AND DIAGNOSTIC CENTER,Health Facility,Clinical Laboratory,clinic,Private,1,1,QUEZON CITY,QUEZON CITY,BAGONG LIPUNAN NG CRAME,,0,1.5,0,Licensing Status:With License
DOH000000000006028,LUNG CENTER OF THE PHILIPPINES,Health Facility,Hospital,hospital,Government,0,1,QUEZON CITY,QUEZON CITY,CENTRAL,Level 3,3,4.0,237,Licensing Status:With License
DOH000000000039003,LUNG CENTER OF THE PHILIPPINES (GENEXPERT),Health Facility,COVID-19 Testing Laboratory,laboratory,Government,0,1,QUEZON CITY,QUEZON CITY,CENTRAL,,0,1.0,0,Licensing Status:With License
DOH000000000038978,LUNG CENTER OF THE PHILIPPINES (LCP),Health Facility,COVID-19 Testing Laboratory,laboratory,Government,0,1,QUEZON CITY,QUEZON CITY,CENTRAL,,0,1.0,0,Licensing Status:With License
DOH000000000005357,LUPANG PANGAKO HEALTH CENTER,Health Facility,Rural Health Unit,rhu,Government,0,0,QUEZON CITY,QUEZON CITY,PAYATAS,Level 1,1,2.5,0,
DOH000000000040679,LUZ L. PILLODAR LYING IN CLINIC,Health Facility,Birthing Home,birthing,Private,1,1,CITY OF TAGUIG,TAGUIG,USUSAN,,0,1.5,1,Licensing Status:With License
DOH000000000000860,LUZVIMINDA HEALTH CENTER,Health Facility,Rural Health Unit,rhu,Government,0,1,SAMPALOC,MANILA,BARANGAY 558,,0,1.5,0,Licensing Status:With License
DOH000000000052478,M DIAGNOSTICS PHILIPPINES INC.,Health Facility,Clinical Laboratory,clinic,Private,1,1,CITY OF PASIG,PASIG,SAN ANTONIO,,0,1.5,0,Licensing Status:With License
DOH000000000040947,M. AMPARO MEDICAL CLINIC AND LABORATORY,Health Facility,Clinical Laboratory,clinic,Private,1,1,CITY OF VALENZUELA,VALENZUELA,BIGNAY,,0,1.5,0,Licensing Status:With License
DOH000000000003843,M. DELA CRUZ HEALTH CENTER,Health Facility,Rural Health Unit,rhu,Government,0,1,PASAY CITY,PASAY,BARANGAY 128,,0,1.5,0,Licensing Status:With License
DOH000000000003840,M. EARNSHAW HEALTH CENTER,Health Facility,Rural Health Unit,rhu,Government,0,1,SAMPALOC,MANILA,BARANGAY 458,,0,1.5,0,Licensing Status:With License
DOH000000000003485,M. H. PEDRO HEALTH CENTER,Health Facility,Rural Health Unit,rhu,Government,0,0,QUEZON CITY,QUEZON CITY,PASONG TAMO,,0,1.5,0,
DOH000000000002263,M. ICASIANO HEALTH CENTER,Health Facility,Rural Health Unit,rhu,Government,0,1,PACO,MANILA,BARANGAY 812,,0,1.5,0,Licensing Status:With License
DOH000000000040551,M2M LYING-IN CLINIC,Health Facility,Birthing Home,birthing,Private,1,1,CITY OF VALENZUELA,VALENZUELA,MALINTA,,0,1.5,2,Licensing Status:With License
DOH000000000003841,MA. CLARA HEALTH CENTER,Health Facility,Rural Health Unit,rhu,Government,0,0,SAMPALOC,MANILA,BARANGAY 483,,0,1.5,0,
DOH000000000040529,MA. VICTORIA CELESTE LYING-IN CLINIC,Health Facility,Birthing Home,birthing,Private,1,1,CITY OF VALENZUELA,VALENZUELA,MARULAS,,0,1.5,2,Licensing Status:With License
DOH000000000048171,"MABINI MEDICAL CLINIC, INC.",Health Facility,Medical Facility for Overseas Workers & Seafarers,other,Private,1,1,MALATE,MANILA,BARANGAY 691,,0,1.0,0,Licensing Status:With License
DOH000000000002431,MABINI-J. RIZAL HEALTH CENTER,Health Facility,Rural Health Unit,rhu,Government,0,0,CITY OF MANDALUYONG,MANDALUYONG,MABINI-J. RIZAL,,0,1.5,0,
DOH000000000000861,MABOLO HEALTH CENTER,Health Facility,Rural Health Unit,rhu,Government,0,0,CITY OF VALENZUELA,VALENZUELA,MABOLO,,0,1.5,0,
DOH000000000050285,MACH UNION LABORATORIES INC.,Health Facility,Laboratory for Chemical Analysis for Dialysis Wate,dialysis,Private,1,1,CITY OF LAS PI?AS,LAS PINAS,TALON UNO,,0,2.0,0,Licensing Status:With License
DOH000000000047666,"MACH UNION WATER LABORATORY, INC.",Health Facility,Laboratory for Drinking Water Analysis,laboratory,Private,1,1,CITY OF LAS PI?AS,LAS PINAS,TALON TRES,,0,1.0,0,Licensing Status:With License
DOH000000000033224,MADLANGSAKAY MEDICAL AND LYING IN CLINIC,Health Facility,Birthing Home,birthing,Private,1,1,QUEZON CITY,QUEZON CITY,TALIPAPA,,0,1.5,5,Licensing Status:With License
DOH000000000044398,MADRID POLYCLINIC AND DIAGNOSTIC CENTER,Health Facility,Ambulatory Surgical Clinic,clinic,Private,1,1,QUEZON CITY,QUEZON CITY,SOCORRO,,0,1.5,0,Licensing Status:With License
DOH000000000040382,MAEZELLE PSYCHO METIER &AMP; DIAGNOSTIC CENTER,Health Facility,Clinical Laboratory,clinic,Private,1,1,QUEZON CITY,QUEZON CITY,SOCORRO,,0,1.5,0,Licensing Status:With License
DOH000000000049646,MAEZELLE PSYCHO METIER AND DIAGNOSTIC CENTER,Health Facility,Drug Testing Laboratory,laboratory,Private,1,1,QUEZON CITY,QUEZON CITY,TAGUMPAY,Screening (Drug testing),0,1.0,0,Licensing Status:With License
DOH000000000039193,MAGNAHEALTH ULTRASOUND AND DIAGNOSTIC CLINIC,Health Facility,Clinical Laboratory,clinic,Private,1,1,CITY OF LAS PI?AS,LAS PINAS,TALON SINGKO,,0,1.5,0,Licensing Status:With License
DOH000000000043868,"MAGNATECH CLINICAL LABORATORY &AMP; POLYCLINIC, INC.",Health Facility,Clinical Laboratory,clinic,Private,1,1,QUEZON CITY,QUEZON CITY,HOLY SPIRIT,,0,1.5,0,Licensing Status:With License
DOH000000000039333,MAGNIFICAT DIAGNOSTIC INC.,Health Facility,Clinical Laboratory,clinic,Private,1,1,CITY OF MANDALUYONG,MANDALUYONG,HIGHWAY HILLS,Level 2,2,3.0,0,Licensing Status:With License
DOH000000000033183,MAGTALAS BIRTHING HOME,Health Facility,Birthing Home,birthing,Private,1,1,CITY OF MALABON,MALABON,PANGHULO,,0,1.5,3,Licensing Status:With License
DOH000000000040896,MAHARLIKA LABORATORY AND FAMILY CARE CO.,Health Facility,Clinical Laboratory,clinic,Private,1,1,CITY OF TAGUIG,TAGUIG,UPPER BICUTAN,,0,1.5,0,Licensing Status:With License
DOH000000000002238,MAHARLIKA VILLAGE HEALTH CENTER,Health Facility,Rural Health Unit,rhu,Government,0,0,CITY OF TAGUIG,TAGUIG,MAHARLIKA VILLAGE,,0,1.5,0,
DOH000000000049648,MAHOGANY DRUG TESTING CENTER,Health Facility,Drug Testing Laboratory,laboratory,Private,1,1,CITY OF MUNTINLUPA,MUNTINLUPA,TUNASAN,Screening (Drug testing),0,1.0,0,Licensing Status:With License
DOH000000000011982,MAKABAYAN HEALTH CENTER,Health Facility,Rural Health Unit,rhu,Government,0,0,CITY OF MANDALUYONG,MANDALUYONG,BARANGKA DRIVE,,0,1.5,0,
DOH000000000022927,MAKATI CITY HEALTH OFFICE,Health Facility,City Health Office,other,Government,0,0,CITY OF MAKATI,MAKATI,POBLACION,,0,1.0,0,Licensing Status:Without License
DOH000000000049649,MAKATI DISTRICT HEALTH LABORATORY,Health Facility,Drug Testing Laboratory,laboratory,Government,0,1,CITY OF MAKATI,MAKATI,POBLACION,Screening (Drug testing),0,1.0,0,Licensing Status:With License
DOH000000000048688,MAKATI HEALTH DEPARTMENT,Health Facility,Ambulance Service Provider,ambulance,Government,0,1,CITY OF MAKATI,MAKATI,POBLACION,,0,0.5,0,Licensing Status:With License
DOH000000000039820,MAKATI HEALTH DEPARTMENT LABORATORY AND SOCIAL HYGIENE CLINIC,Health Facility,Clinical Laboratory,clinic,Government,0,1,CITY OF MAKATI,MAKATI,POBLACION,Level 2,2,3.0,0,Licensing Status:With License
DOH000000000047455,MAKATI HEALTH DEPARTMENT WATER LABORATORY,Health Facility,Laboratory for Drinking Water Analysis,laboratory,Government,0,1,CITY OF MAKATI,MAKATI,POBLACION,,0,1.0,0,Licensing Status:With License
DOH000000000053032,MAKATI LIFE MEDICAL CENTER,Health Facility,Hospital,hospital,Private,1,1,CITY OF MAKATI,MAKATI,BEL-AIR,Level 2,2,3.0,70,Licensing Status:With License
DOH000000000000637,MAKATI MEDICAL CENTER,Health Facility,Hospital,hospital,Private,1,1,CITY OF MAKATI,MAKATI,SAN LORENZO,Level 3,3,4.0,600,Licensing Status:With License
DOH000000000044379,MAKATI MEDICAL CENTER,Health Facility,Dialysis Clinic,dialysis,Private,1,1,QUEZON CITY,QUEZON CITY,SOCORRO,,0,2.0,0,Licensing Status:With License
DOH000000000038987,MAKATI MEDICAL CENTER (HB),Health Facility,COVID-19 Testing Laboratory,laboratory,Private,1,1,CITY OF MAKATI,MAKATI,SAN LORENZO,,0,1.0,0,Licensing Status:With License
DOH000000000049650,MAKATI MEDICAL CENTER DRUG TESTING UNIT,Health Facility,Drug Testing Laboratory,laboratory,Private,1,1,CITY OF MAKATI,MAKATI,SAN LORENZO,Screening (Drug testing),0,1.0,0,Licensing Status:With License
DOH000000000033701,MAKATI SOCIAL HYGIENE CLINIC,Health Facility,Social Hygiene Clinic,clinic,Government,0,0,CITY OF MAKATI,MAKATI,POBLACION,,0,1.5,0,
DOH000000000051457,MAKATICARE DIALYSIS CENTER,Health Facility,Dialysis Clinic,dialysis,Private,1,1,CITY OF TAGUIG,TAGUIG,PEMBO,,0,2.0,0,Licensing Status:With License
DOH000000000049651,MALABON ANTI-DRUG ABUSE CENTER,Health Facility,Drug Testing Laboratory,laboratory,Government,0,1,CITY OF MALABON,MALABON,LONGOS,Screening (Drug testing),0,1.0,0,Licensing Status:With License
DOH000000000022572,MALABON CITY HEALTH OFFICE,Health Facility,City Health Office,other,Government,0,0,CITY OF MALABON,MALABON,SAN AGUSTIN,,0,1.0,0,Licensing Status:Without License
DOH000000000039936,MALABON DOCTORS SPECIALTY AND DIAGNOSTIC CENTER,Health Facility,Clinical Laboratory,clinic,Private,1,1,CITY OF MALABON,MALABON,LONGOS,Level 2,2,3.0,0,Licensing Status:With License
DOH000000000050194,"MALABON HOSPITAL AND MEDICAL CENTER, INC.",Health Facility,Hospital,hospital,Private,1,1,CITY OF MALABON,MALABON,CATMON,Level 2,2,3.0,42,Licensing Status:With License
DOH000000000033799,MALABON SOCIAL HYGIENE CLINIC,Health Facility,Social Hygiene Clinic,clinic,Government,0,0,CITY OF MALABON,MALABON,LONGOS,,0,1.5,0,
DOH000000000002428,MALAMIG HEALTH CENTER,Health Facility,Rural Health Unit,rhu,Government,0,0,CITY OF MANDALUYONG,MANDALUYONG,MALAMIG,,0,1.5,0,Licensing Status:Without License
DOH000000000001876,MALANDAY 3S HEALTH CENTER,Health Facility,Rural Health Unit,rhu,Government,0,0,CITY OF VALENZUELA,VALENZUELA,MALANDAY,,0,1.5,0,
DOH000000000005330,MALANDAY HEALTH CENTER,Health Facility,Rural Health Unit,rhu,Government,0,1,CITY OF MARIKINA,MARIKINA,MALANDAY,,0,1.5,0,Licensing Status:With License
DOH000000000012082,MALARIA HEALTH CENTER,Health Facility,Rural Health Unit,rhu,Government,0,0,CITY OF CALOOCAN,CALOOCAN,BARANGAY 185,,0,1.5,0,
DOH000000000003082,MALIBAY HEALTH CENTER,Health Facility,Rural Health Unit,rhu,Government,0,1,PASAY CITY,PASAY,BARANGAY 174,,0,1.5,0,Licensing Status:With License
DOH000000000054579,MALIBIRAN MEDICAL CLINIC WITH DIAGNOSTIC AND LABORATORY SERVICES,Health Facility,Birthing Home,birthing,Private,1,1,QUEZON CITY,QUEZON CITY,APOLONIO SAMSON,,0,1.5,6,Licensing Status:With License
DOH000000000007330,MALIGAYA HEALTH CENTER,Health Facility,Rural Health Unit,rhu,Government,0,0,QUEZON CITY,QUEZON CITY,PASONG PUTIK PROPER,,0,1.5,0,
DOH000000000052480,MALIGAYA1 DIAGNOSTIC CENTER,Health Facility,Clinical Laboratory,clinic,Private,1,1,CITY OF SAN JUAN,SAN JUAN,KABAYANAN,,0,1.5,0,Licensing Status:With License
DOH000000000040640,MALIJAN LYING-IN CLINIC,Health Facility,Birthing Home,birthing,Private,1,1,CITY OF LAS PI?AS,LAS PINAS,TALON TRES,,0,1.5,2,Licensing Status:With License
DOH000000000007333,MALINAO HEALTH CENTER,Health Facility,Rural Health Unit,rhu,Government,0,1,CITY OF PASIG,PASIG,MALINAO,,0,1.5,0,Licensing Status:With License
DOH000000000006911,MALINTA HEALTH CENTER,Health Facility,Rural Health Unit,rhu,Government,0,0,CITY OF VALENZUELA,VALENZUELA,MALINTA,,0,1.5,0,
DOH000000000040587,MANALO BIRTHING HOMES,Health Facility,Birthing Home,birthing,Private,1,1,QUEZON CITY,QUEZON CITY,NOVALICHES PROPER,,0,1.5,1,Licensing Status:With License
DOH000000000033185,MANALO-MENDOZA MATERNITY CLINIC,Health Facility,Birthing Home,birthing,Private,1,1,CITY OF MARIKINA,MARIKINA,PARANG,,0,1.5,3,Licensing Status:With License
DOH000000000053158,MANAOIS DIAGNOSTIC AND MEDICAL MATERNITY CLINIC,Health Facility,Birthing Home,birthing,Private,1,1,CITY OF NAVOTAS,NAVOTAS,SAN JOSE (POB.),,0,1.5,2,Licensing Status:With License
DOH000000000039327,MANDALUYONG CITY HEALTH LABORATORY,Health Facility,Clinical Laboratory,clinic,Government,0,1,CITY OF MANDALUYONG,MANDALUYONG,PLAINVIEW,,0,1.5,0,Licensing Status:With License
DOH000000000022749,MANDALUYONG CITY HEALTH OFFICE,Health Facility,City Health Office,other,Government,0,0,CITY OF MANDALUYONG,MANDALUYONG,PLAINVIEW,,0,1.0,0,Licensing Status:Without License
DOH000000000005688,MANDALUYONG CITY MEDICAL CENTER,Health Facility,Hospital,hospital,Government,0,1,CITY OF MANDALUYONG,MANDALUYONG,ADDITION HILLS,Level 2,2,3.0,200,Licensing Status:With License
DOH000000000033800,MANDALUYONG SOCIAL HYGIENE CLINIC,Health Facility,Social Hygiene Clinic,clinic,Government,0,0,CITY OF MANDALUYONG,MANDALUYONG,OLD ZA?IGA,,0,1.5,0,
DOH000000000001436,MANGGAHAN HEALTH CENTER,Health Facility,Rural Health Unit,rhu,Government,0,1,CITY OF PASIG,PASIG,MANGGAHAN,,0,1.5,0,Licensing Status:With License
DOH000000000033203,MANGGAHAN SUPER HEALTH CENTER,Health Facility,Birthing Home,birthing,Private,1,1,CITY OF PASIG,PASIG,MANGGAHAN,,0,1.5,6,Licensing Status:With License
DOH000000000041484,MANGGAHAN SUPERHEALTH DIALYSIS CENTER,Health Facility,Dialysis Clinic,dialysis,Government,0,1,CITY OF PASIG,PASIG,MANGGAHAN,,0,2.0,0,Licensing Status:With License
DOH000000000005738,"MANILA CENTRAL UNIVERSITY - DR. FILEMON D. TANCHOCO, SR. MEDICAL FOUNDATION, INC.",Health Facility,Hospital,hospital,Private,1,1,CITY OF CALOOCAN,CALOOCAN,BARANGAY 81,Level 3,3,4.0,81,Licensing Status:With License
DOH000000000003999,MANILA DOCTORS HOSPITAL,Health Facility,Hospital,hospital,Private,1,1,ERMITA,MANILA,BARANGAY 667,Level 3,3,4.0,300,Licensing Status:With License
DOH000000000049044,MANILA ELECTRIC COMPANY,Health Facility,Ambulance Service Provider,ambulance,Private,1,1,CITY OF PASIG,PASIG,UGONG,,0,0.5,0,Licensing Status:With License
DOH000000000040765,MANILA ENDOCRINE LABORATORY,Health Facility,Clinical Laboratory,clinic,Private,1,1,PACO,MANILA,BARANGAY 812,,0,1.5,0,Licensing Status:With License
DOH000000000044336,"MANILA EYE AND SURGICAL CENTER, INC.",Health Facility,Ambulatory Surgical Clinic,clinic,Private,1,1,MALATE,MANILA,BARANGAY 724,,0,1.5,0,Licensing Status:With License
DOH000000000049653,MANILA HEALTH DEPARTMENT - PUBLIC HEALTH LABORATORY,Health Facility,Drug Testing Laboratory,laboratory,Government,0,1,SANTA CRUZ,MANILA,BARANGAY 334,Screening (Drug testing),0,1.0,0,Licensing Status:With License
DOH000000000044400,"MANILA LITHOTRIPTERS, INC.",Health Facility,Ambulatory Surgical Clinic,clinic,Private,1,1,QUEZON CITY,QUEZON CITY,PALIGSAHAN,,0,1.5,0,Licensing Status:With License
DOH000000000005304,MANILA NAVAL HOSPITAL,Health Facility,Hospital,hospital,Government,0,1,CITY OF TAGUIG,TAGUIG,FORT BONIFACIO,Level 1,1,2.5,65,Licensing Status:With License
DOH000000000033698,MANILA SOCIAL HYGIENE CLINIC,Health Facility,Social Hygiene Clinic,clinic,Government,0,0,SANTA CRUZ,MANILA,BARANGAY 334,,0,1.5,0,
DOH000000000045976,MANILA WATER LABORATORY SERVICES,Health Facility,Laboratory for Drinking Water Analysis,laboratory,Private,1,1,QUEZON CITY,QUEZON CITY,MATANDANG BALARA,Chemical Analysis (drinking water),0,1.0,0,Licensing Status:With License
DOH000000000000866,MANOTOC HEALTH CENTER,Health Facility,Rural Health Unit,rhu,Government,0,0,CITY OF VALENZUELA,VALENZUELA,MARULAS,,0,1.5,0,
DOH000000000002282,MANUYO UNO HEALTH CENTER,Health Facility,Rural Health Unit,rhu,Government,0,0,CITY OF LAS PI?AS,LAS PINAS,MANUYO UNO,,0,1.5,0,
DOH000000000052461,MANZANO MULTI-SPECIALTY CLINIC,Health Facility,Clinical Laboratory,clinic,Private,1,1,MALATE,MANILA,BARANGAY 690,,0,1.5,0,Licensing Status:With License
DOH000000000006912,MAPULANG LUPA (MAIN) HEALTH CENTER,Health Facility,Rural Health Unit,rhu,Government,0,0,CITY OF VALENZUELA,VALENZUELA,MAPULANG LUPA,,0,1.5,0,
DOH000000000033225,MARANATHA BIRTHING HOME,Health Facility,Birthing Home,birthing,Private,1,1,QUEZON CITY,QUEZON CITY,GULOD,,0,1.5,3,Licensing Status:With License
DOH000000000040621,MARCELA SALAS DACILLO LYING-IN CARE CLINIC,Health Facility,Birthing Home,birthing,Private,1,1,CITY OF TAGUIG,TAGUIG,KATUPARAN,,0,1.5,2,Licensing Status:With License
DOH000000000005559,MARCELO GREEN HEALTH CENTER,Health Facility,Rural Health Unit,rhu,Government,0,0,CITY OF PARA?AQUE,PARANAQUE,MARCELO GREEN VILLAGE,,0,1.5,0,
DOH000000000002675,MARIA CLARA HEALTH CENTER,Health Facility,Rural Health Unit,rhu,Government,0,1,SAMPALOC,MANILA,BARANGAY 483,,0,1.5,0,Licensing Status:With License
DOH000000000006030,MARIA LOURDES MATERNITY HOSPITAL INC.,Health Facility,Birthing Home,birthing,Private,1,1,CITY OF MAKATI,MAKATI,TEJEROS,,0,1.5,12,Licensing Status:With License
DOH000000000050178,MARIA LUISITA LYING IN CLINIC,Health Facility,Birthing Home,birthing,Private,1,1,CITY OF TAGUIG,TAGUIG,BAMBANG,,0,1.5,1,Licensing Status:With License
DOH000000000047468,MARIKINA CITY CLEAN FOOD &AMP; WATER LABORATORY,Health Facility,Laboratory for Drinking Water Analysis,laboratory,Government,0,1,CITY OF MARIKINA,MARIKINA,SANTA ELENA (POB.),,0,1.0,0,Licensing Status:With License
DOH000000000040885,MARIKINA CITY DIAGNOSTIC AND MEDICAL ARTS BUILDING,Health Facility,Clinical Laboratory,clinic,Government,0,1,CITY OF MARIKINA,MARIKINA,SANTO NI?O,,0,1.5,0,Licensing Status:With License
DOH000000000049655,MARIKINA CITY DRUG TESTING LABORATORY,Health Facility,Drug Testing Laboratory,laboratory,Government,0,1,CITY OF MARIKINA,MARIKINA,SANTO NI?O,Screening (Drug testing),0,1.0,0,Licensing Status:With License
DOH000000000049916,MARIKINA CITY EMPLOYEES MEDICAL CLINIC,Health Facility,Rural Health Unit,rhu,Government,0,0,CITY OF MARIKINA,MARIKINA,SANTO NI?O,,0,1.5,0,
DOH000000000022886,MARIKINA CITY HEALTH OFFICE,Health Facility,City Health Office,other,Government,0,1,CITY OF MARIKINA,MARIKINA,SANTO NI?O,,0,1.0,0,Licensing Status:With License
DOH000000000049658,"MARIKINA DOCTORS HOSPITAL AND MEDICAL CENTER, INC.",Health Facility,Drug Testing Laboratory,laboratory,Government,0,1,CITY OF PASIG,PASIG,SANTOLAN,Screening (Drug testing),0,1.0,0,Licensing Status:With License
DOH000000000004523,MARIKINA HEIGHTS HEALTH CENTER,Health Facility,Rural Health Unit,rhu,Government,0,1,CITY OF MARIKINA,MARIKINA,MARIKINA HEIGHTS,,0,1.5,0,Licensing Status:With License
DOH000000000040583,MARIKINA MATERNITY CLINIC &AMP; LYING-IN OPC,Health Facility,Birthing Home,birthing,Private,1,1,CITY OF MARIKINA,MARIKINA,PARANG,,0,1.5,1,Licensing Status:With License
DOH000000000049659,MARIKINA MEDICAL DOCTORS CLINIC AND LABORATORY,Health Facility,Drug Testing Laboratory,laboratory,Private,1,1,CITY OF MARIKINA,MARIKINA,SANTO NI?O,Screening (Drug testing),0,1.0,0,Licensing Status:With License
DOH000000000038990,MARIKINA MOLECULAR DIAGNOSTIC LABORATORY,Health Facility,COVID-19 Testing Laboratory,laboratory,Government,0,1,CITY OF MARIKINA,MARIKINA,MARIKINA HEIGHTS,,0,1.0,0,Licensing Status:With License
DOH000000000040423,"MARIKINA MULTISPECIALTY HEALTHCARE SERVICES, INC.",Health Facility,Clinical Laboratory,clinic,Private,1,1,CITY OF MARIKINA,MARIKINA,CONCEPCION UNO,,0,1.5,0,Licensing Status:With License
DOH000000000034536,MARIKINA REHABILITATION CENTER,Health Facility,Drug Abuse Treatment and Rehabilitation Centers,other,Government,0,1,CITY OF MARIKINA,MARIKINA,MARIKINA HEIGHTS,,0,1.0,50,Licensing Status:With License
DOH000000000033697,MARIKINA SOCIAL HYGIENE CLINIC,Health Facility,Social Hygiene Clinic,clinic,Government,0,0,CITY OF MARIKINA,MARIKINA,SANTO NI?O,,0,1.5,0,
DOH000000000005205,"MARIKINA ST. VINCENT GENERAL HOSPITAL, INC.",Health Facility,Hospital,hospital,Private,1,1,CITY OF MARIKINA,MARIKINA,CONCEPCION UNO,Level 2,2,3.0,90,Licensing Status:With License
DOH000000000000648,MARIKINA VALLEY MEDICAL CENTER,Health Facility,Hospital,hospital,Private,1,1,CITY OF MARIKINA,MARIKINA,SANTO NI?O,Level 2,2,3.0,151,Licensing Status:With License
DOH000000000051262,MARIKINA VALLEY MEDICAL CENTER INC.,Health Facility,Clinical Laboratory for Molecular Pathology,clinic,Private,1,1,CITY OF MARIKINA,MARIKINA,SANTO NI?O,,0,1.5,0,Licensing Status:With License
DOH000000000050593,MARILAG HEMODIALYSIS CENTER INC.,Health Facility,Dialysis Clinic,dialysis,Private,1,1,QUEZON CITY,QUEZON CITY,MARILAG,,0,2.0,0,Licensing Status:With License
DOH000000000040732,MARILAO MEDICAL &AMP; DIAGNOSTIC CLINIC INC.,Health Facility,Clinical Laboratory,clinic,Private,1,1,PASAY CITY,PASAY,BARANGAY 183,,0,1.5,0,Licensing Status:With License
DOH000000000049665,"MARILAO MEDICAL AND DIAGNOSTIC CLINIC, INC.",Health Facility,Drug Testing Laboratory,laboratory,Private,1,1,PASAY CITY,PASAY,BARANGAY 13,Screening (Drug testing),0,1.0,0,Licensing Status:With License
DOH000000000040557,MARILEY MATERNITY &AMP; LYING IN CLINIC,Health Facility,Birthing Home,birthing,Private,1,1,PATEROS,PATEROS,MARTIRES DEL 96,,0,1.5,1,Licensing Status:With License
DOH000000000040596,MARILOU LADAGA LYING IN CLINIC,Health Facility,Birthing Home,birthing,Private,1,1,CITY OF TAGUIG,TAGUIG,USUSAN,,0,1.5,1,Licensing Status:With License
DOH000000000049666,"MARITIME CLINIC FOR INTERNATIONAL SEAFARERS, INC.",Health Facility,Drug Testing Laboratory,laboratory,Private,1,1,INTRAMUROS,MANILA,BARANGAY 657,Screening (Drug testing),0,1.0,0,Licensing Status:With License
DOH000000000048113,"MARITIME MEDICAL AND LABORATORY CLINIC, INC.",Health Facility,Medical Facility for Overseas Workers & Seafarers,other,Private,1,1,ERMITA,MANILA,BARANGAY 667,,0,1.0,0,Licensing Status:With License
DOH000000000006580,"MARKVIM HOSPITAL, INC.",Health Facility,Infirmary,infirmary,Private,1,1,CITY OF CALOOCAN,CALOOCAN,BARANGAY 177,,0,2.5,8,Licensing Status:With License
DOH000000000050199,MARLENE M. CONTADO LYING-IN CLINIC,Health Facility,Birthing Home,birthing,Private,1,1,CITY OF MAKATI,MAKATI,SINGKAMAS,,0,1.5,1,Licensing Status:With License
DOH000000000005081,"MARTINEZ MEMORIAL HOSPITAL, INC.",Health Facility,Hospital,hospital,Private,1,1,CITY OF CALOOCAN,CALOOCAN,BARANGAY 32,Level 1,1,2.5,12,Licensing Status:With License
DOH000000000012251,MARULAS HEALTH CENTER,Health Facility,Rural Health Unit,rhu,Government,0,0,CITY OF CALOOCAN,CALOOCAN,BARANGAY 36,,0,1.5,0,
DOH000000000022802,MARULAS LYING-IN CLINIC,Health Facility,Birthing Home,birthing,Government,0,1,CITY OF VALENZUELA,VALENZUELA,MARULAS,,0,1.5,5,Licensing Status:With License
DOH000000000004390,MARULAS MEGA HEALTH CENTER,Health Facility,Rural Health Unit,rhu,Government,0,0,CITY OF VALENZUELA,VALENZUELA,MARULAS,,0,1.5,0,
DOH000000000033226,MARY AND CHRIST MATERNITY AND LYING IN CLINIC,Health Facility,Birthing Home,birthing,Private,1,1,QUEZON CITY,QUEZON CITY,COMMONWEALTH,,0,1.5,1,Licensing Status:With License
DOH000000000040443,MARY ANGELS MEDICAL AND DIAGNOSTIC CLINIC,Health Facility,Clinical Laboratory,clinic,Private,1,1,CITY OF CALOOCAN,CALOOCAN,BARANGAY 176-A,,0,1.5,0,Licensing Status:With License
DOH000000000000650,"MARY CHILES GENERAL HOSPITAL, INC.",Health Facility,Hospital,hospital,Private,1,1,SAMPALOC,MANILA,BARANGAY 404,Level 3,3,4.0,100,Licensing Status:With License
DOH000000000040506,"MARY IMMACULATE PARISH MEDICAL SERVICES ASSOCIATION, INC (MIP LYING-IN CLINIC)",Health Facility,Birthing Home,birthing,Private,1,1,CITY OF LAS PI?AS,LAS PINAS,TALON SINGKO,,0,1.5,3,Licensing Status:With License
DOH000000000006037,"MARY JOHNSTON HOSPITAL, INC.",Health Facility,Hospital,hospital,Private,1,1,TONDO I/II,MANILA,BARANGAY 47,Level 3,3,4.0,120,Licensing Status:With License
DOH000000000005248,MASAMBONG HEALTH CENTER,Health Facility,Rural Health Unit,rhu,Government,0,0,QUEZON CITY,QUEZON CITY,MASAMBONG,Level 1,1,2.5,0,
DOH000000000002466,MASIKAP HEALTH CENTER,Health Facility,Rural Health Unit,rhu,Government,0,0,PATEROS,PATEROS,SANTA ANA,Level 1,1,2.5,0,
DOH000000000044258,MASVILLE SATELLITE HEALTH CENTER,Health Facility,Barangay Health Station,bhs,Government,0,0,CITY OF PARA?AQUE,PARANAQUE,B. F. HOMES,,0,1.5,0,
DOH000000000033184,MATERNAL &AMP; CHILD'S CARE CLINIC,Health Facility,Birthing Home,birthing,Private,1,1,CITY OF MALABON,MALABON,LONGOS,,0,1.5,2,Licensing Status:With License
DOH000000000005915,MAUWAY HEALTH CENTER AND LYING IN CLINIC,Health Facility,Rural Health Unit,rhu,Government,0,0,CITY OF MANDALUYONG,MANDALUYONG,MAUWAY,,0,1.5,0,
DOH000000000043151,MAUWAY LYING-IN CENTER,Health Facility,Birthing Home,birthing,Government,0,1,CITY OF MANDALUYONG,MANDALUYONG,MAUWAY,,0,1.5,6,Licensing Status:With License
DOH000000000007254,MAYBUNGA FLOODWAY HEALTH CENTER,Health Facility,Rural Health Unit,rhu,Government,0,1,CITY OF PASIG,PASIG,MAYBUNGA,,0,1.5,0,Licensing Status:With License
DOH000000000001488,MAYBUNGA HEALTH CENTER,Health Facility,Rural Health Unit,rhu,Government,0,1,CITY OF PASIG,PASIG,MAYBUNGA,,0,1.5,0,Licensing Status:With License
DOH000000000051010,MAYNILAD WATER SERVICES INC.,Health Facility,Laboratory for Drinking Water Analysis,laboratory,Private,1,1,QUEZON CITY,QUEZON CITY,GREATER LAGRO,,0,1.0,0,Licensing Status:With License
DOH000000000049669,MAYON CLINICAL LABORATORY &AMP; MEDICAL SERVICES,Health Facility,Drug Testing Laboratory,laboratory,Private,1,1,QUEZON CITY,QUEZON CITY,N.S. AMORANTO,Screening (Drug testing),0,1.0,0,Licensing Status:With License
DOH000000000040827,MAYON CLINICAL LABORATORY &AMP; MEDICAL SERVICES (W/ MOBILE),Health Facility,Clinical Laboratory,clinic,Private,1,1,QUEZON CITY,QUEZON CITY,N.S. AMORANTO,,0,1.5,0,Licensing Status:With License
DOH000000000049670,MAYON CLINICAL LABORATORY AND MEDICAL SERVICES,Health Facility,Drug Testing Laboratory,laboratory,Private,1,1,QUEZON CITY,QUEZON CITY,SOUTH TRIANGLE,Screening (Drug testing),0,1.0,0,Licensing Status:With License
DOH000000000004171,MAYOR DELFIN C. SALONGA MEMORIAL HEALTH CENTER,Health Facility,Rural Health Unit,rhu,Government,0,0,PATEROS,PATEROS,SANTO ROSARIO-KANLURAN,Level 1,1,2.5,0,
DOH000000000011696,MAYOR JUAN R. SANCHEZ MEMORIAL HEALTH CENTER,Health Facility,Rural Health Unit,rhu,Government,0,0,PATEROS,PATEROS,SANTA ANA,Level 1,1,2.5,0,
DOH000000000000199,MAYOR MOISES R. FLORES MEMORIAL HEALTH CENTER,Health Facility,Rural Health Unit,rhu,Government,0,0,PATEROS,PATEROS,SAN PEDRO,,0,1.5,0,
DOH000000000027930,MAYSAN 3S (MALABO) HEALTH STATION,Health Facility,Barangay Health Station,bhs,Government,0,0,CITY OF VALENZUELA,VALENZUELA,MAYSAN,,0,1.5,0,
DOH000000000044263,MAYSAN 3S SATELLITE,Health Facility,Rural Health Unit,rhu,Government,0,0,CITY OF VALENZUELA,VALENZUELA,MAYSAN,,0,1.5,0,
DOH000000000007535,MAYSAN MAIN 3S,Health Facility,Rural Health Unit,rhu,Government,0,1,CITY OF VALENZUELA,VALENZUELA,MAYSAN,,0,1.5,0,Licensing Status:With License
DOH000000000007275,MAYSILO HEALTH CENTER,Health Facility,Rural Health Unit,rhu,Government,0,0,CITY OF MALABON,MALABON,MAYSILO,,0,1.5,0,
DOH000000000025831,MAYTUNAS HEALTH STATION,Health Facility,Barangay Health Station,bhs,Government,0,0,CITY OF SAN JUAN,SAN JUAN,MAYTUNAS,,0,1.5,0,
DOH000000000039335,MBD MEDICAL AND DIAGNOSTIC CLINIC,Health Facility,Clinical Laboratory,clinic,Private,1,1,CITY OF MANDALUYONG,MANDALUYONG,PLAINVIEW,Level 2,2,3.0,0,Licensing Status:With License
DOH000000000049671,MBD MEDICAL AND DIAGNOSTIC CLINIC CORPORATION,Health Facility,Drug Testing Laboratory,laboratory,Private,1,1,CITY OF MANDALUYONG,MANDALUYONG,PLAINVIEW,Screening (Drug testing),0,1.0,0,Licensing Status:With License
DOH000000000047055,MBS NEW LIFE DIALYSIS CENTER,Health Facility,Dialysis Clinic,dialysis,Private,1,1,CITY OF CALOOCAN,CALOOCAN,BARANGAY 80,,0,2.0,15,Licensing Status:With License
DOH000000000039340,"MC LAB HEALTH CARE SOLUTIONS, INC.",Health Facility,Clinical Laboratory,clinic,Private,1,1,CITY OF MANDALUYONG,MANDALUYONG,HIGHWAY HILLS,Level 2,2,3.0,0,Licensing Status:With License
DOH000000000033227,MC NARON MIDWIFE CLINIC,Health Facility,Birthing Home,birthing,Private,1,1,QUEZON CITY,QUEZON CITY,HOLY SPIRIT,,0,1.5,4,Licensing Status:With License
DOH000000000045842,MCC CHILDBIRTH AND WOMEN'S CENTER,Health Facility,Birthing Home,birthing,Private,1,1,SAMPALOC,MANILA,BARANGAY 401,,0,1.5,2,Licensing Status:With License
DOH000000000041030,MCM CLINICAL LABORATORY,Health Facility,Clinical Laboratory,clinic,Private,1,1,CITY OF NAVOTAS,NAVOTAS,SAN JOSE (POB.),,0,1.5,0,Licensing Status:With License
DOH000000000041028,MCM LABORATORY &AMP; IMAGING CENTER,Health Facility,Clinical Laboratory,clinic,Private,1,1,CITY OF NAVOTAS,NAVOTAS,NORTH BAY BOULEVARD NORTH,,0,1.5,0,Licensing Status:With License
DOH000000000048114,MCSA MEDICAL AND DIAGNOSTIC CLINIC,Health Facility,Medical Facility for Overseas Workers & Seafarers,other,Private,1,1,MALATE,MANILA,BARANGAY 694,,0,1.0,0,Licensing Status:With License
DOH000000000049674,"MCU-FDT MEDICAL FOUNDATION, INC.",Health Facility,Drug Testing Laboratory,laboratory,Private,1,1,CITY OF CALOOCAN,CALOOCAN,BARANGAY 84,Screening (Drug testing),0,1.0,0,Licensing Status:With License
DOH000000000045962,MD CLINICAL LABORATORY CO.,Health Facility,Clinical Laboratory,clinic,Private,1,1,CITY OF CALOOCAN,CALOOCAN,BARANGAY 90,Level 1,1,2.5,0,Licensing Status:With License
DOH000000000039341,MD PARTNERS DIAGNOSTIC SERVICES INC.,Health Facility,Clinical Laboratory,clinic,Private,1,1,CITY OF MANDALUYONG,MANDALUYONG,PLEASANT HILLS,Level 2,2,3.0,0,Licensing Status:With License
DOH000000000043348,MD PLUS CLINIC AND DIAGNOSTIC CENTER - ALABANG,Health Facility,Medical Facility for Overseas Workers & Seafarers,other,Private,1,1,CITY OF MUNTINLUPA,MUNTINLUPA,ALABANG,,0,1.0,0,Licensing Status:With License
DOH000000000049676,MD PLUS CLINIC AND DIAGNOSTIC CENTER-ALABANG,Health Facility,Drug Testing Laboratory,laboratory,Private,1,1,CITY OF MUNTINLUPA,MUNTINLUPA,ALABANG,Screening (Drug testing),0,1.0,0,Licensing Status:With License
DOH000000000047663,MD TECH MEDICAL AND DIAGNOSTIC CLINIC,Health Facility,Laboratory for Drinking Water Analysis,laboratory,Private,1,1,QUEZON CITY,QUEZON CITY,BAESA,,0,1.0,0,Licensing Status:With License
DOH000000000040699,MDES MATERNITY &AMP; DIAGNOSTIC CLINIC,Health Facility,Birthing Home,birthing,Private,1,1,QUEZON CITY,QUEZON CITY,BAGONG SILANGAN,,0,1.5,2,Licensing Status:With License
DOH000000000049677,MDMC DRUG TESTING LABORATORY,Health Facility,Drug Testing Laboratory,laboratory,Private,1,1,QUEZON CITY,QUEZON CITY,SOCORRO,Screening (Drug testing),0,1.0,0,Licensing Status:With License
DOH000000000033228,MECCA LYING IN CLINIC,Health Facility,Birthing Home,birthing,Private,1,1,QUEZON CITY,QUEZON CITY,BATASAN HILLS,,0,1.5,1,Licensing Status:With License
DOH000000000040817,MED 101 DIAGNOSTIC CENTER CO.,Health Facility,Clinical Laboratory,clinic,Private,1,1,QUEZON CITY,QUEZON CITY,COMMONWEALTH,,0,1.5,0,Licensing Status:With License
DOH000000000041039,"MED ASIA INDUSTRIAL CLINIC AND DIAGNOSTIC CENTER, INC.",Health Facility,Clinical Laboratory,clinic,Private,1,1,CITY OF PARA?AQUE,PARANAQUE,TAMBO,,0,1.5,0,Licensing Status:With License
DOH000000000040473,MED CARES DIAGNOSTIC CENTER,Health Facility,Clinical Laboratory,clinic,Private,1,1,CITY OF CALOOCAN,CALOOCAN,BARANGAY 177,,0,1.5,0,Licensing Status:With License
DOH000000000041010,"MED HELP CLINIC &AMP; DIAGNOSTICS, INC.",Health Facility,Clinical Laboratory,clinic,Private,1,1,CITY OF PASIG,PASIG,MALINAO,,0,1.5,0,Licensing Status:With License
DOH000000000049679,"MED HELP CLINIC AND DIAGNOSTICS, INC.",Health Facility,Drug Testing Laboratory,laboratory,Private,1,1,CITY OF PASIG,PASIG,MALINAO,Screening (Drug testing),0,1.0,0,Licensing Status:With License
DOH000000000054807,MED IQ HEALTHCARE AND DIAGNOSTICS,Health Facility,Medical Outpatient Clinic,clinic,Private,1,1,PASAY CITY,PASAY,BARANGAY 76,,0,1.5,0,Licensing Status:With License
DOH000000000041560,MED LINE DIALYSIS CENTER,Health Facility,Dialysis Clinic,dialysis,Private,1,1,CITY OF MARIKINA,MARIKINA,TUMANA,,0,2.0,0,Licensing Status:With License
DOH000000000041269,MED LINE DIALYSIS CENTER,Health Facility,Dialysis Clinic,dialysis,Private,1,1,CITY OF MUNTINLUPA,MUNTINLUPA,ALABANG,,0,2.0,0,Licensing Status:With License
DOH000000000041714,MED LINE DIALYSIS CENTER,Health Facility,Dialysis Clinic,dialysis,Private,1,1,CITY OF PARA?AQUE,PARANAQUE,SAN ISIDRO,,0,2.0,0,Licensing Status:With License
DOH000000000041833,MED LINE DIALYSIS CENTER,Health Facility,Dialysis Clinic,dialysis,Private,1,1,CITY OF PASIG,PASIG,MAYBUNGA,,0,2.0,0,Licensing Status:With License
DOH000000000041572,MED LINE DIALYSIS CENTER,Health Facility,Dialysis Clinic,dialysis,Private,1,1,QUEZON CITY,QUEZON CITY,TANDANG SORA,,0,2.0,0,Licensing Status:With License
DOH000000000041835,MED LINE DIALYSIS CENTER,Health Facility,Dialysis Clinic,dialysis,Private,1,1,CITY OF SAN JUAN,SAN JUAN,TIBAGAN,,0,2.0,0,Licensing Status:With License
DOH000000000039219,"MED OPTIONS MULTI-SPECIALTY CLINIC & DIAGNOSTIC CENTER, INC.",Health Facility,Clinical Laboratory,clinic,Private,1,1,CITY OF LAS PI?AS,LAS PINAS,DANIEL FAJARDO,,0,1.5,0,Licensing Status:With License
DOH000000000049680,MED V MEDICAL CLINIC INC.,Health Facility,Drug Testing Laboratory,laboratory,Private,1,1,QUEZON CITY,QUEZON CITY,IMMACULATE CONCEPCION,Screening (Drug testing),0,1.0,0,Licensing Status:With License
DOH000000000040736,"MED V MEDICAL CLINIC, INC.",Health Facility,Clinical Laboratory,clinic,Private,1,1,QUEZON CITY,QUEZON CITY,IMMACULATE CONCEPCION,,0,1.5,0,Licensing Status:With License
DOH000000000050188,MED2020 BIRTHING HOME,Health Facility,Birthing Home,birthing,Private,1,1,CITY OF CALOOCAN,CALOOCAN,BARANGAY 176-A,,0,1.5,1,Licensing Status:With License
DOH000000000039169,"MEDCARE DIAGNOSTIC CENTER CARDIO VASCULAR &AMP; MULTI-SPECIALTY CLINIC, INC.",Health Facility,Clinical Laboratory,clinic,Private,1,1,CITY OF CALOOCAN,CALOOCAN,BARANGAY 86,Level 2,2,3.0,0,Licensing Status:With License
DOH000000000039263,MEDEX LABORATORIES,Health Facility,Clinical Laboratory,clinic,Private,1,1,CITY OF MAKATI,MAKATI,SAN LORENZO,,0,1.5,0,Licensing Status:With License
DOH000000000040881,MEDEX LABORATORIES,Health Facility,Clinical Laboratory,clinic,Private,1,1,CITY OF SAN JUAN,SAN JUAN,PASADE?A,,0,1.5,0,Licensing Status:With License
DOH000000000045338,MEDEXCEL HEALTHCARE + INC,Health Facility,Ambulatory Surgical Clinic,clinic,Private,1,1,CITY OF MALABON,MALABON,TINAJEROS,,0,1.5,0,Licensing Status:With License
DOH000000000052467,MEDFIX CARE MEDICAL HEALTH SERVICES,Health Facility,Clinical Laboratory,clinic,Private,1,1,CITY OF MARIKINA,MARIKINA,TA?ONG,,0,1.5,0,Licensing Status:With License
DOH000000000054590,MEDFLIGHT AMBULANCE CORP.,Health Facility,Ambulance Service Provider,ambulance,Private,1,1,QUEZON CITY,QUEZON CITY,AURORA,,0,0.5,0,Licensing Status:With License
DOH000000000053172,MEDHAUS MULTI-SPECIALTY &AMP; DIAGNOSTIC CLINIC,Health Facility,Clinical Laboratory,clinic,Private,1,1,TONDO I/II,MANILA,BARANGAY 161,,0,1.5,0,Licensing Status:With License
DOH000000000049683,MEDHEALTH DIAGNOSTIC SERVICES INC.,Health Facility,Drug Testing Laboratory,laboratory,Private,1,1,QUEZON CITY,QUEZON CITY,SOUTH TRIANGLE,Screening (Drug testing),0,1.0,0,Licensing Status:With License
DOH000000000040751,"MEDHEALTH DIAGNOSTIC SERVICES, INC.",Health Facility,Clinical Laboratory,clinic,Private,1,1,QUEZON CITY,QUEZON CITY,SOUTH TRIANGLE,,0,1.5,0,Licensing Status:With License
DOH000000000043848,MEDHUB DIAGNOSTIC CENTER INC.,Health Facility,Clinical Laboratory,clinic,Private,1,1,CITY OF TAGUIG,TAGUIG,FORT BONIFACIO,Level 2,2,3.0,0,Licensing Status:With License
DOH000000000053022,MEDI LINX LABORATORY INC.,Health Facility,Clinical Laboratory,clinic,Private,1,1,QUEZON CITY,QUEZON CITY,MARILAG,,0,1.5,0,Licensing Status:With License
DOH000000000054163,MEDIC ONE AMBULANCE AMBULANCE SERVICES,Health Related Facility,Ambulance Service Provider,ambulance,Private,1,1,QUEZON CITY,QUEZON CITY,KALIGAYAHAN,,0,0.5,0,Licensing Status:With License
DOH000000000048115,MEDICAL AND DIAGNOSTIC COSMEDERME HUB INC.,Health Facility,Medical Facility for Overseas Workers & Seafarers,other,Private,1,1,SAMPALOC,MANILA,BARANGAY 461,,0,1.0,0,Licensing Status:With License
DOH000000000049685,"MEDICAL BENEFIT CLEARINGHOUSE, INC.",Health Facility,Drug Testing Laboratory,laboratory,Private,1,1,CITY OF PASIG,PASIG,ORANBO,Screening (Drug testing),0,1.0,0,Licensing Status:With License
DOH000000000049686,MEDICAL CENTER MANILA,Health Facility,Drug Testing Laboratory,laboratory,Private,1,1,ERMITA,MANILA,BARANGAY 670,Screening (Drug testing),0,1.0,0,Licensing Status:With License
DOH000000000000655,MEDICAL CENTER MANILA INC.,Health Facility,Hospital,hospital,Private,1,1,ERMITA,MANILA,BARANGAY 666,Level 3,3,4.0,200,Licensing Status:With License
DOH000000000050000,"MEDICAL CENTER MANILA, INC.",Health Facility,COVID-19 Testing Laboratory,laboratory,Private,1,1,ERMITA,MANILA,BARANGAY 666,,0,1.0,0,Licensing Status:With License
DOH000000000002245,"MEDICAL CENTER MUNTINLUPA, INC",Health Facility,Hospital,hospital,Private,1,1,CITY OF MUNTINLUPA,MUNTINLUPA,PUTATAN,Level 2,2,3.0,100,Licensing Status:With License
DOH000000000033842,"MEDICAL CENTER OF TAGUIG CITY, INC.",Health Facility,Hospital,hospital,Private,1,1,CITY OF TAGUIG,TAGUIG,USUSAN,Level 2,2,3.0,80,Licensing Status:With License
DOH000000000049687,MEDICAL CENTER PARANAQUE,Health Facility,Drug Testing Laboratory,laboratory,Private,1,1,CITY OF PARA?AQUE,PARANAQUE,SAN ANTONIO,Screening (Drug testing),0,1.0,0,Licensing Status:With License
DOH000000000000656,"MEDICAL CENTER PARAÑAQUE, INC.",Health Facility,Hospital,hospital,Private,1,1,CITY OF PARA?AQUE,PARANAQUE,SAN ANTONIO,Level 2,2,3.0,56,Licensing Status:With License
DOH000000000040882,"MEDICAL DENTAL TEST CENTER, (MEDTEST), INC.",Health Facility,Clinical Laboratory,clinic,Private,1,1,CITY OF SAN JUAN,SAN JUAN,BALONG-BATO,,0,1.5,0,Licensing Status:With License
DOH000000000049688,"MEDICAL DENTAL TESTS CENTER, (MEDTEST) INC.",Health Facility,Drug Testing Laboratory,laboratory,Private,1,1,CITY OF SAN JUAN,SAN JUAN,BALONG-BATO,Screening (Drug testing),0,1.0,0,Licensing Status:With License
DOH000000000052069,MEDICAL MISSION GROUP METRO MANILA EAST HOSPITAL AND HEALTH SERVICES COOPERATIVE DIALYSIS CENTER,Health Facility,Dialysis Clinic,dialysis,Private,1,1,CITY OF PASIG,PASIG,ROSARIO,,0,2.0,0,Licensing Status:With License
DOH000000000049690,"MEDICAL TRENDS, INC.",Health Facility,Drug Testing Laboratory,laboratory,Private,1,1,CITY OF PARA?AQUE,PARANAQUE,SAN DIONISIO,Screening (Drug testing),0,1.0,0,Licensing Status:With License
DOH000000000049691,MEDICARD PHILIPPINES INC.,Health Facility,Drug Testing Laboratory,laboratory,Private,1,1,CITY OF PASIG,PASIG,MANGGAHAN,Screening (Drug testing),0,1.0,0,Licensing Status:With License
DOH000000000049692,"MEDICARD PHILIPPINES, INC.",Health Facility,Drug Testing Laboratory,laboratory,Private,1,1,CITY OF MAKATI,MAKATI,URDANETA,Screening (Drug testing),0,1.0,0,Licensing Status:With License
DOH000000000045372,"MEDICARD PHILIPPINES, INC.",Health Facility,Ambulatory Surgical Clinic,clinic,Private,1,1,CITY OF MUNTINLUPA,MUNTINLUPA,ALABANG,,0,1.5,0,Licensing Status:With License
DOH000000000049694,"MEDICARD PHILIPPINES, INC.",Health Facility,Drug Testing Laboratory,laboratory,Private,1,1,QUEZON CITY,QUEZON CITY,PINYAHAN,Screening (Drug testing),0,1.0,0,Licensing Status:With License
DOH000000000049695,"MEDICARD PHILIPPINES, INC. - ALABANG",Health Facility,Drug Testing Laboratory,laboratory,Private,1,1,CITY OF MUNTINLUPA,MUNTINLUPA,ALABANG,Screening (Drug testing),0,1.0,0,Licensing Status:With License
DOH000000000040731,"MEDICARD PHILIPPINES, INC. - FAIRVIEW",Health Facility,Clinical Laboratory,clinic,Private,1,1,QUEZON CITY,QUEZON CITY,FAIRVIEW,,0,1.5,0,Licensing Status:With License
DOH000000000040984,"MEDICARD PHILIPPINES, INC. - FESTIVAL MALL",Health Facility,Clinical Laboratory,clinic,Private,1,1,CITY OF MUNTINLUPA,MUNTINLUPA,ALABANG,,0,1.5,0,Licensing Status:With License
DOH000000000040907,"MEDICARD PHILIPPINES, INC. - MCKINLEY",Health Facility,Clinical Laboratory,clinic,Private,1,1,CITY OF TAGUIG,TAGUIG,FORT BONIFACIO,,0,1.5,0,Licensing Status:With License
DOH000000000041040,"MEDICARD PHILIPPINES, INC. - ORTIGAS",Health Facility,Clinical Laboratory,clinic,Private,1,1,CITY OF PASIG,PASIG,MANGGAHAN,,0,1.5,0,Licensing Status:With License
DOH000000000053024,"MEDICARD PHILIPPINES, INC. - PASAY",Health Facility,Clinical Laboratory,clinic,Private,1,1,PASAY CITY,PASAY,BARANGAY 76,,0,1.5,0,Licensing Status:With License
DOH000000000040916,"MEDICARD PHILIPPINES, INC. - UPTOWN BONIFACIO",Health Facility,Clinical Laboratory,clinic,Private,1,1,CITY OF TAGUIG,TAGUIG,FORT BONIFACIO,,0,1.5,0,Licensing Status:With License
DOH000000000039282,"MEDICARD PHILIPPINES, INC.- GIL PUYAT",Health Facility,Clinical Laboratory,clinic,Private,1,1,CITY OF MAKATI,MAKATI,URDANETA,,0,1.5,0,Licensing Status:With License
DOH000000000040838,"MEDICARD PHILIPPINES, INC.-CENTRIS",Health Facility,Clinical Laboratory,clinic,Private,1,1,QUEZON CITY,QUEZON CITY,PINYAHAN,,0,1.5,0,Licensing Status:With License
DOH000000000041274,"MEDICHECK DIAGNOSTIC LABORATORY, INC.",Health Facility,Clinical Laboratory,clinic,Private,1,1,PASAY CITY,PASAY,BARANGAY 59,,0,1.5,0,Licensing Status:With License
DOH000000000039227,MEDICURE DIAGNOSTIC CENTER,Health Facility,Clinical Laboratory,clinic,Private,1,1,CITY OF LAS PI?AS,LAS PINAS,PAMPLONA UNO,,0,1.5,0,Licensing Status:With License
DOH000000000049697,MEDICUS DIAGNOSTIC CENTER - PARANAQUE BRANCH,Health Facility,Drug Testing Laboratory,laboratory,Private,1,1,CITY OF PARA?AQUE,PARANAQUE,DON BOSCO,Screening (Drug testing),0,1.0,0,Licensing Status:With License
DOH000000000041077,MEDICUS DIAGNOSTIC CENTER - PARAÑAQUE BRANCH,Health Facility,Clinical Laboratory,clinic,Private,1,1,CITY OF PARA?AQUE,PARANAQUE,DON BOSCO,,0,1.5,0,Licensing Status:With License
DOH000000000033229,MEDINET LYING-IN CLINIC,Health Facility,Birthing Home,birthing,Private,1,1,QUEZON CITY,QUEZON CITY,NOVALICHES PROPER,,0,1.5,2,Licensing Status:With License
DOH000000000051147,MEDISAFE MEDICAL HEALTH SERVICES,Health Facility,Clinical Laboratory,clinic,Private,1,1,PATEROS,PATEROS,SANTO ROSARIO-KANLURAN,,0,1.5,0,Licensing Status:With License
DOH000000000048110,MEDISENSE LABORATORY CENTER INC.,Health Facility,Medical Facility for Overseas Workers & Seafarers,other,Private,1,1,CITY OF MAKATI,MAKATI,POBLACION,,0,1.0,0,Licensing Status:With License
DOH000000000048116,"MEDISENSE LABORATORY CENTER, INC.",Health Facility,Medical Facility for Overseas Workers & Seafarers,other,Private,1,1,ERMITA,MANILA,BARANGAY 666,,0,1.0,0,Licensing Status:With License
DOH000000000050697,"MEDISTAR LABORATORY AND HEALTHCARE SERVICES, INC.",Health Facility,Medical Facility for Overseas Workers & Seafarers,other,Private,1,1,PACO,MANILA,BARANGAY 685,Regular Medical Facility (Overseas workers & Seafarers),0,1.0,0,Licensing Status:With License
DOH000000000053072,MEDISUREONLINE INC.,Health Facility,Clinical Laboratory,clinic,Private,1,1,CITY OF MANDALUYONG,MANDALUYONG,ADDITION HILLS,,0,1.5,0,Licensing Status:With License
DOH000000000040562,MEDITRUST DIAGNOSTIC MEDICAL CLINIC AND LABORATORY,Health Facility,Clinical Laboratory,clinic,Private,1,1,QUEZON CITY,QUEZON CITY,SIKATUNA VILLAGE,,0,1.5,0,Licensing Status:With License
DOH000000000046494,MEDIXCARE HEALTH MANAGEMENT SOLUTIONS,Health Facility,Ambulatory Surgical Clinic,clinic,Private,1,1,CITY OF VALENZUELA,VALENZUELA,KARUHATAN,,0,1.5,0,Licensing Status:With License
DOH000000000054726,MEDIXTOGO AMBULANCE SERVICE,Health Facility,Ambulance Service Provider,ambulance,Private,1,1,CITY OF MANDALUYONG,MANDALUYONG,HIGHWAY HILLS,,0,0.5,0,Licensing Status:With License
DOH000000000049700,"MEDLINE DIAGNOSTIC CENTER, INC.",Health Facility,Drug Testing Laboratory,laboratory,Private,1,1,CITY OF VALENZUELA,VALENZUELA,PASO DE BLAS,Screening (Drug testing),0,1.0,0,Licensing Status:With License
DOH000000000040948,"MEDLINE DIAGNOSTIC CENTER,INC.",Health Facility,Clinical Laboratory,clinic,Private,1,1,CITY OF VALENZUELA,VALENZUELA,PASO DE BLAS,,0,1.5,0,Licensing Status:With License
DOH000000000041663,"MEDLINE DIALYSIS AND DIAGNOSTICS, INC.",Health Facility,Dialysis Clinic,dialysis,Private,1,1,CITY OF MALABON,MALABON,POTRERO,,0,2.0,0,Licensing Status:With License
DOH000000000041643,MEDLINE DIALYSIS CENTER,Health Facility,Dialysis Clinic,dialysis,Private,1,1,CITY OF LAS PI?AS,LAS PINAS,PAMPLONA DOS,,0,2.0,0,Licensing Status:With License
DOH000000000041275,MEDLUCK,Health Facility,Clinical Laboratory,clinic,Private,1,1,PASAY CITY,PASAY,BARANGAY 161,,0,1.5,0,Licensing Status:With License
DOH000000000040754,"MEDOCARE HEALTH SYSTEMS, INC.",Health Facility,Clinical Laboratory,clinic,Private,1,1,QUEZON CITY,QUEZON CITY,DO?A JOSEFA,,0,1.5,0,Licensing Status:With License
DOH000000000049702,MEDOPTIONS DRUG TESTING LABORATORY,Health Facility,Drug Testing Laboratory,laboratory,Private,1,1,CITY OF LAS PI?AS,LAS PINAS,DANIEL FAJARDO,Screening (Drug testing),0,1.0,0,Licensing Status:With License
DOH000000000053944,MEDSERVE DIAGNOSTIC CENTER,Health Facility,Clinical Laboratory,clinic,Private,1,1,CITY OF CALOOCAN,CALOOCAN,BARANGAY 167,,0,1.5,0,Licensing Status:With License
DOH000000000046406,MEDSURG EYE CENTER,Health Facility,Ambulatory Surgical Clinic,clinic,Private,1,1,CITY OF PARA?AQUE,PARANAQUE,B. F. HOMES,,0,1.5,0,Licensing Status:With License
DOH000000000047851,MEDWAY HEALTHCARE INC.,Health Facility,Medical Facility for Overseas Workers & Seafarers,other,Private,1,1,MALATE,MANILA,BARANGAY 694,,0,1.0,0,Licensing Status:With License
DOH000000000049703,"MEDWAY HEALTHCARE, INC.",Health Facility,Drug Testing Laboratory,laboratory,Private,1,1,MALATE,MANILA,BARANGAY 694,Screening (Drug testing),0,1.0,0,Licensing Status:With License
DOH000000000040861,MEDX DIAGNOSTIC &AMP; DRUG TESTING CENTER,Health Facility,Clinical Laboratory,clinic,Private,1,1,QUEZON CITY,QUEZON CITY,BAGONG LIPUNAN NG CRAME,,0,1.5,0,Licensing Status:With License
DOH000000000049704,MEDX DIAGNOSTIC AND DRUG TESTING CENTER,Health Facility,Drug Testing Laboratory,laboratory,Private,1,1,QUEZON CITY,QUEZON CITY,BAGONG LIPUNAN NG CRAME,Screening (Drug testing),0,1.0,0,Licensing Status:With License
DOH000000000040759,MEGACENTER DIAGNOSTIC CORPORATION,Health Facility,Clinical Laboratory,clinic,Private,1,1,QUEZON CITY,QUEZON CITY,TATALON,,0,1.5,0,Licensing Status:With License
DOH000000000049705,MEGASON DIAGNOSTIC CLINIC,Health Facility,Drug Testing Laboratory,laboratory,Private,1,1,CITY OF MAKATI,MAKATI,TEJEROS,Screening (Drug testing),0,1.0,0,Licensing Status:With License
DOH000000000039250,MEGASON DIAGNOSTIC CLINIC,Health Facility,Clinical Laboratory,clinic,Private,1,1,CITY OF TAGUIG,TAGUIG,COMEMBO,,0,1.5,0,Licensing Status:With License
DOH000000000039325,MEGASON DIAGNOSTIC CLINIC - MANDALUYONG,Health Facility,Clinical Laboratory,clinic,Private,1,1,CITY OF MANDALUYONG,MANDALUYONG,PLAINVIEW,Level 2,2,3.0,0,Licensing Status:With License
DOH000000000040842,MEGASON DIAGNOSTIC CLINIC - MARIKINA,Health Facility,Clinical Laboratory,clinic,Private,1,1,CITY OF MARIKINA,MARIKINA,SANTO NI?O,,0,1.5,0,Licensing Status:With License
DOH000000000040966,MEGASON DIAGNOSTIC CLINIC - MUNTINLUPA,Health Facility,Clinical Laboratory,clinic,Private,1,1,CITY OF MUNTINLUPA,MUNTINLUPA,ALABANG,,0,1.5,0,Licensing Status:With License
DOH000000000039249,MEGASON DIAGNOSTIC CLINIC - TEJEROS,Health Facility,Clinical Laboratory,clinic,Private,1,1,CITY OF MAKATI,MAKATI,TEJEROS,,0,1.5,0,Licensing Status:With License
DOH000000000052458,MEIJIA BY KAIROS HEALTH INC.,Health Facility,Clinical Laboratory,clinic,Private,1,1,BINONDO,MANILA,BARANGAY 291,,0,1.5,0,Licensing Status:With License
DOH000000000052445,MELCHORA AQUINO ANIMAL BITE TREATMENT CENTER,Health Facility,Animal Bite Treatment Center,other,Government,0,0,QUEZON CITY,QUEZON CITY,TANDANG SORA,,0,1.0,0,
DOH000000000029739,MELCHORA AQUINO HEALTH CENTER,Health Facility,Rural Health Unit,rhu,Government,0,0,QUEZON CITY,QUEZON CITY,TANDANG SORA,,0,1.5,0,
DOH000000000040663,MELROSA MATERNITY CLINIC,Health Facility,Birthing Home,birthing,Private,1,1,CITY OF MALABON,MALABON,LONGOS,,0,1.5,2,Licensing Status:With License
DOH000000000040697,MENCHIE LYING-IN CLINIC,Health Facility,Birthing Home,birthing,Private,1,1,QUEZON CITY,QUEZON CITY,BATASAN HILLS,,0,1.5,1,Licensing Status:With License
DOH000000000047661,"MER CHEMICAL LABORATORY AND SERVICES, INC.",Health Facility,Laboratory for Drinking Water Analysis,laboratory,Private,1,1,CITY OF MARIKINA,MARIKINA,INDUSTRIAL VALLEY,,0,1.0,0,Licensing Status:With License
DOH000000000046537,MERALCO CORPORATE WELLNESS CENTER,Health Facility,Ambulatory Surgical Clinic,clinic,Private,1,1,CITY OF PASIG,PASIG,UGONG,,0,1.5,0,Licensing Status:With License
DOH000000000004457,MERCEDES DE JOYA HEALTH CENTER,Health Facility,Rural Health Unit,rhu,Government,0,0,QUEZON CITY,QUEZON CITY,SANTA TERESITA,Level 1,1,2.5,0,
DOH000000000039179,"MERCENE MEDICAL, DENTAL AND DIAGNOSTIC CLINIC",Health Facility,Clinical Laboratory,clinic,Private,1,1,CITY OF CALOOCAN,CALOOCAN,BARANGAY 174,Level 2,2,3.0,0,Licensing Status:With License
DOH000000000053071,MERCIHUB MULTISPECIALTY AND DIAGNOSTIC CLINIC,Health Facility,Clinical Laboratory,clinic,Private,1,1,CITY OF PASIG,PASIG,ROSARIO,,0,1.5,0,Licensing Status:With License
DOH000000000049707,MERITA DIAGNOSTIC CLINIC INC.,Health Facility,Drug Testing Laboratory,laboratory,Private,1,1,MALATE,MANILA,BARANGAY 689,Screening (Drug testing),0,1.0,0,Licensing Status:With License
DOH000000000048174,"MERITA DIAGNOSTIC CLINIC, INC.",Health Facility,Medical Facility for Overseas Workers & Seafarers,other,Private,1,1,MALATE,MANILA,BARANGAY 723,,0,1.0,0,Licensing Status:With License
DOH000000000040477,MERLYN BIRTHING HOME CLINIC,Health Facility,Birthing Home,birthing,Private,1,1,QUEZON CITY,QUEZON CITY,BATASAN HILLS,,0,1.5,1,Licensing Status:With License
DOH000000000003455,MERVILLE HEALTH CENTER,Health Facility,Rural Health Unit,rhu,Government,0,1,CITY OF PARA?AQUE,PARANAQUE,MERVILLE,,0,1.5,0,Licensing Status:With License
DOH000000000040832,MESSIAH CLINICA MEDICA MEDICAL CLINIC,Health Facility,Clinical Laboratory,clinic,Private,1,1,CITY OF MAKATI,MAKATI,GUADALUPE NUEVO,,0,1.5,0,Licensing Status:With License
DOH000000000050197,MESSIAH LYING-IN CLINIC,Health Facility,Birthing Home,birthing,Private,1,1,CITY OF TAGUIG,TAGUIG,PINAGSAMA,,0,1.5,1,Licensing Status:With License
DOH000000000053070,METAMETRICS LABORATORY,Health Facility,Special Clinical Laboratory,clinic,Private,1,1,CITY OF PASIG,PASIG,ORANBO,,0,1.5,0,Licensing Status:With License
DOH000000000040608,METRO DOCTORS CLINIC &AMP; LYING IN,Health Facility,Birthing Home,birthing,Private,1,1,TONDO I/II,MANILA,BARANGAY 34,,0,1.5,9,Licensing Status:With License
DOH000000000043207,METRO MANILA CENTER FOR HEALTH DEVELOPMENT,Health Related Facility,Center for Health Development,other,Government,0,0,CITY OF MANDALUYONG,MANDALUYONG,ADDITION HILLS,,0,1.0,0,
DOH000000000030973,METRO NORTH MEDICAL CENTER AND HOSPITAL INC.,Health Facility,Hospital,hospital,Private,1,1,QUEZON CITY,QUEZON CITY,BAHAY TORO,Level 2,2,3.0,80,Licensing Status:With License
DOH000000000054618,METRO PASAY HOSPITAL AND MEDICAL CENTER INC.,Health Facility,Hospital,hospital,Private,1,1,PASAY CITY,PASAY,BARANGAY 141,Level 2,2,3.0,42,Licensing Status:With License
DOH000000000000662,METRO PSYCH FACILITY,Health Facility,Psychiatric Care Facility,other,Private,1,1,CITY OF PASIG,PASIG,MAYBUNGA,,0,2.0,77,Licensing Status:With License
DOH000000000040593,METRO SANITAS CORP. - GATEWAY,Health Facility,Clinical Laboratory,clinic,Private,1,1,QUEZON CITY,QUEZON CITY,SOCORRO,,0,1.5,0,Licensing Status:With License
DOH000000000045378,"METRO SOUTH UROLOGY GROUP, INC.",Health Facility,Ambulatory Surgical Clinic,clinic,Private,1,1,CITY OF MUNTINLUPA,MUNTINLUPA,ALABANG,,0,1.5,0,Licensing Status:With License
DOH000000000045340,"METRO SPECIALISTS DIAGNOSTIC AND SURGICENTER, INC.",Health Facility,Ambulatory Surgical Clinic,clinic,Private,1,1,CITY OF MALABON,MALABON,TINAJEROS,,0,1.5,0,Licensing Status:With License
DOH000000000053068,METROHEALTH MEDICAL CLINIC AND LABORATORY,Health Facility,Clinical Laboratory,clinic,Private,1,1,CITY OF VALENZUELA,VALENZUELA,PALASAN,,0,1.5,0,Licensing Status:With License
DOH000000000051643,METROLAB HEALTHCARE &AMP; DIAGNOSTIC INC.,Health Facility,Clinical Laboratory,clinic,Private,1,1,CITY OF CALOOCAN,CALOOCAN,BARANGAY 80,,0,1.5,0,Licensing Status:With License
DOH000000000040831,METROLAB MEDICAL CLINIC AND LABORATORY,Health Facility,Clinical Laboratory,clinic,Private,1,1,TONDO I/II,MANILA,BARANGAY 61,,0,1.5,0,Licensing Status:With License
DOH000000000003281,METROPOLITAN MEDICAL CENTER,Health Facility,Hospital,hospital,Private,1,1,TONDO I/II,MANILA,BARANGAY 262,Level 3,3,4.0,295,Licensing Status:With License
DOH000000000052690,METROSOUTH UROLOGY GROUP INC.,Health Facility,Ambulatory Surgical Clinic,clinic,Private,1,1,CITY OF LAS PI?AS,LAS PINAS,ALMANZA DOS,,0,1.5,0,Licensing Status:With License
DOH000000000043865,MH-MAYO MEDICAL CLINIC,Health Facility,Clinical Laboratory,clinic,Private,1,1,CITY OF MARIKINA,MARIKINA,MARIKINA HEIGHTS,,0,1.5,0,Licensing Status:With License
DOH000000000002636,MIA HEALTH CENTER,Health Facility,Rural Health Unit,rhu,Government,0,1,PASAY CITY,PASAY,BARANGAY 194,,0,1.5,0,Licensing Status:With License
DOH000000000049709,MICAH MEDICAL CLINIC &AMP; DIAGNOSTIC LABORATORY,Health Facility,Drug Testing Laboratory,laboratory,Private,1,1,MALATE,MANILA,BARANGAY 691,Screening (Drug testing),0,1.0,0,Licensing Status:With License
DOH000000000048287,MICAH MEDICAL CLINIC AND DIAGNOSTIC LABORATORY,Health Facility,Medical Facility for Overseas Workers & Seafarers,other,Private,1,1,MALATE,MANILA,BARANGAY 691,,0,1.0,0,Licensing Status:With License
DOH000000000050179,MICHIMITCH LYING-IN CLINIC,Health Facility,Birthing Home,birthing,Private,1,1,CITY OF CALOOCAN,CALOOCAN,BARANGAY 175,,0,1.5,1,Licensing Status:With License
DOH000000000039202,"MICROBIOLOGY &AMP; INFECTIOUS DISEASE CENTER, INC.",Health Facility,Clinical Laboratory,clinic,Private,1,1,CITY OF LAS PI?AS,LAS PINAS,PILAR,,0,1.5,0,Licensing Status:With License
DOH000000000045958,MID (MARK IRFA DUCUSIN) CAREHOME COMPANY,Health Facility,Psychiatric Care Facility,other,Private,1,1,CITY OF MANDALUYONG,MANDALUYONG,BARANGKA DRIVE,Custodial Psychiatric Care,0,2.0,37,Licensing Status:With License
DOH000000000040772,MILLENNIUM BIO-DIAGNOSTIC LABORATORY COMPANY,Health Facility,Clinical Laboratory,clinic,Private,1,1,TONDO I/II,MANILA,BARANGAY 247,,0,1.5,0,Licensing Status:With License
DOH000000000043212,MIMAROPA CENTER FOR HEALTH DEVELOPMENT,Health Related Facility,Center for Health Development,other,Government,0,0,QUEZON CITY,QUEZON CITY,ESCOPA IV,,0,1.0,0,
DOH000000000040471,MINA MATERNITY LYING-IN CLINIC,Health Facility,Birthing Home,birthing,Private,1,1,QUEZON CITY,QUEZON CITY,NORTH FAIRVIEW,,0,1.5,2,Licensing Status:With License
DOH000000000040408,MINALYN MATERNITY LYING IN CLINIC,Health Facility,Birthing Home,birthing,Private,1,1,CITY OF CALOOCAN,CALOOCAN,BARANGAY 177,,0,1.5,2,Licensing Status:With License
DOH000000000041064,"MINUTE HEALTHCARE, INC.",Health Facility,Clinical Laboratory,clinic,Private,1,1,QUEZON CITY,QUEZON CITY,SOUTH TRIANGLE,,0,1.5,0,Licensing Status:With License
DOH000000000050180,MIRACULOU'S LYING-IN &AMP; FAMILY-PLANNING LYING IN CLINIC,Health Facility,Birthing Home,birthing,Private,1,1,CITY OF TAGUIG,TAGUIG,LOWER BICUTAN,,0,1.5,2,Licensing Status:With License
DOH000000000039368,MIRACULOUS MOTHER MEDICAL CLINIC,Health Facility,Clinical Laboratory,clinic,Private,1,1,SANTA CRUZ,MANILA,BARANGAY 337,Level 1,1,2.5,0,Licensing Status:With License
DOH000000000003626,MISSION HOSPITAL,Health Facility,Hospital,hospital,Private,1,1,CITY OF PASIG,PASIG,ROSARIO,Level 1,1,2.5,30,Licensing Status:With License
DOH000000000047003,MIÑOZA DIAGNOSTIC AND LABORATORY SERVICES INC.,Health Facility,Clinical Laboratory,clinic,Private,1,1,CITY OF TAGUIG,TAGUIG,PINAGSAMA,,0,1.5,0,Licensing Status:With License
DOH000000000040642,MJDC LUCKY MOMMY LYING IN CLINIC,Health Facility,Birthing Home,birthing,Private,1,1,CITY OF CALOOCAN,CALOOCAN,BARANGAY 177,,0,1.5,1,Licensing Status:With License
DOH000000000048175,"MJK MEDICAL AND DIAGNOSTIC CLINIC, INC.",Health Facility,Medical Facility for Overseas Workers & Seafarers,other,Private,1,1,ERMITA,MANILA,BARANGAY 670,,0,1.0,0,Licensing Status:With License
DOH000000000048176,"MMC MEDICAL AND DIAGNOSTIC CENTER, INC.",Health Facility,Medical Facility for Overseas Workers & Seafarers,other,Private,1,1,MALATE,MANILA,BARANGAY 703,,0,1.0,0,Licensing Status:With License
DOH000000000042749,MOMMY AND BABY’S CHOICE BIRTHING CENTER,Health Facility,Birthing Home,birthing,Private,1,1,CITY OF PASIG,PASIG,MALINAO,,0,1.5,1,Licensing Status:With License
DOH000000000040582,MONDEJAR BIRTHING HOME,Health Facility,Birthing Home,birthing,Private,1,1,CITY OF NAVOTAS,NAVOTAS,NBBS PROPER,,0,1.5,1,Licensing Status:With License
DOH000000000049713,MONTE ZION DIAGNOSTIC &AMP; MEDICAL CENTER CORP.,Health Facility,Drug Testing Laboratory,laboratory,Private,1,1,QUEZON CITY,QUEZON CITY,MATANDANG BALARA,Screening (Drug testing),0,1.0,0,Licensing Status:With License
DOH000000000048354,MONTE ZION DIAGNOSTIC AND MEDICAL CENTER CORPORATION,Health Facility,Medical Facility for Overseas Workers & Seafarers,other,Private,1,1,QUEZON CITY,QUEZON CITY,TANDANG SORA,,0,1.0,0,Licensing Status:With License
DOH000000000040453,MONTERONA'S MATERNITY CLINIC,Health Facility,Birthing Home,birthing,Private,1,1,CITY OF PARA?AQUE,PARANAQUE,B. F. HOMES,,0,1.5,2,Licensing Status:With License
DOH000000000040579,MONTINOLA MATERNITY CLINIC,Health Facility,Birthing Home,birthing,Private,1,1,TONDO I/II,MANILA,BARANGAY 215,,0,1.5,3,Licensing Status:With License
DOH000000000004735,MOONWALK HEALTH CENTER,Health Facility,Rural Health Unit,rhu,Government,0,0,CITY OF PARA?AQUE,PARANAQUE,MOONWALK,,0,1.5,0,
DOH000000000040825,MORNING WIND CLINICAL LABORATORY,Health Facility,Clinical Laboratory,clinic,Private,1,1,TONDO I/II,MANILA,BARANGAY 225,,0,1.5,0,Licensing Status:With License
DOH000000000050540,MOTHER AND CHILD LYING-IN CLINIC,Health Facility,Birthing Home,birthing,Private,1,1,QUEZON CITY,QUEZON CITY,GULOD,,0,1.5,1,Licensing Status:With License
DOH000000000050190,MOTHER AND CHILD LYING-IN CLINIC,Health Facility,Birthing Home,birthing,Private,1,1,CITY OF TAGUIG,TAGUIG,BAGUMBAYAN,,0,1.5,4,Licensing Status:With License
DOH000000000046635,MOTHER AND CHILD MATERNITY CLINIC,Health Facility,Birthing Home,birthing,Private,1,1,CITY OF PASIG,PASIG,PALATIW,,0,1.5,2,Licensing Status:With License
DOH000000000040494,MOTHER OF DIVINE GRACE MEDICAL MATERNITY &AMP; CHILDREN'S CLINIC,Health Facility,Birthing Home,birthing,Private,1,1,CITY OF PASIG,PASIG,SAN NICOLAS (POB.),,0,1.5,6,Licensing Status:With License
DOH000000000002436,"MOTHER TERESA'S HOME THAT CARES, INC.",Health Facility,Psychiatric Care Facility,other,Private,1,1,CITY OF MANDALUYONG,MANDALUYONG,PLAINVIEW,Custodial Psychiatric Care,0,2.0,31,Licensing Status:With License
DOH000000000040516,MOTHER'S LOVE LYING-IN CLINIC,Health Facility,Birthing Home,birthing,Private,1,1,CITY OF PASIG,PASIG,PINAGBUHATAN,,0,1.5,2,Licensing Status:With License
DOH000000000041006,MRC LABORATORY AND DIAGNOSTIC CENTER,Health Facility,Clinical Laboratory,clinic,Private,1,1,TONDO I/II,MANILA,BARANGAY 48,,0,1.5,0,Licensing Status:With License
DOH000000000054664,MTG MEDICAL CLINIC INC.,Health Facility,Clinical Laboratory,clinic,Private,1,1,CITY OF MAKATI,MAKATI,SAN LORENZO,,0,1.5,0,Licensing Status:With License
DOH000000000040866,"MULTI-LIFECARE FOUNDATION, INC.",Health Facility,Clinical Laboratory,clinic,Private,1,1,QUEZON CITY,QUEZON CITY,OBRERO,,0,1.5,0,Licensing Status:With License
DOH000000000047848,MULTICARE DIALYSIS CENTER CORPORATION,Health Facility,Dialysis Clinic,dialysis,Private,1,1,QUEZON CITY,QUEZON CITY,N.S. AMORANTO,,0,2.0,0,Licensing Status:With License
DOH000000000049714,MULTICARE MEDICAL AND DIAGNOSTIC CENTER INC.,Health Facility,Drug Testing Laboratory,laboratory,Private,1,1,QUEZON CITY,QUEZON CITY,SACRED HEART,Screening (Drug testing),0,1.0,0,Licensing Status:With License
DOH000000000009088,MUNTINLUPA CITY HEALTH OFFICE,Health Facility,City Health Office,other,Government,0,0,CITY OF MUNTINLUPA,MUNTINLUPA,TUNASAN,,0,1.0,0,Licensing Status:Without License
DOH000000000047467,MUNTINLUPA CITY WATER LABORATORY,Health Facility,Laboratory for Drinking Water Analysis,laboratory,Government,0,1,CITY OF MUNTINLUPA,MUNTINLUPA,TUNASAN,,0,1.0,0,Licensing Status:With License
DOH000000000049668,MUNTINLUPA DRUG TESTING LABORATORY,Health Facility,Drug Testing Laboratory,laboratory,Government,0,1,CITY OF MUNTINLUPA,MUNTINLUPA,ALABANG,Screening (Drug testing),0,1.0,0,Licensing Status:With License
DOH000000000040463,MUNTINLUPA LYING-IN CENTER,Health Facility,Birthing Home,birthing,Government,0,1,CITY OF MUNTINLUPA,MUNTINLUPA,PUTATAN,,0,1.5,4,Licensing Status:With License
DOH000000000041080,MURIEL DIAGNOSTIC AND MEDICAL CLINIC,Health Facility,Clinical Laboratory,clinic,Private,1,1,CITY OF PARA?AQUE,PARANAQUE,SAN ISIDRO,,0,1.5,0,Licensing Status:With License
DOH000000000000013,MURPHY SUPER HEALTH CENTER,Health Facility,Rural Health Unit,rhu,Government,0,0,QUEZON CITY,QUEZON CITY,SAN ROQUE,,0,1.5,0,
DOH000000000007266,MUZON HEALTH CENTER,Health Facility,Rural Health Unit,rhu,Government,0,0,CITY OF MALABON,MALABON,MUZON,,0,1.5,0,
DOH000000000052046,MWSS REGULATORY OFFICE WATER LABORATORY,Health Facility,Laboratory for Drinking Water Analysis,laboratory,Government,0,1,QUEZON CITY,QUEZON CITY,PANSOL,,0,1.0,0,Licensing Status:With License
DOH000000000033204,MY CHOICE CLINIC,Health Facility,Birthing Home,birthing,Private,1,1,CITY OF PASIG,PASIG,SANTOLAN,,0,1.5,1,Licensing Status:With License
DOH000000000045383,MY HEALTH CLINIC,Health Facility,Ambulatory Surgical Clinic,clinic,Private,1,1,CITY OF MUNTINLUPA,MUNTINLUPA,ALABANG,,0,1.5,0,Licensing Status:With License
DOH000000000044401,MY HEALTH CLINIC,Health Facility,Ambulatory Surgical Clinic,clinic,Private,1,1,QUEZON CITY,QUEZON CITY,BAGONG PAG-ASA,,0,1.5,0,Licensing Status:With License
DOH000000000049715,MY HEALTH CLINIC - ALABANG,Health Facility,Drug Testing Laboratory,laboratory,Private,1,1,CITY OF MUNTINLUPA,MUNTINLUPA,ALABANG,Screening (Drug testing),0,1.0,0,Licensing Status:With License
DOH000000000049716,MY HEALTH CLINIC - MANDALUYONG CITY,Health Facility,Drug Testing Laboratory,laboratory,Private,1,1,CITY OF MANDALUYONG,MANDALUYONG,WACK-WACK GREENHILLS,Screening (Drug testing),0,1.0,0,Licensing Status:With License
DOH000000000049717,MY HEALTH CLINIC - MANILA,Health Facility,Drug Testing Laboratory,laboratory,Private,1,1,ERMITA,MANILA,BARANGAY 669,Screening (Drug testing),0,1.0,0,Licensing Status:With License
DOH000000000049718,MY HEALTH CLINIC - SM NORTH EDSA,Health Facility,Drug Testing Laboratory,laboratory,Private,1,1,QUEZON CITY,QUEZON CITY,BAGONG PAG-ASA,Screening (Drug testing),0,1.0,0,Licensing Status:With License
DOH000000000049719,MY HEALTH CLINIC - VENICE,Health Facility,Drug Testing Laboratory,laboratory,Private,1,1,CITY OF TAGUIG,TAGUIG,USUSAN,Screening (Drug testing),0,1.0,0,Licensing Status:With License
DOH000000000040937,MY HEALTH CLINIC - VENICE GRAND CANAL,Health Facility,Clinical Laboratory,clinic,Private,1,1,CITY OF TAGUIG,TAGUIG,FORT BONIFACIO,,0,1.5,0,Licensing Status:With License
DOH000000000053555,MY HUB CARES INC.,Health Facility,Clinical Laboratory,clinic,Private,1,1,CITY OF PASIG,PASIG,SAN ANTONIO,,0,1.5,0,Licensing Status:With License
DOH000000000051317,MYHEALTHYWAY CLINIC AND LABORATORY CORP,Health Facility,Medical Facility for Overseas Workers & Seafarers,other,Private,1,1,MALATE,MANILA,BARANGAY 696,,0,1.0,0,Licensing Status:With License
DOH000000000048999,MYHEALTHYWAY CLINIC AND LABORATORY CORP.,Health Facility,Medical Facility for Overseas Workers & Seafarers,other,Private,1,1,CITY OF MAKATI,MAKATI,SAN ANTONIO,Regular Medical Facility (Overseas workers & Seafarers),0,1.0,0,Licensing Status:With License
DOH000000000048119,MYHEALTHYWAY CLINIC AND LABORATORY CORP.,Health Facility,Medical Facility for Overseas Workers & Seafarers,other,Private,1,1,CITY OF MANDALUYONG,MANDALUYONG,HIGHWAY HILLS,,0,1.0,0,Licensing Status:With License
DOH000000000054859,MYHEALTHYWAY CLINIC AND LABORATORY CORP.,Health Facility,Medical Facility for Overseas Workers & Seafarers,other,Private,1,1,QUEZON CITY,QUEZON CITY,SOCORRO,,0,1.0,0,Licensing Status:With License
DOH000000000041297,N. CALULOT MATERNITY AND LYING-IN CLINIC,Health Facility,Birthing Home,birthing,Private,1,1,CITY OF MARIKINA,MARIKINA,PARANG,,0,1.5,1,Licensing Status:With License
DOH000000000050207,N.M. BIRTHING CLINIC,Health Facility,Birthing Home,birthing,Private,1,1,QUEZON CITY,QUEZON CITY,CULIAT,,0,1.5,2,Licensing Status:With License
DOH000000000040946,N.S. MEDICAL &AMP; DIAGNOSTIC CLINIC,Health Facility,Clinical Laboratory,clinic,Private,1,1,CITY OF VALENZUELA,VALENZUELA,MALINTA,,0,1.5,0,Licensing Status:With License
DOH000000000040590,NADELA LYING-IN CLINIC,Health Facility,Birthing Home,birthing,Private,1,1,CITY OF TAGUIG,TAGUIG,SOUTH SIGNAL VILLAGE,,0,1.5,2,Licensing Status:With License
DOH000000000040617,NAGIE &AMP; CYNTHIA KOMADRONA PAANAKAN 24 ORAS,Health Facility,Birthing Home,birthing,Private,1,1,CITY OF MARIKINA,MARIKINA,CONCEPCION UNO,,0,1.5,2,Licensing Status:With License
DOH000000000007277,NAGKAISANG NAYON HEALTH CENTER,Health Facility,Rural Health Unit,rhu,Government,0,0,QUEZON CITY,QUEZON CITY,NAGKAISANG NAYON,,0,1.5,0,
DOH000000000033205,NAGPAYONG SUPER HEALTH CENTER,Health Facility,Birthing Home,birthing,Government,0,1,CITY OF PASIG,PASIG,PINAGBUHATAN,,0,1.5,1,Licensing Status:With License
DOH000000000004110,NAMAYAN HEALTH CENTER,Health Facility,Rural Health Unit,rhu,Government,0,0,CITY OF MANDALUYONG,MANDALUYONG,NAMAYAN,,0,1.5,0,
DOH000000000004099,NANGKA HEALTH CENTER,Health Facility,Rural Health Unit,rhu,Government,0,1,CITY OF MARIKINA,MARIKINA,NANGKA,,0,1.5,0,Licensing Status:With License
DOH000000000001471,NAPICO HEALTH CENTER,Health Facility,Rural Health Unit,rhu,Government,0,1,CITY OF PASIG,PASIG,MANGGAHAN,,0,1.5,0,Licensing Status:With License
DOH000000000012429,NAPINDAN HEALTH CENTER,Health Facility,Rural Health Unit,rhu,Government,0,1,CITY OF TAGUIG,TAGUIG,NAPINDAN,,0,1.5,0,Licensing Status:With License
DOH000000000040651,NAPINDAN SUPERHEALTH CENTER,Health Facility,Birthing Home,birthing,Government,0,1,CITY OF TAGUIG,TAGUIG,NAPINDAN,,0,1.5,1,Licensing Status:With License
DOH000000000007359,NATIONAL CENTER FOR MENTAL HEALTH,Health Facility,Hospital,hospital,Government,0,1,CITY OF MANDALUYONG,MANDALUYONG,MAUWAY,Level 3,3,4.0,4200,Licensing Status:With License
DOH000000000006046,NATIONAL CHILDREN'S HOSPITAL,Health Facility,Hospital,hospital,Government,0,1,QUEZON CITY,QUEZON CITY,DAMAYANG LAGI,Level 3,3,4.0,250,Licensing Status:With License
DOH000000000007341,NATIONAL GOVERNMENT CENTER,Health Facility,Rural Health Unit,rhu,Government,0,0,QUEZON CITY,QUEZON CITY,COMMONWEALTH,,0,1.5,0,
DOH000000000033231,NATIONAL GOVERNMENT CENTER LYING IN CLINIC,Health Facility,Birthing Home,birthing,Government,0,1,QUEZON CITY,QUEZON CITY,COMMONWEALTH,,0,1.5,15,Licensing Status:With License
DOH000000000001981,NATIONAL KIDNEY AND TRANSPLANT INSTITUTE,Health Facility,Hospital,hospital,Government,0,1,QUEZON CITY,QUEZON CITY,CENTRAL,Level 3,3,4.0,315,Licensing Status:With License
DOH000000000039011,NATIONAL KIDNEY AND TRANSPLANT INSTITUTE (NKTI) - (HB),Health Facility,COVID-19 Testing Laboratory,laboratory,Government,0,1,QUEZON CITY,QUEZON CITY,CENTRAL,,0,1.0,0,Licensing Status:With License
DOH000000000039064,NATIONAL KIDNEY AND TRANSPLANT INSTITUTE (NKTI) - (HB) (CARTRIDGE - BASED PCR),Health Facility,COVID-19 Testing Laboratory,laboratory,Government,0,1,QUEZON CITY,QUEZON CITY,CENTRAL,,0,1.0,0,Licensing Status:With License
DOH000000000054687,NATIONAL KIDNEY TRANSPLANT INSTITUTE,Health Facility,Kidney Transplant Facility,other,Government,0,1,QUEZON CITY,QUEZON CITY,CENTRAL,,0,2.0,0,Licensing Status:With License
DOH000000000047669,NATIONAL REFERENCE LABORATORY - EAST AVENUE MEDICAL CENTER,Health Facility,Laboratory for Drinking Water Analysis,laboratory,Government,0,1,QUEZON CITY,QUEZON CITY,CENTRAL,,0,1.0,0,Licensing Status:With License
DOH000000000049723,NATIONAL REFERENCE LABORATORY FOR E.O.H.T.M.A.,Health Facility,Drug Testing Laboratory,laboratory,Government,0,1,QUEZON CITY,QUEZON CITY,PINYAHAN,Screening (Drug testing),0,1.0,0,Licensing Status:With License
DOH000000000053066,NAVOTAS CITY DOCTORS AND DIAGNOSTICS CORP.,Health Facility,Clinical Laboratory,clinic,Private,1,1,CITY OF NAVOTAS,NAVOTAS,NAVOTAS EAST,,0,1.5,0,Licensing Status:With License
DOH000000000000870,NAVOTAS CITY HEALTH OFFICE,Health Facility,City Health Office,other,Government,0,0,CITY OF NAVOTAS,NAVOTAS,SAN JOSE (POB.),,0,1.0,0,Licensing Status:Without License
DOH000000000033794,NAVOTAS CITY HOSPITAL,Health Facility,Hospital,hospital,Government,0,1,CITY OF NAVOTAS,NAVOTAS,SAN JOSE (POB.),Level 2,2,3.0,50,Licensing Status:With License
DOH000000000053067,NAVOTAS MEDICAL &AMP; WELLNESS CENTER,Health Facility,Clinical Laboratory,clinic,Government,0,1,CITY OF NAVOTAS,NAVOTAS,SAN JOSE (POB.),,0,1.5,0,Licensing Status:With License
DOH000000000051345,NAVOTAS MOLECULAR DIAGNOSTIC LABORATORY,Health Facility,COVID-19 Testing Laboratory,laboratory,Government,0,1,CITY OF NAVOTAS,NAVOTAS,NBBS DAGAT-DAGATAN,,0,1.0,0,Licensing Status:With License
DOH000000000033802,NAVOTAS SOCIAL HYGIENE CLINIC,Health Facility,Social Hygiene Clinic,clinic,Government,0,0,CITY OF NAVOTAS,NAVOTAS,SAN JOSE (POB.),,0,1.5,0,
DOH000000000053145,NCLH MEDICAL CLINIC AND LABORATORY,Health Facility,Medical Facility for Overseas Workers & Seafarers,other,Private,1,1,PASAY CITY,PASAY,BARANGAY 37,,0,1.0,0,Licensing Status:With License
DOH000000000040533,NEMIA BIRTHING HOME,Health Facility,Birthing Home,birthing,Private,1,1,CITY OF MALABON,MALABON,ACACIA,,0,1.5,1,Licensing Status:With License
DOH000000000053069,NEOHEALTH MULTISPECIALTY CLINIC AND DIAGNOSTIC CENTER CORPORATION,Health Facility,Clinical Laboratory,clinic,Private,1,1,CITY OF LAS PI?AS,LAS PINAS,ALMANZA UNO,,0,1.5,0,Licensing Status:With License
DOH000000000049726,"NEOMEDICA HEALTH SERVICES, INC.",Health Facility,Drug Testing Laboratory,laboratory,Private,1,1,QUEZON CITY,QUEZON CITY,BAHAY TORO,Screening (Drug testing),0,1.0,0,Licensing Status:With License
DOH000000000053251,NEPHRO ACCESS DIALYSIS CENTER,Health Facility,Dialysis Clinic,dialysis,Private,1,1,CITY OF MALABON,MALABON,TINAJEROS,,0,2.0,0,Licensing Status:With License
DOH000000000041968,NEPHRO ACCESS DIALYSIS CENTER,Health Facility,Dialysis Clinic,dialysis,Private,1,1,CITY OF PASIG,PASIG,ROSARIO,,0,2.0,0,Licensing Status:With License
DOH000000000039190,"NEPHRO LABORATORY AND DIAGNOSTIC, INC.",Health Facility,Clinical Laboratory,clinic,Private,1,1,CITY OF CALOOCAN,CALOOCAN,BARANGAY 94,Level 2,2,3.0,0,Licensing Status:With License
DOH000000000041671,"NEPHRO SYSTEMS PHILS, INC.",Health Facility,Dialysis Clinic,dialysis,Private,1,1,CITY OF MANDALUYONG,MANDALUYONG,HIGHWAY HILLS,,0,2.0,0,Licensing Status:With License
DOH000000000052033,NEPHROACTIVE DIALYSIS CENTER AND MULTI-SPECIALTY CLINIC,Health Facility,Dialysis Clinic,dialysis,Private,1,1,CITY OF PARA?AQUE,PARANAQUE,SAN DIONISIO,,0,2.0,0,Licensing Status:With License
DOH000000000041672,NEPHROCARE,Health Facility,Dialysis Clinic,dialysis,Private,1,1,CITY OF MANDALUYONG,MANDALUYONG,PLEASANT HILLS,,0,2.0,0,Licensing Status:With License
DOH000000000041574,NEPHROCARE,Health Facility,Dialysis Clinic,dialysis,Private,1,1,QUEZON CITY,QUEZON CITY,KAUNLARAN,,0,2.0,0,Licensing Status:With License
DOH000000000050637,NEPHROCARE HEALTH CARE SERVICES PHILIPPINES INC.,Health Facility,Dialysis Clinic,dialysis,Private,1,1,CITY OF PASIG,PASIG,KAPASIGAN,,0,2.0,0,Licensing Status:With License
DOH000000000055035,NEPHROCARE HEALTH CARE SERVICES PHILIPPINES INC.,Health Facility,Dialysis Clinic,dialysis,Private,1,1,QUEZON CITY,QUEZON CITY,U.P. CAMPUS,,0,2.0,0,Licensing Status:With License
DOH000000000051478,"NEPHROCARE HEALTH CARE SERVICES PHILIPPINES, INC.",Health Facility,Dialysis Clinic,dialysis,Private,1,1,CITY OF MARIKINA,MARIKINA,TA?ONG,,0,2.0,0,Licensing Status:With License
DOH000000000052913,"NEPHROCARE HEALTH CARE SERVICES PHILIPPINES, INC.",Health Facility,Dialysis Clinic,dialysis,Private,1,1,CITY OF MUNTINLUPA,MUNTINLUPA,PUTATAN,,0,2.0,0,Licensing Status:With License
DOH000000000054079,"NEPHROCARE HEALTH CARE SERVICES PHILIPPINES, INC.",Health Facility,Dialysis Clinic,dialysis,Private,1,1,QUEZON CITY,QUEZON CITY,SACRED HEART,,0,2.0,0,Licensing Status:With License
DOH000000000051477,"NEPHROCARE HEALTH CARE SERVICES PHILIPPINES, INC.",Health Facility,Dialysis Clinic,dialysis,Private,1,1,CITY OF TAGUIG,TAGUIG,FORT BONIFACIO,,0,2.0,0,Licensing Status:With License
DOH000000000041624,"NEPHROCARE HEALTH CARE SERVICES, PHILIPPINES INC.",Health Facility,Dialysis Clinic,dialysis,Private,1,1,CITY OF CALOOCAN,CALOOCAN,BARANGAY 95,,0,2.0,0,Licensing Status:With License
DOH000000000041660,"NEPHROCARE HEALTH CARE SERVICES, PHILIPPINES INC.",Health Facility,Dialysis Clinic,dialysis,Private,1,1,CITY OF MAKATI,MAKATI,SANTA CRUZ,,0,2.0,0,Licensing Status:With License
DOH000000000041583,"NEPHROCARE HEALTH CARE SERVICES, PHILIPPINES INC.",Health Facility,Dialysis Clinic,dialysis,Private,1,1,QUEZON CITY,QUEZON CITY,SANTO DOMINGO,,0,2.0,0,Licensing Status:With License
DOH000000000041641,NEPHROLAB CORP.,Health Facility,Dialysis Clinic,dialysis,Private,1,1,QUEZON CITY,QUEZON CITY,HOLY SPIRIT,,0,2.0,0,Licensing Status:With License
DOH000000000054752,NEPHROLAB PLUS CORP.,Health Facility,Dialysis Clinic,dialysis,Private,1,1,QUEZON CITY,QUEZON CITY,BAHAY TORO,,0,2.0,0,Licensing Status:With License
DOH000000000041715,NEPHROLINK KIDNEY CARE CENTER INC.,Health Facility,Dialysis Clinic,dialysis,Private,1,1,CITY OF PARA?AQUE,PARANAQUE,B. F. HOMES,,0,2.0,0,Licensing Status:With License
DOH000000000041554,"NEPHROLOGY BASICS DIALYSIS CENTER, INC.",Health Facility,Dialysis Clinic,dialysis,Private,1,1,CITY OF MANDALUYONG,MANDALUYONG,ADDITION HILLS,,0,2.0,0,Licensing Status:With License
DOH000000000041621,"NEPHROLOGY CENTER OF CALOOCAN DIALYSIS CENTER, INC.",Health Facility,Dialysis Clinic,dialysis,Private,1,1,CITY OF CALOOCAN,CALOOCAN,BARANGAY 94,,0,2.0,0,Licensing Status:With License
DOH000000000041575,"NEPHROLOGY CENTER OF FAIRVIEW DIALYSIS, INC.",Health Facility,Dialysis Clinic,dialysis,Private,1,1,QUEZON CITY,QUEZON CITY,PASONG PUTIK PROPER,,0,2.0,0,Licensing Status:With License
DOH000000000041644,NEPHROLOGY CENTER OF LAS PIÑAS DIALYSIS INC.,Health Facility,Dialysis Clinic,dialysis,Private,1,1,CITY OF LAS PI?AS,LAS PINAS,TALON UNO,,0,2.0,0,Licensing Status:With License
DOH000000000042183,"NEPHROLOGY CENTER OF MANILA, INC.",Health Facility,Dialysis Clinic,dialysis,Private,1,1,SAMPALOC,MANILA,BARANGAY 426,,0,2.0,0,Licensing Status:With License
DOH000000000041826,NEPHROLOGY CENTER OF PASAY CITY DIALYSIS INC.,Health Facility,Dialysis Clinic,dialysis,Private,1,1,PASAY CITY,PASAY,BARANGAY 76,,0,2.0,0,Licensing Status:With License
DOH000000000041969,"NEPHROLOGY CENTER OF PASIG CITY, INC.",Health Facility,Dialysis Clinic,dialysis,Private,1,1,CITY OF PASIG,PASIG,KAPASIGAN,,0,2.0,0,Licensing Status:With License
DOH000000000041722,"NEPHROLOGY SERVICES PHILS., INC.",Health Facility,Dialysis Clinic,dialysis,Private,1,1,CITY OF PARA?AQUE,PARANAQUE,DON BOSCO,,0,2.0,0,Licensing Status:With License
DOH000000000041578,"NEPHROLOGY SERVICES PHILS., INC.",Health Facility,Dialysis Clinic,dialysis,Private,1,1,QUEZON CITY,QUEZON CITY,PHIL-AM,,0,2.0,0,Licensing Status:With License
DOH000000000055056,NEPHROLUXE KIDNEY CARE &AMP; WELLNESS CENTER,Health Facility,Dialysis Clinic,dialysis,Private,1,1,QUEZON CITY,QUEZON CITY,FAIRVIEW,,0,2.0,0,Licensing Status:With License
DOH000000000003189,NEW BAMBANG HEALTH CENTER,Health Facility,Rural Health Unit,rhu,Government,0,1,CITY OF PASIG,PASIG,BAMBANG,,0,1.5,0,Licensing Status:With License
DOH000000000049727,NEW ERA DRUG TESTING CENTER,Health Facility,Drug Testing Laboratory,laboratory,Private,1,1,QUEZON CITY,QUEZON CITY,NEW ERA,Screening (Drug testing),0,1.0,0,Licensing Status:With License
DOH000000000054693,NEW HOPE LAS PINAS DIALYSIS CENTER INC.,Health Facility,Dialysis Clinic,dialysis,Private,1,1,CITY OF LAS PI?AS,LAS PINAS,TALON SINGKO,,0,2.0,0,Licensing Status:With License
DOH000000000054830,"NEW HOPE RENAL CENTER, INC.",Health Facility,Dialysis Clinic,dialysis,Private,1,1,QUEZON CITY,QUEZON CITY,KALIGAYAHAN,,0,2.0,0,Licensing Status:With License
DOH000000000002885,NEW LOWER BICUTAN HEALTH CENTER,Health Facility,Rural Health Unit,rhu,Government,0,0,CITY OF TAGUIG,TAGUIG,LOWER BICUTAN,,0,1.5,0,
DOH000000000049732,NEW WORLD DIAGNOSTICS INC.,Health Facility,Drug Testing Laboratory,laboratory,Private,1,1,ERMITA,MANILA,BARANGAY 670,Screening (Drug testing),0,1.0,0,Licensing Status:With License
DOH000000000049729,NEW WORLD DIAGNOSTICS INC.,Health Facility,Drug Testing Laboratory,laboratory,Private,1,1,CITY OF PARA?AQUE,PARANAQUE,B. F. HOMES,Screening (Drug testing),0,1.0,0,Licensing Status:With License
DOH000000000049728,NEW WORLD DIAGNOSTICS INC.,Health Facility,Drug Testing Laboratory,laboratory,Private,1,1,QUEZON CITY,QUEZON CITY,NOVALICHES PROPER,Screening (Drug testing),0,1.0,0,Licensing Status:With License
DOH000000000049733,"NEW WORLD DIAGNOSTICS, INC.",Health Facility,Drug Testing Laboratory,laboratory,Private,1,1,CITY OF LAS PI?AS,LAS PINAS,TALON UNO,Screening (Drug testing),0,1.0,0,Licensing Status:With License
DOH000000000049734,"NEW WORLD DIAGNOSTICS, INC.",Health Facility,Drug Testing Laboratory,laboratory,Private,1,1,CITY OF MAKATI,MAKATI,SAN LORENZO,Screening (Drug testing),0,1.0,0,Licensing Status:With License
DOH000000000049735,"NEW WORLD DIAGNOSTICS, INC.",Health Facility,Drug Testing Laboratory,laboratory,Private,1,1,CITY OF MALABON,MALABON,POTRERO,Screening (Drug testing),0,1.0,0,Licensing Status:With License
DOH000000000049731,"NEW WORLD DIAGNOSTICS, INC.",Health Facility,Drug Testing Laboratory,laboratory,Private,1,1,BINONDO,MANILA,BARANGAY 287,Screening (Drug testing),0,1.0,0,Licensing Status:With License
DOH000000000049736,"NEW WORLD DIAGNOSTICS, INC.",Health Facility,Drug Testing Laboratory,laboratory,Private,1,1,CITY OF PASIG,PASIG,SAN ANTONIO,Screening (Drug testing),0,1.0,0,Licensing Status:With License
DOH000000000049730,"NEW WORLD DIAGNOSTICS, INC.",Health Facility,Drug Testing Laboratory,laboratory,Private,1,1,QUEZON CITY,QUEZON CITY,SANTO CRISTO,Screening (Drug testing),0,1.0,0,Licensing Status:With License
DOH000000000040826,"NEW WORLD DIAGNOSTICS, INC. - BAESA",Health Facility,Clinical Laboratory,clinic,Private,1,1,QUEZON CITY,QUEZON CITY,BAESA,,0,1.5,0,Licensing Status:With License
DOH000000000040893,"NEW WORLD DIAGNOSTICS, INC. - LAB EXPRESS",Health Facility,Clinical Laboratory,clinic,Private,1,1,CITY OF SAN JUAN,SAN JUAN,GREENHILLS,,0,1.5,0,Licensing Status:With License
DOH000000000039266,"NEW WORLD DIAGNOSTICS, INC. - MAKATI",Health Facility,Clinical Laboratory,clinic,Private,1,1,CITY OF MAKATI,MAKATI,SAN LORENZO,,0,1.5,0,Licensing Status:With License
DOH000000000039307,"NEW WORLD DIAGNOSTICS, INC. - MALABON",Health Facility,Clinical Laboratory,clinic,Private,1,1,CITY OF MALABON,MALABON,POTRERO,,0,1.5,0,Licensing Status:With License
DOH000000000040752,"NEW WORLD DIAGNOSTICS, INC. - MIRASOL",Health Facility,Clinical Laboratory,clinic,Private,1,1,MALATE,MANILA,BARANGAY 727,,0,1.5,0,Licensing Status:With License
DOH000000000040822,"NEW WORLD DIAGNOSTICS, INC. - NOVALICHES",Health Facility,Clinical Laboratory,clinic,Private,1,1,QUEZON CITY,QUEZON CITY,NAGKAISANG NAYON,,0,1.5,0,Licensing Status:With License
DOH000000000040757,"NEW WORLD DIAGNOSTICS, INC. - ONGPIN",Health Facility,Clinical Laboratory,clinic,Private,1,1,BINONDO,MANILA,BARANGAY 287,,0,1.5,0,Licensing Status:With License
DOH000000000045821,"NEW WORLD DIAGNOSTICS, INC. - PARAÑAQUE",Health Facility,Clinical Laboratory,clinic,Private,1,1,CITY OF PARA?AQUE,PARANAQUE,B. F. HOMES,Level 1,1,2.5,0,Licensing Status:With License
DOH000000000040811,"NEW WORLD DIAGNOSTICS, INC. - PCS",Health Facility,Clinical Laboratory,clinic,Private,1,1,QUEZON CITY,QUEZON CITY,ALICIA,,0,1.5,0,Licensing Status:With License
DOH000000000041046,"NEW WORLD DIAGNOSTICS, INC. - PREMIUM MEDICAL BRANCH",Health Facility,Clinical Laboratory,clinic,Private,1,1,CITY OF PASIG,PASIG,SAN ANTONIO,,0,1.5,0,Licensing Status:With License
DOH000000000052476,"NEW WORLD DIAGNOSTICS, INC. - SM BAYSHORE",Health Facility,Clinical Laboratory,clinic,Private,1,1,PASAY CITY,PASAY,BARANGAY 76,,0,1.5,0,Licensing Status:With License
DOH000000000040118,"NEW WORLD DIAGNOSTICS, INC. PREMIUM MEDICAL BRANCH (CARTRIDGE - BASED PCR)",Health Facility,COVID-19 Testing Laboratory,laboratory,Private,1,1,CITY OF PASIG,PASIG,SAN ANTONIO,,0,1.0,0,Licensing Status:With License
DOH000000000039497,"NEW WORLD DIAGNOSTICS, INC. PREMIUM MEDICAL BRANCH (RT-PCR)",Health Facility,COVID-19 Testing Laboratory,laboratory,Private,1,1,CITY OF PASIG,PASIG,SAN ANTONIO,,0,1.0,0,Licensing Status:With License
DOH000000000040843,"NEW WORLD DIAGNOSTICS, INC.- D.TUAZON",Health Facility,Clinical Laboratory,clinic,Private,1,1,QUEZON CITY,QUEZON CITY,DO?A JOSEFA,,0,1.5,0,Licensing Status:With License
DOH000000000049737,NEW WORLD LABORATORY,Health Facility,Drug Testing Laboratory,laboratory,Private,1,1,QUEZON CITY,QUEZON CITY,MAHARLIKA,Screening (Drug testing),0,1.0,0,Licensing Status:With License
DOH000000000050495,NEWBORN SCREENING CENTER - NIH,Health Facility,Newborn Screening Center,other,Government,0,1,QUEZON CITY,QUEZON CITY,U.P. CAMPUS,,0,1.0,0,Licensing Status:With License
DOH000000000040748,"NEWPORT X-RAY, LABORATORY AND MEDICAL CENTER, INC.",Health Facility,Clinical Laboratory,clinic,Private,1,1,SAMPALOC,MANILA,BARANGAY 523,,0,1.5,0,Licensing Status:With License
DOH000000000053073,NEXT HEALTH DIAGNOSTICS,Health Facility,Clinical Laboratory,clinic,Private,1,1,CITY OF TAGUIG,TAGUIG,FORT BONIFACIO,,0,1.5,0,Licensing Status:With License
DOH000000000043857,NICATTO HEALTH DYNAMICS,Health Facility,Clinical Laboratory,clinic,Private,1,1,QUEZON CITY,QUEZON CITY,PINYAHAN,,0,1.5,0,Licensing Status:With License
DOH000000000041011,NICATTO HEALTH DYNAMICS - PASIG,Health Facility,Clinical Laboratory,clinic,Private,1,1,CITY OF PASIG,PASIG,SAN ANTONIO,,0,1.5,0,Licensing Status:With License
DOH000000000049738,NICATTO HEALTH DYNAMICS CORP.,Health Facility,Drug Testing Laboratory,laboratory,Private,1,1,CITY OF MAKATI,MAKATI,MAGALLANES,Screening (Drug testing),0,1.0,0,Licensing Status:With License
DOH000000000051638,NICATTO HEALTH DYNAMICS CORP. - MAKATI,Health Facility,Clinical Laboratory,clinic,Private,1,1,CITY OF MAKATI,MAKATI,MAGALLANES,,0,1.5,0,Licensing Status:With License
DOH000000000049739,NICATTO HEALTH DYNAMICS CORPORATION,Health Facility,Drug Testing Laboratory,laboratory,Private,1,1,CITY OF PASIG,PASIG,SAN MIGUEL,Screening (Drug testing),0,1.0,0,Licensing Status:With License
DOH000000000049740,NICATTO HEALTH DYNAMICS CORPORATION,Health Facility,Drug Testing Laboratory,laboratory,Private,1,1,QUEZON CITY,QUEZON CITY,PINYAHAN,Screening (Drug testing),0,1.0,0,Licensing Status:With License
DOH000000000048177,NISSI MEDICAL CLINIC,Health Facility,Medical Facility for Overseas Workers & Seafarers,other,Private,1,1,ERMITA,MANILA,BARANGAY 667,,0,1.0,0,Licensing Status:With License
DOH000000000033206,NITA'S LYING IN CLINIC,Health Facility,Birthing Home,birthing,Private,1,1,CITY OF PASIG,PASIG,CANIOGAN,,0,1.5,1,Licensing Status:With License
DOH000000000040612,NITA'S LYING-IN CLINIC,Health Facility,Birthing Home,birthing,Private,1,1,CITY OF PASIG,PASIG,CANIOGAN,,0,1.5,1,Licensing Status:With License
DOH000000000007258,NIUGAN HEALTH CENTER,Health Facility,Rural Health Unit,rhu,Government,0,0,CITY OF MALABON,MALABON,NIUGAN,,0,1.5,0,
DOH000000000053051,NML DIAGNOSTIC CENTER,Health Facility,Clinical Laboratory,clinic,Private,1,1,MALATE,MANILA,BARANGAY 694,,0,1.5,0,Licensing Status:With License
DOH000000000006502,NODADO GENERAL HOSPITAL,Health Facility,Hospital,hospital,Private,1,1,CITY OF CALOOCAN,CALOOCAN,BARANGAY 175,Level 1,1,2.5,40,Licensing Status:With License
DOH000000000043229,NONPAREIL,Health Related Facility,Central Warehouse - Combination,other,Private,1,0,CITY OF TAGUIG,TAGUIG,SAN MIGUEL,,0,1.0,0,
DOH000000000040567,NORA BIRTHING CARE CLINIC,Health Facility,Birthing Home,birthing,Private,1,1,CITY OF CALOOCAN,CALOOCAN,BARANGAY 176-A,,0,1.5,4,Licensing Status:With License
DOH000000000048178,"NORDIC MEDICAL CLINIC, INC.",Health Facility,Medical Facility for Overseas Workers & Seafarers,other,Private,1,1,MALATE,MANILA,BARANGAY 701,,0,1.0,0,Licensing Status:With License
DOH000000000003359,NORTH BAY BOULEVARD NORTH,Health Facility,Rural Health Unit,rhu,Government,0,0,CITY OF NAVOTAS,NAVOTAS,NORTH BAY BOULEVARD NORTH,,0,1.5,0,
DOH000000000043624,NORTH BAY BOULEVARD NORTH HEALTH CENTER,Health Facility,Barangay Health Station,bhs,Government,0,0,CITY OF NAVOTAS,NAVOTAS,NORTH BAY BOULEVARD NORTH,,0,1.5,0,
DOH000000000040996,NORTH BAY BOULEVARD SOUTH PROPER HEALTH CENTER,Health Facility,Rural Health Unit,rhu,Government,0,0,CITY OF NAVOTAS,NAVOTAS,NBBS PROPER,,0,1.5,0,
DOH000000000005050,"NORTH CALOOCAN DOCTORS HOSPITAL, INC.",Health Facility,Hospital,hospital,Private,1,1,CITY OF CALOOCAN,CALOOCAN,BARANGAY 184,Level 1,1,2.5,29,Licensing Status:With License
DOH000000000012454,NORTH DAANG HARI HEALTH CENTER,Health Facility,Rural Health Unit,rhu,Government,0,1,CITY OF TAGUIG,TAGUIG,NORTH DAANG HARI,,0,1.5,0,Licensing Status:With License
DOH000000000003592,NORTH FAIRVIEW HEALTH CENTER,Health Facility,Rural Health Unit,rhu,Government,0,0,QUEZON CITY,QUEZON CITY,NORTH FAIRVIEW,,0,1.5,0,
DOH000000000040927,NORTH SIGNAL CLINICAL LABORATORY,Health Facility,Clinical Laboratory,clinic,Government,0,1,CITY OF TAGUIG,TAGUIG,NORTH SIGNAL VILLAGE,,0,1.5,0,Licensing Status:With License
DOH000000000013380,NORTH SIGNAL HEALTH CENTER,Health Facility,Rural Health Unit,rhu,Government,0,1,CITY OF TAGUIG,TAGUIG,NORTH SIGNAL VILLAGE,,0,1.5,0,Licensing Status:With License
DOH000000000040534,NORTH SIGNAL SUPER HEALTH CENTER,Health Facility,Birthing Home,birthing,Government,0,1,CITY OF TAGUIG,TAGUIG,NORTH SIGNAL VILLAGE,,0,1.5,3,Licensing Status:With License
DOH000000000029732,NORTH SIGNAL SUPER HEALTH CENTER (SPECIAL HEALTH UNIT),Health Facility,Rural Health Unit,rhu,Government,0,1,CITY OF TAGUIG,TAGUIG,NORTH SIGNAL VILLAGE,,0,1.5,0,Licensing Status:With License
DOH000000000040964,NORTHERNHEALTH MEDICAL AND DIAGNOSTIC CENTER,Health Facility,Clinical Laboratory,clinic,Private,1,1,CITY OF VALENZUELA,VALENZUELA,KARUHATAN,,0,1.5,0,Licensing Status:With License
DOH000000000050693,NORTHKAL EYE CENTER CORPORATION,Health Facility,Ambulatory Surgical Clinic,clinic,Private,1,1,CITY OF CALOOCAN,CALOOCAN,BARANGAY 174,,0,1.5,0,Licensing Status:With License
DOH000000000012457,NORTHVILLE I HEALTH CENTER,Health Facility,Rural Health Unit,rhu,Government,0,0,CITY OF VALENZUELA,VALENZUELA,BIGNAY,,0,1.5,0,
DOH000000000012462,NORTHVILLE II HEALTH CENTER,Health Facility,Rural Health Unit,rhu,Government,0,0,CITY OF VALENZUELA,VALENZUELA,BIGNAY,,0,1.5,0,
DOH000000000049742,"NOTRE DAME MEDICO DENTAL CLINICS, INC.",Health Facility,Drug Testing Laboratory,laboratory,Private,1,1,MALATE,MANILA,BARANGAY 708,Screening (Drug testing),0,1.0,0,Licensing Status:With License
DOH000000000049743,NOVA DRUG TESTING LABORATORY,Health Facility,Drug Testing Laboratory,laboratory,Private,1,1,QUEZON CITY,QUEZON CITY,FAIRVIEW,,0,1.0,0,Licensing Status:With License
DOH000000000044343,NOVAGEN EYE CENTER CO.,Health Facility,Ambulatory Surgical Clinic,clinic,Private,1,1,ERMITA,MANILA,BARANGAY 659,,0,1.5,0,Licensing Status:With License
DOH000000000044403,NOVAGEN EYE CENTER CO.,Health Facility,Ambulatory Surgical Clinic,clinic,Private,1,1,QUEZON CITY,QUEZON CITY,FAIRVIEW,,0,1.5,0,Licensing Status:With License
DOH000000000040766,NOVALICHES DEVELOPMENT COOPERATIVE (NOVADECI),Health Facility,Clinical Laboratory,clinic,Private,1,1,QUEZON CITY,QUEZON CITY,NOVALICHES PROPER,,0,1.5,0,Licensing Status:With License
DOH000000000007515,NOVALICHES DISTRICT HOSPITAL,Health Facility,Hospital,hospital,Government,0,1,QUEZON CITY,QUEZON CITY,SAN BARTOLOME,Level 1,1,2.5,30,Licensing Status:With License
DOH000000000007516,"NOVALICHES GENERAL HOSPITAL AND MEDICAL CENTER, INC.",Health Facility,Hospital,hospital,Private,1,1,QUEZON CITY,QUEZON CITY,GULOD,Level 2,2,3.0,60,Licensing Status:With License
DOH000000000046221,NOVAMED LYING IN AND MEDICAL CLINIC,Health Facility,Birthing Home,birthing,Private,1,1,QUEZON CITY,QUEZON CITY,NOVALICHES PROPER,,0,1.5,2,Licensing Status:With License
DOH000000000044214,NOVAVILLE SATELLITE CENTER,Health Facility,Barangay Health Station,bhs,Government,0,0,CITY OF CALOOCAN,CALOOCAN,BARANGAY 170,,0,1.5,0,
DOH000000000040426,NOVEJAS LYING-IN CLINIC,Health Facility,Birthing Home,birthing,Private,1,1,CITY OF TAGUIG,TAGUIG,CALZADA,,0,1.5,1,Licensing Status:With License
DOH000000000040726,NOVUS-RENALCARE,Health Facility,Dialysis Clinic,dialysis,Private,1,1,CITY OF MANDALUYONG,MANDALUYONG,HIGHWAY HILLS,,0,2.0,0,Licensing Status:With License
DOH000000000041004,NSY MEDICAL AND DIAGNOSTIC CENTER,Health Facility,Clinical Laboratory,clinic,Private,1,1,PACO,MANILA,BARANGAY 684,,0,1.5,0,Licensing Status:With License
DOH000000000041107,NUESTRA SEÑORA DEL BUENSUCESO POLYCLINIC &AMP; DIAGNOSTIC CENTER,Health Facility,Clinical Laboratory,clinic,Private,1,1,CITY OF PARA?AQUE,PARANAQUE,LA HUERTA,,0,1.5,0,Licensing Status:With License
DOH000000000054596,NUEVOLAB SERVICES INC.,Health Facility,Laboratory for Drinking Water Analysis,laboratory,Private,1,1,CITY OF VALENZUELA,VALENZUELA,MALANDAY,,0,1.0,0,Licensing Status:With License
DOH000000000049746,"O'CARE DIAGNOSTIC MEDICAL CENTER, INC.",Health Facility,Drug Testing Laboratory,laboratory,Private,1,1,PASAY CITY,PASAY,BARANGAY 49,Screening (Drug testing),0,1.0,0,Licensing Status:With License
DOH000000000046620,OAMCP MEDICAL CLINIC,Health Facility,Clinical Laboratory,clinic,Private,1,1,CITY OF MAKATI,MAKATI,GUADALUPE NUEVO,Level 1,1,2.5,0,Licensing Status:With License
DOH000000000050644,OB STATION PLUS BIRTHING SUITE AND WELLNESS CENTER,Health Facility,Birthing Home,birthing,Private,1,1,QUEZON CITY,QUEZON CITY,HOLY SPIRIT,,0,1.5,4,Licensing Status:With License
DOH000000000051658,OB-GYN/PLUS MEDICAL AND DIAGNOSTIC CENTER,Health Facility,Clinical Laboratory,clinic,Private,1,1,QUEZON CITY,QUEZON CITY,NORTH FAIRVIEW,,0,1.5,0,Licensing Status:With License
DOH000000000000875,OBLIZA HEALTH CENTER,Health Facility,Rural Health Unit,rhu,Government,0,0,CITY OF MAKATI,MAKATI,OLYMPIA,,0,1.5,0,
DOH000000000039210,OC TIAMZON DIAGNOSTIC CLINIC,Health Facility,Clinical Laboratory,clinic,Private,1,1,CITY OF LAS PI?AS,LAS PINAS,PULANG LUPA UNO,,0,1.5,0,Licensing Status:With License
DOH000000000040741,OCCUPATIONAL SAFETY AND HEALTH CENTER,Health Facility,Clinical Laboratory,clinic,Government,0,1,QUEZON CITY,QUEZON CITY,BAGONG PAG-ASA,,0,1.5,0,Licensing Status:With License
DOH000000000041579,OCTARINE DIALYSIS CENTER,Health Facility,Dialysis Clinic,dialysis,Private,1,1,QUEZON CITY,QUEZON CITY,FAIRVIEW,,0,2.0,0,Licensing Status:With License
DOH000000000048181,"OCW MEDICAL CLINIC, INC.",Health Facility,Medical Facility for Overseas Workers & Seafarers,other,Private,1,1,PACO,MANILA,BARANGAY 676,,0,1.0,0,Licensing Status:With License
DOH000000000048690,OFFICE OF THE VICE PRESIDENT,Health Facility,Ambulance Service Provider,ambulance,Government,0,1,QUEZON CITY,QUEZON CITY,MARIANA,,0,0.5,0,Licensing Status:With License
DOH000000000048239,"OLAYN MEDICAL LABORATORY, INC.",Health Facility,Medical Facility for Overseas Workers & Seafarers,other,Private,1,1,MALATE,MANILA,BARANGAY 727,,0,1.0,0,Licensing Status:With License
DOH000000000005406,OLD BALARA HEALTH CENTER,Health Facility,Rural Health Unit,rhu,Government,0,0,QUEZON CITY,QUEZON CITY,MATANDANG BALARA,Level 1,1,2.5,0,
DOH000000000011889,OLD LOWER BICUTAN HEALTH CENTER,Health Facility,Rural Health Unit,rhu,Government,0,0,CITY OF TAGUIG,TAGUIG,LOWER BICUTAN,,0,1.5,0,
DOH000000000042899,OLGA MATERNITY CARE CLINIC AND LYING-IN,Health Facility,Birthing Home,birthing,Private,1,1,CITY OF CALOOCAN,CALOOCAN,BARANGAY 178,,0,1.5,1,Licensing Status:With License
DOH000000000002174,"OLIVAREZ GENERAL HOSPITAL, INC.",Health Facility,Hospital,hospital,Private,1,1,CITY OF PARA?AQUE,PARANAQUE,SAN DIONISIO,Level 1,1,2.5,50,Licensing Status:With License
DOH000000000039160,OLYMPUS MEDICAL AND DIAGNOSTIC CLINIC,Health Facility,Clinical Laboratory,clinic,Private,1,1,CITY OF CALOOCAN,CALOOCAN,BARANGAY 18,Level 1,1,2.5,0,Licensing Status:With License
DOH000000000049750,OLYMPUS MEDICAL AND DIAGNOSTIC LABORATORY,Health Facility,Drug Testing Laboratory,laboratory,Private,1,1,CITY OF CALOOCAN,CALOOCAN,BARANGAY 18,Screening (Drug testing),0,1.0,0,Licensing Status:With License
DOH000000000053174,OMNICARE MEDICAL AND DIAGNOSTIC CENTER,Health Facility,Clinical Laboratory,clinic,Private,1,1,SANTA CRUZ,MANILA,BARANGAY 353,,0,1.5,0,Licensing Status:With License
DOH000000000051157,ON TARGET HEALTHCARE AND DIAGNOSTICS,Health Facility,Medical Facility for Overseas Workers & Seafarers,other,Private,1,1,MALATE,MANILA,BARANGAY 699,,0,1.0,0,Licensing Status:With License
DOH000000000054212,ONE DIALYSIS CENTER,Health Facility,Dialysis Clinic,dialysis,Private,1,1,CITY OF MALABON,MALABON,TA?ONG (POB.),,0,2.0,0,Licensing Status:With License
DOH000000000051041,ONE DIALYSIS CENTER,Health Facility,Dialysis Clinic,dialysis,Private,1,1,CITY OF MARIKINA,MARIKINA,SANTO NI?O,,0,2.0,0,Licensing Status:With License
DOH000000000051904,ONE DIALYSIS CENTER,Health Facility,Dialysis Clinic,dialysis,Private,1,1,QUEZON CITY,QUEZON CITY,BAHAY TORO,,0,2.0,0,Licensing Status:With License
DOH000000000052121,ONE DIALYSIS CENTER - ANNEX,Health Facility,Dialysis Clinic,dialysis,Private,1,1,CITY OF MARIKINA,MARIKINA,SANTO NI?O,,0,2.0,0,Licensing Status:With License
DOH000000000049751,ONE HEALTH MEDICAL SERVICES INC.,Health Facility,Drug Testing Laboratory,laboratory,Private,1,1,PASAY CITY,PASAY,BARANGAY 184,Screening (Drug testing),0,1.0,0,Licensing Status:With License
DOH000000000048240,"ONE HEALTH MEDICAL SERVICES, INC.",Health Facility,Medical Facility for Overseas Workers & Seafarers,other,Private,1,1,PASAY CITY,PASAY,BARANGAY 184,,0,1.0,0,Licensing Status:With License
DOH000000000054049,ONE WORLD SURGERY CENTER,Health Facility,Ambulatory Surgical Clinic,clinic,Private,1,1,QUEZON CITY,QUEZON CITY,PINYAHAN,,0,1.5,0,Licensing Status:With License
DOH000000000040375,ONE-RAD MEDICAL AND X-RAY CLINIC,Health Facility,Clinical Laboratory,clinic,Private,1,1,QUEZON CITY,QUEZON CITY,COMMONWEALTH,,0,1.5,0,Licensing Status:With License
DOH000000000053386,ONEHEALTH MEDICAL LABORATORY INC.,Health Facility,Medical Facility for Overseas Workers & Seafarers,other,Private,1,1,MALATE,MANILA,BARANGAY 693,,0,1.0,0,Licensing Status:With License
DOH000000000006108,ONSE HEALTH CENTER,Health Facility,Rural Health Unit,rhu,Government,0,0,CITY OF SAN JUAN,SAN JUAN,ONSE,,0,1.5,0,
DOH000000000046473,"OPHTHALMOLOGICAL FOUNDATION OF THE PHILS., INC. (OFPHIL)",Health Facility,Ambulatory Surgical Clinic,clinic,Private,1,1,CITY OF SAN JUAN,SAN JUAN,PEDRO CRUZ,,0,1.5,0,Licensing Status:With License
DOH000000000039299,"OPTICARE DIAGNOSTICS LAB, INC.",Health Facility,Clinical Laboratory,clinic,Private,1,1,CITY OF MAKATI,MAKATI,POBLACION,,0,1.5,0,Licensing Status:With License
DOH000000000039303,OPTIMACARE MEDICAL AND DIAGNOSTICS CENTER INC.,Health Facility,Clinical Laboratory,clinic,Private,1,1,CITY OF MALABON,MALABON,BARITAN,Level 3,3,4.0,0,Licensing Status:With License
DOH000000000041049,OPTIMAL LABORATORIES AND HEALTH SERVICES,Health Facility,Clinical Laboratory,clinic,Private,1,1,CITY OF PASIG,PASIG,MANGGAHAN,,0,1.5,0,Licensing Status:With License
DOH000000000007299,ORANBO HEALTH CENTER,Health Facility,Rural Health Unit,rhu,Government,0,1,CITY OF PASIG,PASIG,ORANBO,,0,1.5,0,Licensing Status:With License
DOH000000000039206,ORIOCARE LABORATORY CLINIC,Health Facility,Clinical Laboratory,clinic,Private,1,1,CITY OF LAS PI?AS,LAS PINAS,TALON TRES,Level 1,1,2.5,0,Licensing Status:With License
DOH000000000005830,OSPITAL NG MAKATI,Health Facility,Hospital,hospital,Government,0,1,CITY OF TAGUIG,TAGUIG,PEMBO,Level 3,3,4.0,300,Licensing Status:With License
DOH000000000035563,OSPITAL NG MALABON,Health Facility,Hospital,hospital,Government,0,1,CITY OF MALABON,MALABON,TA?ONG (POB.),Level 1,1,2.5,34,Licensing Status:With License
DOH000000000003498,OSPITAL NG MAYNILA MEDICAL CENTER,Health Facility,Hospital,hospital,Government,0,1,MALATE,MANILA,BARANGAY 700,Level 3,3,4.0,300,Licensing Status:With License
DOH000000000003499,OSPITAL NG MUNTINLUPA,Health Facility,Hospital,hospital,Government,0,1,CITY OF MUNTINLUPA,MUNTINLUPA,ALABANG,Level 3,3,4.0,206,Licensing Status:With License
DOH000000000002995,OSPITAL NG PARAÑAQUE,Health Facility,Hospital,hospital,Government,0,1,CITY OF PARA?AQUE,PARANAQUE,LA HUERTA,Level 1,1,2.5,83,Licensing Status:With License
DOH000000000045739,OSPITAL NG PARAÑAQUE DISTRICT II,Health Facility,Hospital,hospital,Government,0,1,CITY OF PARA?AQUE,PARANAQUE,DON BOSCO,Level 1,1,2.5,70,Licensing Status:With License
DOH000000000003500,OSPITAL NG SAMPALOC,Health Facility,Hospital,hospital,Government,0,1,SAMPALOC,MANILA,BARANGAY 449,Level 1,1,2.5,50,Licensing Status:With License
DOH000000000006888,OSPITAL NG TONDO,Health Facility,Hospital,hospital,Government,0,1,TONDO I/II,MANILA,BARANGAY 215,Level 1,1,2.5,50,Licensing Status:With License
DOH000000000043717,OUR DIALYSIS CENTER OPC,Health Facility,Dialysis Clinic,dialysis,Private,1,1,CITY OF MANDALUYONG,MANDALUYONG,WACK-WACK GREENHILLS,,0,2.0,0,Licensing Status:With License
DOH000000000005484,"OUR LADY OF GRACE HOSPITAL, INC.",Health Facility,Hospital,hospital,Private,1,1,CITY OF CALOOCAN,CALOOCAN,BARANGAY 61,Level 1,1,2.5,28,Licensing Status:With License
DOH000000000012505,OUR LADY OF LOURDES HOSPITAL,Health Facility,Hospital,hospital,Private,1,1,SAMPALOC,MANILA,BARANGAY 606,Level 3,3,4.0,230,Licensing Status:With License
DOH000000000040559,OUR MOTHER OF PIAT MEDICAL-MATERNITY &AMP; LYING-IN CLINIC,Health Facility,Birthing Home,birthing,Private,1,1,TONDO I/II,MANILA,BARANGAY 184,,0,1.5,4,Licensing Status:With License
DOH000000000048241,OWM INC. (ONE WORLD MEDICAL),Health Facility,Medical Facility for Overseas Workers & Seafarers,other,Private,1,1,ERMITA,MANILA,BARANGAY 661,,0,1.0,0,Licensing Status:With License
DOH000000000004582,"P. GONZALES MEMORIAL HOSPITAL, INC.",Health Facility,Infirmary,infirmary,Private,1,1,CITY OF MARIKINA,MARIKINA,MALANDAY,,0,2.5,8,Licensing Status:With License
DOH000000000051833,P. LARRAZABAL EYE CLINIC,Health Facility,Ambulatory Surgical Clinic,clinic,Private,1,1,PASAY CITY,PASAY,BARANGAY 76,,0,1.5,0,Licensing Status:With License
DOH000000000040428,P.A.S. LYING-IN CLINIC,Health Facility,Birthing Home,birthing,Private,1,1,CITY OF MARIKINA,MARIKINA,JESUS DE LA PE?A,,0,1.5,2,Licensing Status:With License
DOH000000000049754,PACIFIC GLOBAL MEDICAL CENTER,Health Facility,Drug Testing Laboratory,laboratory,Private,1,1,QUEZON CITY,QUEZON CITY,TALIPAPA,Screening (Drug testing),0,1.0,0,Licensing Status:With License
DOH000000000029741,"PACIFIC GLOBAL MEDICAL CENTER, INC.",Health Facility,Hospital,hospital,Private,1,1,QUEZON CITY,QUEZON CITY,TALIPAPA,Level 2,2,3.0,100,Licensing Status:With License
DOH000000000005183,PACO HEALTH CENTER,Health Facility,Rural Health Unit,rhu,Government,0,1,PACO,MANILA,BARANGAY 682,,0,1.5,0,Licensing Status:With License
DOH000000000012518,PAG-ASA HEALTH CENTER,Health Facility,Rural Health Unit,rhu,Government,0,0,CITY OF MANDALUYONG,MANDALUYONG,PAG-ASA,,0,1.5,0,
DOH000000000041296,PAGHUBASAN BIRTHING HOME,Health Facility,Birthing Home,birthing,Private,1,1,CITY OF MARIKINA,MARIKINA,FORTUNE,,0,1.5,1,Licensing Status:With License
DOH000000000052064,PALANAN EYE &AMP; SURGICAL CENTER OPC,Health Facility,Ambulatory Surgical Clinic,clinic,Private,1,1,CITY OF MAKATI,MAKATI,PALANAN,,0,1.5,0,Licensing Status:With License
DOH000000000000878,PALANAN HEALTH CENTER,Health Facility,Rural Health Unit,rhu,Government,0,1,CITY OF MAKATI,MAKATI,PALANAN,,0,1.5,0,Licensing Status:With License
DOH000000000040856,PALANAN SATELLITE LABORATORY,Health Facility,Clinical Laboratory,clinic,Government,0,1,CITY OF MAKATI,MAKATI,PALANAN,,0,1.5,0,Licensing Status:With License
DOH000000000012528,PALAR HEALTH STATION,Health Facility,Rural Health Unit,rhu,Government,0,0,CITY OF TAGUIG,TAGUIG,WESTERN BICUTAN,,0,1.5,0,
DOH000000000006913,PALASAN HEALTH CENTER,Health Facility,Rural Health Unit,rhu,Government,0,0,CITY OF VALENZUELA,VALENZUELA,PALASAN,,0,1.5,0,
DOH000000000003023,PALATIW HEALTH CENTER,Health Facility,Rural Health Unit,rhu,Government,0,1,CITY OF PASIG,PASIG,PALATIW,,0,1.5,0,Licensing Status:With License
DOH000000000037054,PALATIW HEALTH CENTER II,Health Facility,Rural Health Unit,rhu,Government,0,1,CITY OF PASIG,PASIG,PALATIW,,0,1.5,0,Licensing Status:With License
DOH000000000003053,PALINGON HEALTH CENTER,Health Facility,Rural Health Unit,rhu,Government,0,0,CITY OF TAGUIG,TAGUIG,PALINGON,,0,1.5,0,
DOH000000000005831,PALOMAR HEALTH CENTER,Health Facility,Rural Health Unit,rhu,Government,0,1,TONDO I/II,MANILA,BARANGAY 259,,0,1.5,0,Licensing Status:With License
DOH000000000004151,PALTOC HEALTH CENTER,Health Facility,Rural Health Unit,rhu,Government,0,1,SAMPALOC,MANILA,BARANGAY 421,,0,1.5,0,Licensing Status:With License
DOH000000000007276,PALTOK HEALTH CENTER,Health Facility,Rural Health Unit,rhu,Government,0,1,QUEZON CITY,QUEZON CITY,PALTOK,,0,1.5,0,Licensing Status:With License
DOH000000000040692,PAMA LYING-IN CLINIC,Health Facility,Birthing Home,birthing,Private,1,1,CITY OF TAGUIG,TAGUIG,WESTERN BICUTAN,,0,1.5,1,Licensing Status:With License
DOH000000000047808,PAMPLONA HOSPITAL AND MEDICAL CENTER INC.,Health Facility,Hospital,hospital,Private,1,1,CITY OF LAS PI?AS,LAS PINAS,PAMPLONA UNO,Level 2,2,3.0,48,Licensing Status:With License
DOH000000000012551,PAMPLONA I HEALTH CENTER,Health Facility,Rural Health Unit,rhu,Government,0,0,CITY OF LAS PI?AS,LAS PINAS,PAMPLONA UNO,,0,1.5,0,
DOH000000000003113,PAMPLONA II HEALTH CENTER,Health Facility,Rural Health Unit,rhu,Government,0,0,CITY OF LAS PI?AS,LAS PINAS,PAMPLONA DOS,,0,1.5,0,
DOH000000000000928,PAMPLONA III HEALTH CENTER,Health Facility,Rural Health Unit,rhu,Government,0,0,CITY OF LAS PI?AS,LAS PINAS,PAMPLONA TRES,,0,1.5,0,
DOH000000000027927,PANGARAP HEALTH CENTER,Health Facility,Rural Health Unit,rhu,Government,0,0,CITY OF CALOOCAN,CALOOCAN,BARANGAY 182,,0,1.5,0,
DOH000000000007274,PANGHULO HEALTH CENTER,Health Facility,Rural Health Unit,rhu,Government,0,0,CITY OF MALABON,MALABON,PANGHULO,,0,1.5,0,
DOH000000000053049,PANMED MEDICAL AND LABORATORY SERVICES,Health Facility,Clinical Laboratory,clinic,Private,1,1,QUEZON CITY,QUEZON CITY,KALIGAYAHAN,,0,1.5,0,Licensing Status:With License
DOH000000000001925,PANSOL HEALTH CENTER,Health Facility,Rural Health Unit,rhu,Government,0,1,QUEZON CITY,QUEZON CITY,PANSOL,,0,1.5,0,Licensing Status:With License
DOH000000000000879,PARADA 3S HEALTH CENTER,Health Facility,Rural Health Unit,rhu,Government,0,0,CITY OF VALENZUELA,VALENZUELA,PARADA,,0,1.5,0,
DOH000000000054588,PARAGON MEDICAL DIAGNOSTIC AND SURGICENTER,Health Facility,Ambulatory Surgical Clinic,clinic,Private,1,1,CITY OF MALABON,MALABON,TINAJEROS,,0,1.5,0,Licensing Status:With License
DOH000000000009099,PARANAQUE CITY HEALTH OFFICE,Health Facility,City Health Office,other,Government,0,0,CITY OF PARA?AQUE,PARANAQUE,SAN ANTONIO,,0,1.0,0,
DOH000000000007461,PARANG HEALTH CENTER,Health Facility,Rural Health Unit,rhu,Government,0,1,CITY OF MARIKINA,MARIKINA,PARANG,,0,1.5,0,Licensing Status:With License
DOH000000000053034,PARAÑAQUE CITY CLINICAL AND DRUG TESTING LABORATORY,Health Facility,Clinical Laboratory,clinic,Private,1,1,CITY OF PARA?AQUE,PARANAQUE,SAN ANTONIO,,0,1.5,0,Licensing Status:With License
DOH000000000054577,PARAÑAQUE HEALTH EMERGENCY MANAGEMENT SERVICE,Health Facility,Ambulance Service Provider,ambulance,Government,0,1,CITY OF PARA?AQUE,PARANAQUE,SAN ANTONIO,,0,0.5,0,Licensing Status:With License
DOH000000000033803,PARAÑAQUE SOCIAL HYGIENE CLINIC AND WELLNESS CENTER,Health Facility,Social Hygiene Clinic,clinic,Government,0,0,CITY OF PARA?AQUE,PARANAQUE,SAN ANTONIO,,0,1.5,0,
DOH000000000049755,"PARAÑAQUE ULTRASOUND DIAGNOSTIC CENTER, INC",Health Facility,Drug Testing Laboratory,laboratory,Private,1,1,CITY OF PARA?AQUE,PARANAQUE,BACLARAN,Screening (Drug testing),0,1.0,0,Licensing Status:With License
DOH000000000041083,"PARAÑAQUE ULTRASOUND DIAGNOSTIC CENTER, INC. - BACLARAN",Health Facility,Clinical Laboratory,clinic,Private,1,1,CITY OF PARA?AQUE,PARANAQUE,BACLARAN,,0,1.5,0,Licensing Status:With License
DOH000000000041096,"PARAÑAQUE ULTRASOUND DIAGNOSTIC CENTER, INC. - DON GALO",Health Facility,Clinical Laboratory,clinic,Private,1,1,CITY OF PARA?AQUE,PARANAQUE,DON GALO,,0,1.5,0,Licensing Status:With License
DOH000000000051651,"PARAÑAQUE ULTRASOUND DIAGNOSTIC CENTER, INC. - LA BUENA BLDG",Health Facility,Clinical Laboratory,clinic,Private,1,1,CITY OF PARA?AQUE,PARANAQUE,SAN ISIDRO,,0,1.5,0,Licensing Status:With License
DOH000000000012576,PARKLAND HEALTH CENTER,Health Facility,Rural Health Unit,rhu,Government,0,0,CITY OF CALOOCAN,CALOOCAN,BARANGAY 177,,0,1.5,0,
DOH000000000024037,PAROLA HEALTH CENTER,Health Facility,Rural Health Unit,rhu,Government,0,1,TONDO I/II,MANILA,BARANGAY 20,,0,1.5,0,Licensing Status:With License
DOH000000000040703,PARONG-ANGELES LYING-IN CLINIC,Health Facility,Birthing Home,birthing,Private,1,1,CITY OF TAGUIG,TAGUIG,LOWER BICUTAN,,0,1.5,10,Licensing Status:With License
DOH000000000001485,PASADENA HEALTH STATION,Health Facility,Barangay Health Station,bhs,Government,0,0,CITY OF SAN JUAN,SAN JUAN,PASADE?A,,0,1.5,0,
DOH000000000000699,PASAY CITY GENERAL HOSPITAL,Health Facility,Hospital,hospital,Government,0,1,PASAY CITY,PASAY,BARANGAY 60,Level 3,3,4.0,150,Licensing Status:With License
DOH000000000033709,PASAY CITY HEALTH OFFICE,Health Facility,City Health Office,other,Government,0,0,PASAY CITY,PASAY,BARANGAY 70,,0,1.0,0,Licensing Status:Without License
DOH000000000041123,PASAY DOCTOR'S POLYCLINIC &AMP; DIAGNOSTIC,Health Facility,Clinical Laboratory,clinic,Private,1,1,PASAY CITY,PASAY,BARANGAY 93,,0,1.5,0,Licensing Status:With License
DOH000000000039852,PASCIFIC INC.,Health Facility,Clinical Laboratory,clinic,Private,1,1,CITY OF MAKATI,MAKATI,POBLACION,,0,1.5,0,Licensing Status:With License
DOH000000000003302,PASCUAL GENERAL HOSPITAL,Health Facility,Infirmary,infirmary,Private,1,1,QUEZON CITY,QUEZON CITY,BAESA,,0,2.5,12,Licensing Status:With License
DOH000000000033232,PASCUAL GENTLE HANDS MATERNITY CLINIC,Health Facility,Birthing Home,birthing,Private,1,1,QUEZON CITY,QUEZON CITY,BAGBAG,,0,1.5,1,Licensing Status:With License
DOH000000000054684,PASIG CITY CHILDREN'S HOSPITAL - CHILD'S HOPE,Health Facility,Clinical Laboratory for Molecular Pathology,clinic,Government,0,1,CITY OF PASIG,PASIG,KAPASIGAN,,0,1.5,0,Licensing Status:With License
DOH000000000029735,PASIG CITY CHILDREN'S HOSPITAL CHILD'S HOPE,Health Facility,Hospital,hospital,Government,0,1,CITY OF PASIG,PASIG,KAPASIGAN,Level 2,2,3.0,64,Licensing Status:With License
DOH000000000041029,PASIG CITY CLINICAL LABORATORY,Health Facility,Clinical Laboratory,clinic,Government,0,1,CITY OF PASIG,PASIG,SAN NICOLAS (POB.),,0,1.5,0,Licensing Status:With License
DOH000000000049758,PASIG CITY DRUG TESTING LABORATORY,Health Facility,Drug Testing Laboratory,laboratory,Government,0,1,CITY OF PASIG,PASIG,SAN NICOLAS (POB.),Screening (Drug testing),0,1.0,0,Licensing Status:With License
DOH000000000000700,PASIG CITY GENERAL HOSPITAL,Health Facility,Hospital,hospital,Government,0,1,CITY OF PASIG,PASIG,MAYBUNGA,Level 3,3,4.0,200,Licensing Status:With License
DOH000000000022947,PASIG CITY HEALTH OFFICE/CENTER,Health Facility,City Health Office,other,Government,0,0,CITY OF PASIG,PASIG,SAN NICOLAS (POB.),,0,1.0,0,Licensing Status:Without License
DOH000000000041970,PASIG CITY HEMODIALYSIS CENTER,Health Facility,Dialysis Clinic,dialysis,Private,1,1,CITY OF PASIG,PASIG,SAN NICOLAS (POB.),,0,2.0,0,Licensing Status:With License
DOH000000000033208,PASIG CITY MATERNITY CLINIC AND FAMILY WELLNESS CENTER,Health Facility,Birthing Home,birthing,Government,0,1,CITY OF PASIG,PASIG,SAN NICOLAS (POB.),,0,1.5,8,Licensing Status:With License
DOH000000000049759,PASIG DOCTORS MEDICAL CENTER INC.,Health Facility,Drug Testing Laboratory,laboratory,Private,1,1,CITY OF PASIG,PASIG,MANGGAHAN,Screening (Drug testing),0,1.0,0,Licensing Status:With License
DOH000000000035564,"PASIG DOCTORS MEDICAL CENTER, INC.",Health Facility,Hospital,hospital,Private,1,1,CITY OF PASIG,PASIG,MANGGAHAN,Level 2,2,3.0,66,Licensing Status:With License
DOH000000000033708,PASIG SOCIAL HYGIENE CLINIC,Health Facility,Social Hygiene Clinic,clinic,Government,0,0,CITY OF PASIG,PASIG,SAN NICOLAS (POB.),,0,1.5,0,
DOH000000000003755,PASO DE BLAS 3S HEALTH CENTER,Health Facility,Rural Health Unit,rhu,Government,0,0,CITY OF VALENZUELA,VALENZUELA,PASO DE BLAS,,0,1.5,0,
DOH000000000022800,PASO DE BLAS LYING-IN CLINIC,Health Facility,Birthing Home,birthing,Government,0,1,CITY OF VALENZUELA,VALENZUELA,PASO DE BLAS,,0,1.5,3,Licensing Status:With License
DOH000000000002007,PASOLO HEALTH CENTER,Health Facility,Rural Health Unit,rhu,Government,0,0,CITY OF VALENZUELA,VALENZUELA,PASOLO,,0,1.5,0,
DOH000000000048847,PASSION HEALTHCARE PHILS INC.,Health Facility,Dialysis Clinic,dialysis,Private,1,1,BINONDO,MANILA,BARANGAY 288,,0,2.0,0,Licensing Status:With License
DOH000000000050597,PASSION HEALTHCARE PHILS INC.,Health Facility,Dialysis Clinic,dialysis,Private,1,1,QUEZON CITY,QUEZON CITY,U.P. CAMPUS,,0,2.0,0,Licensing Status:With License
DOH000000000039259,PATIENT FIRST HOSPITAL CORPORATION,Health Facility,Clinical Laboratory,clinic,Private,1,1,CITY OF MAKATI,MAKATI,SAN LORENZO,,0,1.5,0,Licensing Status:With License
DOH000000000049760,PATIENT FIRST HOSPITAL CORPORATION,Health Facility,Drug Testing Laboratory,laboratory,Private,1,1,QUEZON CITY,QUEZON CITY,SIKATUNA VILLAGE,Screening (Drug testing),0,1.0,0,Licensing Status:With License
DOH000000000051632,PATIENT FIRST MEDICAL CLINIC AND DIAGNOSTICS CENTER CORPORATION,Health Facility,Clinical Laboratory,clinic,Private,1,1,CITY OF MAKATI,MAKATI,PIO DEL PILAR,,0,1.5,0,Licensing Status:With License
DOH000000000040845,PATIENT FIRST MEDICAL CLINIC AND DIAGNOSTICS CENTER CORPORATION,Health Facility,Clinical Laboratory,clinic,Private,1,1,QUEZON CITY,QUEZON CITY,SIKATUNA VILLAGE,,0,1.5,0,Licensing Status:With License
DOH000000000049761,PATIENT'S CHOICE MEDICAL &AMP; INDUSTRIAL LABORATORY,Health Facility,Drug Testing Laboratory,laboratory,Private,1,1,CITY OF MANDALUYONG,MANDALUYONG,PLAINVIEW,Screening (Drug testing),0,1.0,0,Licensing Status:With License
DOH000000000041052,PATIENT'S CHOICE MEDICAL &AMP; INDUSTRIAL LABORATORY - PASIG,Health Facility,Clinical Laboratory,clinic,Private,1,1,CITY OF PASIG,PASIG,MANGGAHAN,,0,1.5,0,Licensing Status:With License
DOH000000000039337,PATIENT'S CHOICE MEDICAL &AMP; INDUSTRIAL LABORATORY-MANDALUYONG,Health Facility,Clinical Laboratory,clinic,Private,1,1,CITY OF MANDALUYONG,MANDALUYONG,PLAINVIEW,Level 2,2,3.0,0,Licensing Status:With License
DOH000000000053048,PATIENTFOCUS DIAGNOSTIC LABORATORY AND MEDICAL CENTER CORP.,Health Facility,Clinical Laboratory,clinic,Private,1,1,CITY OF PASIG,PASIG,SANTOLAN,,0,1.5,0,Licensing Status:With License
DOH000000000033193,PAUL JESUS MIDWIFE CLINIC,Health Facility,Birthing Home,birthing,Private,1,1,CITY OF PARA?AQUE,PARANAQUE,SAN ISIDRO,,0,1.5,5,Licensing Status:With License
DOH000000000040914,PAULO ANGELO LABORATORY SERVICES,Health Facility,Clinical Laboratory,clinic,Private,1,1,CITY OF TAGUIG,TAGUIG,SOUTH SIGNAL VILLAGE,,0,1.5,0,Licensing Status:With License
DOH000000000007146,PAYATAS A HEALTH CENTER,Health Facility,Rural Health Unit,rhu,Government,0,0,QUEZON CITY,QUEZON CITY,PAYATAS,,0,1.5,0,
DOH000000000000102,PAYATAS B HEALTH CENTER,Health Facility,Rural Health Unit,rhu,Government,0,0,QUEZON CITY,QUEZON CITY,PAYATAS,Level 1,1,2.5,0,
DOH000000000007265,PAYATAS SUPER HEALTH CENTER,Health Facility,Rural Health Unit,rhu,Government,0,0,QUEZON CITY,QUEZON CITY,PAYATAS,,0,1.5,0,
DOH000000000049762,PCGH SCREENING DRUGTESTING LABORATORY,Health Facility,Drug Testing Laboratory,laboratory,Government,0,1,CITY OF PASIG,PASIG,MAYBUNGA,Screening (Drug testing),0,1.0,0,Licensing Status:With License
DOH000000000054144,PCRMED INC.,Health Facility,Clinical Laboratory,clinic,Private,1,1,CITY OF MAKATI,MAKATI,SAN ISIDRO,,0,1.5,0,Licensing Status:With License
DOH000000000040700,PEDREGOSA LYING-IN CLINIC,Health Facility,Birthing Home,birthing,Private,1,1,CITY OF TAGUIG,TAGUIG,SOUTH SIGNAL VILLAGE,,0,1.5,5,Licensing Status:With License
DOH000000000001470,PEDRO CRUZ HEALTH CENTER,Health Facility,Rural Health Unit,rhu,Government,0,0,CITY OF SAN JUAN,SAN JUAN,PEDRO CRUZ,,0,1.5,0,
DOH000000000005342,PEDRO GIL HEALTH CENTER,Health Facility,Rural Health Unit,rhu,Government,0,1,SANTA ANA,MANILA,BARANGAY 803,,0,1.5,0,Licensing Status:With License
DOH000000000001346,PEMBO HEALTH CENTER,Health Facility,Rural Health Unit,rhu,Government,0,0,CITY OF TAGUIG,TAGUIG,PEMBO,,0,1.5,0,
DOH000000000041590,PENTAGON DIALYSIS CENTER CORP.,Health Facility,Dialysis Clinic,dialysis,Private,1,1,QUEZON CITY,QUEZON CITY,MAHARLIKA,,0,2.0,0,Licensing Status:With License
DOH000000000041589,"PEOPLE'S CENTER FOR HEMODIALYSIS CARE, INC.",Health Facility,Dialysis Clinic,dialysis,Private,1,1,QUEZON CITY,QUEZON CITY,KALIGAYAHAN,,0,2.0,0,Licensing Status:With License
DOH000000000000200,PEOPLE'S HEALTH CENTER,Health Facility,Rural Health Unit,rhu,Government,0,0,CITY OF MANDALUYONG,MANDALUYONG,HULO,,0,1.5,0,
DOH000000000041295,PEOPLE'S LYING IN CLINIC,Health Facility,Birthing Home,birthing,Government,0,1,CITY OF MANDALUYONG,MANDALUYONG,HULO,,0,1.5,4,Licensing Status:With License
DOH000000000045319,PEREGRINE EYE &AMP; LASER INSTITUTE CORP.,Health Facility,Ambulatory Surgical Clinic,clinic,Private,1,1,CITY OF MAKATI,MAKATI,BEL-AIR,,0,1.5,0,Licensing Status:With License
DOH000000000040961,PEREZ - RIVERA DIAGNOSTIC CLINIC CO.,Health Facility,Clinical Laboratory,clinic,Private,1,1,CITY OF VALENZUELA,VALENZUELA,PASO DE BLAS,,0,1.5,0,Licensing Status:With License
DOH000000000046409,"PERFECT SKIN AND BEAUTY SOLUTIONS, INC.",Health Facility,Ambulatory Surgical Clinic,clinic,Private,1,1,PASAY CITY,PASAY,BARANGAY 76,,0,1.5,0,Licensing Status:With License
DOH000000000044405,"PERFECTSIGHT, INC.",Health Facility,Ambulatory Surgical Clinic,clinic,Private,1,1,QUEZON CITY,QUEZON CITY,BAGONG PAG-ASA,,0,1.5,0,Licensing Status:With License
DOH000000000044429,PERPETUAL HELP STONE AND PROSTATE CENTER,Health Facility,Ambulatory Surgical Clinic,clinic,Private,1,1,CITY OF LAS PI?AS,LAS PINAS,PAMPLONA TRES,,0,1.5,0,Licensing Status:With License
DOH000000000000711,"PERPETUAL SUCCOR HOSPITAL &AMP; MATERNITY, INC.",Health Facility,Hospital,hospital,Private,1,1,SAMPALOC,MANILA,BARANGAY 457,Level 1,1,2.5,65,Licensing Status:With License
DOH000000000029745,PHASE 2 AREA 1 HEALTH CENTER,Health Facility,Rural Health Unit,rhu,Government,0,0,CITY OF NAVOTAS,NAVOTAS,NBBS KAUNLARAN,,0,1.5,0,
DOH000000000044212,PHASE 3 SATELLITE CENTER,Health Facility,Barangay Health Station,bhs,Government,0,0,CITY OF CALOOCAN,CALOOCAN,BARANGAY 176-A,,0,1.5,0,
DOH000000000044213,PHASE 4 SATELLITE CENTER,Health Facility,Barangay Health Station,bhs,Government,0,0,CITY OF CALOOCAN,CALOOCAN,BARANGAY 176-A,,0,1.5,0,
DOH000000000044211,PHASE 7B SATELLITE CENTER,Health Facility,Barangay Health Station,bhs,Government,0,0,CITY OF CALOOCAN,CALOOCAN,BARANGAY 176-A,,0,1.5,0,
DOH000000000044210,PHASE 8A SATELLITE CENTER,Health Facility,Barangay Health Station,bhs,Government,0,0,CITY OF CALOOCAN,CALOOCAN,BARANGAY 176-A,,0,1.5,0,
DOH000000000049488,PHI SANTE DIAGNOSTICS PRIVATE INC.,Health Facility,Medical Facility for Overseas Workers & Seafarers,other,Private,1,1,QUEZON CITY,QUEZON CITY,SANTA TERESITA,Regular Medical Facility (Overseas workers & Seafarers),0,1.0,0,Licensing Status:With License
DOH000000000049764,"PHILHEALTHCARE, INC.",Health Facility,Drug Testing Laboratory,laboratory,Private,1,1,CITY OF MAKATI,MAKATI,SAN LORENZO,Screening (Drug testing),0,1.0,0,Licensing Status:With License
DOH000000000041119,"PHILHEALTHCARE, INC. - MOA",Health Facility,Clinical Laboratory,clinic,Private,1,1,PASAY CITY,PASAY,BARANGAY 76,,0,1.5,0,Licensing Status:With License
DOH000000000039242,"PHILHEALTHCARE, INC.-MAKATI",Health Facility,Clinical Laboratory,clinic,Private,1,1,CITY OF MAKATI,MAKATI,SAN LORENZO,,0,1.5,0,Licensing Status:With License
DOH000000000049765,"PHILHEALTHCARE,INC",Health Facility,Drug Testing Laboratory,laboratory,Private,1,1,PASAY CITY,PASAY,BARANGAY 76,Screening (Drug testing),0,1.0,0,Licensing Status:With License
DOH000000000041290,"PHILIPPINE AIRLINES, INC.",Health Facility,Clinical Laboratory,clinic,Private,1,1,PASAY CITY,PASAY,BARANGAY 183,,0,1.5,0,Licensing Status:With License
DOH000000000041114,PHILIPPINE AIRPORT DIAGNOSTIC LABORATORY,Health Facility,Clinical Laboratory,clinic,Private,1,1,PASAY CITY,PASAY,BARANGAY 191,,0,1.5,0,Licensing Status:With License
DOH000000000044407,PHILIPPINE BAND OF MERCY,Health Facility,Ambulatory Surgical Clinic,clinic,Private,1,1,QUEZON CITY,QUEZON CITY,PINYAHAN,,0,1.5,0,Licensing Status:With License
DOH000000000044556,PHILIPPINE BLOOD CENTER,Health Facility,Blood Service Facility,other,Private,1,1,QUEZON CITY,QUEZON CITY,CENTRAL,,0,1.0,0,Licensing Status:With License
DOH000000000046416,PHILIPPINE CENTER FOR ASSISTED REPRODUCTION INC.,Health Facility,Ambulatory Surgical Clinic,clinic,Private,1,1,CITY OF PASIG,PASIG,SAN ANTONIO,,0,1.5,0,Licensing Status:With License
DOH000000000000713,PHILIPPINE CHILDREN'S MEDICAL CENTER,Health Facility,Hospital,hospital,Government,0,1,QUEZON CITY,QUEZON CITY,BAGONG PAG-ASA,Level 3,3,4.0,200,Licensing Status:With License
DOH000000000000714,PHILIPPINE HEART CENTER,Health Facility,Hospital,hospital,Government,0,1,QUEZON CITY,QUEZON CITY,CENTRAL,Level 3,3,4.0,574,Licensing Status:With License
DOH000000000051943,PHILIPPINE HEART CENTER (BUCAS PUSO),Health Facility,Bagong Urgent Care and Ambulatory Service,other,Government,0,0,QUEZON CITY,QUEZON CITY,CENTRAL,,0,1.0,0,
DOH000000000047466,PHILIPPINE INSTITUTE OF PURE AND APPLIED CHEMISTRY,Health Facility,Laboratory for Drinking Water Analysis,laboratory,Private,1,1,QUEZON CITY,QUEZON CITY,LOYOLA HEIGHTS,,0,1.0,0,Licensing Status:With License
DOH000000000048243,PHILIPPINE MEDICAL DIAGNOSTICS &AMP; LABORATORY CENTER CORPORATION,Health Facility,Medical Facility for Overseas Workers & Seafarers,other,Private,1,1,MALATE,MANILA,BARANGAY 692,,0,1.0,0,Licensing Status:With License
DOH000000000049768,PHILIPPINE MEDICAL DIAGNOSTICS AND LABORATORY CENTER CORPORATION,Health Facility,Drug Testing Laboratory,laboratory,Private,1,1,MALATE,MANILA,BARANGAY 692,Screening (Drug testing),0,1.0,0,Licensing Status:With License
DOH000000000040120,PHILIPPINE MEDICAL DIAGNOSTICS AND LABORATORY CENTER CORPORATION (PHILMED),Health Facility,COVID-19 Testing Laboratory,laboratory,Private,1,1,MALATE,MANILA,BARANGAY 692,,0,1.0,0,Licensing Status:With License
DOH000000000048355,PHILIPPINE MEDICAL TEST SYSTEM,Health Facility,Medical Facility for Overseas Workers & Seafarers,other,Private,1,1,QUEZON CITY,QUEZON CITY,BAGONG PAG-ASA,,0,1.0,0,Licensing Status:With License
DOH000000000049769,PHILIPPINE MEDICAL TESTS SYSTEM,Health Facility,Drug Testing Laboratory,laboratory,Private,1,1,QUEZON CITY,QUEZON CITY,BAGONG PAG-ASA,Screening (Drug testing),0,1.0,0,Licensing Status:With License
DOH000000000051014,PHILIPPINE NATIONAL RED CROSS - PASAY CITY CHAPTER,Health Facility,Blood Service Facility,other,Private,1,1,PASAY CITY,PASAY,BARANGAY 113,Blood Collection Unit / Blood Station,0,1.0,0,Licensing Status:With License
DOH000000000044347,PHILIPPINE ONCOLOGY CENTER CORPORATION,Health Facility,Ambulatory Surgical Clinic,clinic,Private,1,1,ERMITA,MANILA,BARANGAY 660-A,,0,1.5,0,Licensing Status:With License
DOH000000000041492,PHILIPPINE ONCOLOGY CENTER CORPORATION,Health Facility,Ambulatory Surgical Clinic,clinic,Private,1,1,QUEZON CITY,QUEZON CITY,FAIRVIEW,,0,1.5,0,Licensing Status:With License
DOH000000000051811,PHILIPPINE ONCOLOGY CENTER CORPORATION - ERMITA,Health Facility,Cancer Treatment Facility,other,Private,1,1,ERMITA,MANILA,BARANGAY 670,,0,2.0,0,Licensing Status:With License
DOH000000000051821,PHILIPPINE ONCOLOGY CENTER CORPORATION - WEST FAIRVIEW,Health Facility,Cancer Treatment Facility,other,Private,1,1,QUEZON CITY,QUEZON CITY,FAIRVIEW,,0,2.0,0,Licensing Status:With License
DOH000000000000715,PHILIPPINE ORTHOPEDIC CENTER,Health Facility,Hospital,hospital,Government,0,1,QUEZON CITY,QUEZON CITY,SANTA TERESITA,Level 3,3,4.0,700,Licensing Status:With License
DOH000000000043722,PHILIPPINE OVERSEAS WORKERS MEDICAL &AMP; DIAGNOSTIC CENTER INC.,Health Facility,Medical Facility for Overseas Workers & Seafarers,other,Private,1,1,CITY OF MANDALUYONG,MANDALUYONG,WACK-WACK GREENHILLS,,0,1.0,0,Licensing Status:With License
DOH000000000042095,PHILIPPINE RED CROSS,Health Facility,Dialysis Clinic,dialysis,Private,1,1,PORT AREA,MANILA,BARANGAY 653,,0,2.0,0,Licensing Status:With License
DOH000000000051018,PHILIPPINE RED CROSS - CALOOCAN CHAPTER,Health Facility,Blood Service Facility,other,Private,1,1,CITY OF CALOOCAN,CALOOCAN,BARANGAY 105,Blood Collection Unit,0,1.0,0,Licensing Status:With License
DOH000000000051015,PHILIPPINE RED CROSS - MAKATI BRANCH,Health Facility,Blood Service Facility,other,Private,1,1,CITY OF MAKATI,MAKATI,PALANAN,Blood Collection Unit,0,1.0,0,Licensing Status:With License
DOH000000000051019,PHILIPPINE RED CROSS - MALABON,Health Facility,Blood Service Facility,other,Private,1,1,CITY OF MALABON,MALABON,POTRERO,Blood Collection Unit,0,1.0,0,Licensing Status:With License
DOH000000000051016,PHILIPPINE RED CROSS - MARIKINA CHAPTER,Health Facility,Blood Service Facility,other,Private,1,1,CITY OF MARIKINA,MARIKINA,SANTO NI?O,,0,1.0,0,Licensing Status:With License
DOH000000000052049,PHILIPPINE RED CROSS - NATIONAL HEADQUARTERS,Health Facility,Ambulance Service Provider,ambulance,Private,1,1,CITY OF MANDALUYONG,MANDALUYONG,BARANGKA ILAYA,,0,0.5,0,Licensing Status:With License
DOH000000000044554,PHILIPPINE RED CROSS - RIZAL  CHAPTER,Health Facility,Blood Service Facility,other,Private,1,1,CITY OF PASIG,PASIG,KAPITOLYO,,0,1.0,0,Licensing Status:With License
DOH000000000045974,PHILIPPINE RED CROSS - VALENZUELA CITY CHAPTER,Health Facility,Blood Service Facility,other,Private,1,1,CITY OF VALENZUELA,VALENZUELA,MALINTA,Blood Collection Unit / Blood Station,0,1.0,0,Licensing Status:With License
DOH000000000039347,PHILIPPINE RED CROSS CLINICAL LABORATORY,Health Facility,Clinical Laboratory,clinic,Private,1,1,PORT AREA,MANILA,BARANGAY 652,Level 2,2,3.0,0,Licensing Status:With License
DOH000000000051017,PHILIPPINE RED CROSS MUNTINLUPA CITY CHAPTER,Health Facility,Blood Service Facility,other,Private,1,1,CITY OF MUNTINLUPA,MUNTINLUPA,ALABANG,Blood Collection Unit / Blood Station,0,1.0,0,Licensing Status:With License
DOH000000000044566,PHILIPPINE RED CROSS-QUEZON  CITY CHAPTER BLOOD CENTER,Health Facility,Blood Service Facility,other,Private,1,1,QUEZON CITY,QUEZON CITY,CENTRAL,,0,1.0,0,Licensing Status:With License
DOH000000000053047,"PHILIPPINE TUBERCULOSIS SOCIETY, INC.",Health Facility,Clinical Laboratory,clinic,Private,1,1,QUEZON CITY,QUEZON CITY,DO?A IMELDA,,0,1.5,0,Licensing Status:With License
DOH000000000054829,"PHILIPPINE UROLOGY CARE HUB, INC.",Health Facility,Ambulatory Surgical Clinic,clinic,Private,1,1,CITY OF CALOOCAN,CALOOCAN,BARANGAY 172,,0,1.5,0,Licensing Status:With License
DOH000000000049770,"PHILIPPINE-CHINESE CHARITABLE ASSOCIATION, INC.",Health Facility,Drug Testing Laboratory,laboratory,Private,1,1,SANTA CRUZ,MANILA,BARANGAY 376,Screening (Drug testing),0,1.0,0,Licensing Status:With License
DOH000000000049771,"PHYSICIANS DIAGNOSTIC SERVICES CENTER, INC.",Health Facility,Drug Testing Laboratory,laboratory,Private,1,1,ERMITA,MANILA,BARANGAY 659,Screening (Drug testing),0,1.0,0,Licensing Status:With License
DOH000000000048244,"PHYSICIANS' DIAGNOSTIC SERVICES CENTER, INC.",Health Facility,Medical Facility for Overseas Workers & Seafarers,other,Private,1,1,ERMITA,MANILA,BARANGAY 666,,0,1.0,0,Licensing Status:With License
DOH000000000004038,PILAR HEALTH CENTER,Health Facility,Rural Health Unit,rhu,Government,0,1,CITY OF LAS PI?AS,LAS PINAS,PILAR,,0,1.5,0,Licensing Status:With License
DOH000000000007667,PINAGBUHATAN HEALTH CENTER,Health Facility,Rural Health Unit,rhu,Government,0,0,CITY OF PASIG,PASIG,PINAGBUHATAN,,0,1.5,0,
DOH000000000006429,PINAGBUHATAN PUERICULTURE CENTER,Health Facility,Rural Health Unit,rhu,Government,0,1,CITY OF PASIG,PASIG,PINAGBUHATAN,,0,1.5,0,Licensing Status:With License
DOH000000000001464,PINAGKAISAHAN HEALTH CENTER,Health Facility,Rural Health Unit,rhu,Government,0,0,CITY OF MAKATI,MAKATI,PINAGKAISAHAN,,0,1.5,0,
DOH000000000029733,PINAGSAMA HEALTH CENTER,Health Facility,Rural Health Unit,rhu,Government,0,1,CITY OF TAGUIG,TAGUIG,PINAGSAMA,,0,1.5,0,Licensing Status:With License
DOH000000000003632,PINALAGAD HEALTH CENTER,Health Facility,Rural Health Unit,rhu,Government,0,0,CITY OF VALENZUELA,VALENZUELA,MALINTA,,0,1.5,0,
DOH000000000004889,PINEDA HEALTH CENTER,Health Facility,Rural Health Unit,rhu,Government,0,0,CITY OF PASIG,PASIG,PINEDA,,0,1.5,0,
DOH000000000049577,PINK-MDS LYING-IN CLINIC,Health Facility,Birthing Home,birthing,Private,1,1,CITY OF MARIKINA,MARIKINA,CONCEPCION UNO,,0,1.5,2,Licensing Status:With License
DOH000000000002556,PINYAHAN HEALTH CENTER,Health Facility,Rural Health Unit,rhu,Government,0,0,QUEZON CITY,QUEZON CITY,PINYAHAN,,0,1.5,0,
DOH000000000005021,PIO DEL PILAR PUERICULTURE CENTER,Health Facility,Rural Health Unit,rhu,Government,0,0,CITY OF MAKATI,MAKATI,PIO DEL PILAR,,0,1.5,0,
DOH000000000001505,PIO DEL PILAR RURAL HEALTH UNIT,Health Facility,Rural Health Unit,rhu,Government,0,0,CITY OF MAKATI,MAKATI,PIO DEL PILAR,,0,1.5,0,
DOH000000000002324,PITOGO HEALTH CENTER,Health Facility,Rural Health Unit,rhu,Government,0,1,CITY OF TAGUIG,TAGUIG,PITOGO,,0,1.5,0,Licensing Status:With License
DOH000000000043855,PITOGO SATELLITE LABORATORY,Health Facility,Clinical Laboratory,clinic,Government,0,1,CITY OF TAGUIG,TAGUIG,PITOGO,,0,1.5,0,Licensing Status:With License
DOH000000000039941,PLAINVIEW CUSTODIAL HOME,Health Facility,Psychiatric Care Facility,other,Private,1,1,CITY OF MANDALUYONG,MANDALUYONG,PLAINVIEW,,0,2.0,40,Licensing Status:With License
DOH000000000006850,PLAINVIEW HEALTH CENTER,Health Facility,Rural Health Unit,rhu,Government,0,1,CITY OF MANDALUYONG,MANDALUYONG,PLAINVIEW,,0,1.5,0,Licensing Status:With License
DOH000000000047473,"PLATINUM RESEARCH LABORATORY, INC.",Health Facility,Laboratory for Drinking Water Analysis,laboratory,Private,1,1,QUEZON CITY,QUEZON CITY,DIOQUINO ZOBEL,,0,1.0,0,Licensing Status:With License
DOH000000000005367,PLEASANT HILLS HEALTH CENTER AND LYING IN CLINIC,Health Facility,Rural Health Unit,rhu,Government,0,0,CITY OF MANDALUYONG,MANDALUYONG,PLEASANT HILLS,,0,1.5,0,
DOH000000000039280,PMP DIAGNOSTIC CENTER INC. - MAKATI,Health Facility,Clinical Laboratory,clinic,Private,1,1,CITY OF MAKATI,MAKATI,BEL-AIR,,0,1.5,0,Licensing Status:With License
DOH000000000040756,"PMP DIAGNOSTIC CENTER, INC. - MANILA",Health Facility,Clinical Laboratory,clinic,Private,1,1,MALATE,MANILA,BARANGAY 727,,0,1.5,0,Licensing Status:With License
DOH000000000053046,"PMP DIAGNOSTIC CENTER, INC. - TAGUIG CITY",Health Facility,Clinical Laboratory,clinic,Private,1,1,CITY OF TAGUIG,TAGUIG,WESTERN BICUTAN,,0,1.5,0,Licensing Status:With License
DOH000000000049772,PMP DRUG TESTING LABORATORY,Health Facility,Drug Testing Laboratory,laboratory,Private,1,1,ERMITA,MANILA,BARANGAY 660,Screening (Drug testing),0,1.0,0,Licensing Status:With License
DOH000000000003066,PNP GENERAL HOSPITAL,Health Facility,Hospital,hospital,Government,0,1,QUEZON CITY,QUEZON CITY,BAGONG LIPUNAN NG CRAME,Level 2,2,3.0,176,Licensing Status:With License
DOH000000000005407,POBLACION HEALTH CENTER,Health Facility,Rural Health Unit,rhu,Government,0,0,CITY OF MAKATI,MAKATI,POBLACION,,0,1.5,0,
DOH000000000003545,POBLACION HEALTH CENTER,Health Facility,Rural Health Unit,rhu,Government,0,0,CITY OF MANDALUYONG,MANDALUYONG,POBLACION,,0,1.5,0,
DOH000000000000881,POBLACION HEALTH CENTER,Health Facility,Rural Health Unit,rhu,Government,0,0,CITY OF MUNTINLUPA,MUNTINLUPA,POBLACION,,0,1.5,0,
DOH000000000049773,POLARES MEDICAL AND DIAGNOSTIC SERVICES,Health Facility,Drug Testing Laboratory,laboratory,Private,1,1,CITY OF PASIG,PASIG,CANIOGAN,Screening (Drug testing),0,1.0,0,Licensing Status:With License
DOH000000000003977,POLO HEALTH CENTER,Health Facility,Rural Health Unit,rhu,Government,0,0,CITY OF VALENZUELA,VALENZUELA,POBLACION,,0,1.5,0,
DOH000000000036046,POLO LYING-IN CLINIC,Health Facility,Birthing Home,birthing,Government,0,1,CITY OF VALENZUELA,VALENZUELA,PULO,,0,1.5,1,Licensing Status:With License
DOH000000000049774,POLY HEALTH PRACTICE CORPORATION,Health Facility,Drug Testing Laboratory,laboratory,Private,1,1,CITY OF MALABON,MALABON,CONCEPCION,Screening (Drug testing),0,1.0,0,Licensing Status:With License
DOH000000000039369,POLY MED MULTISPECIALTY CLINIC AND MEDICAL SERVICES INC.,Health Facility,Clinical Laboratory,clinic,Private,1,1,TONDO I/II,MANILA,BARANGAY 201,Level 1,1,2.5,0,Licensing Status:With License
DOH000000000039937,POLYHEALTH DIAGNOSTIC AND LABORATORY INC.,Health Facility,Clinical Laboratory,clinic,Private,1,1,CITY OF MALABON,MALABON,CONCEPCION,Level 2,2,3.0,0,Licensing Status:With License
DOH000000000043355,POPCOM FAMILY WELLNESS CLINIC,Health Facility,Ambulatory Surgical Clinic,clinic,Private,1,1,CITY OF MANDALUYONG,MANDALUYONG,ADDITION HILLS,,0,1.5,0,Licensing Status:With License
DOH000000000043234,POPCOM WAREHOUSE,Health Related Facility,Central Warehouse - Temperature Controlled,other,Private,1,0,CITY OF MANDALUYONG,MANDALUYONG,ADDITION HILLS,,0,1.0,0,
DOH000000000038397,POPE JOHN PAUL II HOSPITAL AND MEDICAL CENTER INC.,Health Facility,Hospital,hospital,Private,1,1,CITY OF LAS PI?AS,LAS PINAS,TALON TRES,Level 2,2,3.0,100,Licensing Status:With License
DOH000000000049775,"POPE JOHN PAUL II HOSPITAL AND MEDICAL CENTER, INC.",Health Facility,Drug Testing Laboratory,laboratory,Private,1,1,CITY OF LAS PI?AS,LAS PINAS,TALON UNO,Screening (Drug testing),0,1.0,0,Licensing Status:With License
DOH000000000054760,POTRERO SUPER HEALTH CENTER,Health Facility,Clinical Laboratory,clinic,Government,0,1,CITY OF MALABON,MALABON,POTRERO,,0,1.5,0,Licensing Status:With License
DOH000000000051293,"POWERLINK SECURITY AND INVESTIGATIVE SERVICES, INC.",Health Facility,Ambulance Service Provider,ambulance,Private,1,1,QUEZON CITY,QUEZON CITY,KAMUNING,,0,0.5,0,Licensing Status:With License
DOH000000000043376,PRC - NATIONAL BLOOD CENTER,Health Facility,Blood Service Facility,other,Private,1,1,CITY OF MANDALUYONG,MANDALUYONG,BARANGKA ILAYA,,0,1.0,0,Licensing Status:With License
DOH000000000044553,PRC - NATIONAL BLOOD CENTER  MANILA,Health Facility,Blood Service Facility,other,Private,1,1,PORT AREA,MANILA,BARANGAY 650,,0,1.0,0,Licensing Status:With License
DOH000000000045956,PRECIOUSHEART MATERNITY CLINIC,Health Facility,Birthing Home,birthing,Private,1,1,CITY OF MARIKINA,MARIKINA,MALANDAY,,0,1.5,2,Licensing Status:With License
DOH000000000049776,PRECISION MEDICAL SERVICES &AMP; DRUG TESTING LABORATORY,Health Facility,Drug Testing Laboratory,laboratory,Private,1,1,QUEZON CITY,QUEZON CITY,KAUNLARAN,Screening (Drug testing),0,1.0,0,Licensing Status:With License
DOH000000000046639,PREGGO LYING-IN,Health Facility,Birthing Home,birthing,Private,1,1,PASAY CITY,PASAY,BARANGAY 183,,0,1.5,2,Licensing Status:With License
DOH000000000050184,PREGGO LYING-IN CLINIC,Health Facility,Birthing Home,birthing,Private,1,1,QUEZON CITY,QUEZON CITY,VETERANS VILLAGE,,0,1.5,3,Licensing Status:With License
DOH000000000050096,PREMIER 101 HEALTHCARE MANAGEMENT INC.,Health Facility,Dialysis Clinic,dialysis,Private,1,1,CITY OF PASIG,PASIG,SAN MIGUEL,,0,2.0,0,Licensing Status:With License
DOH000000000049778,PREMIER 101 HEALTHCARE MANAGEMENT INC.,Health Facility,Drug Testing Laboratory,laboratory,Private,1,1,CITY OF VALENZUELA,VALENZUELA,KARUHATAN,Screening (Drug testing),0,1.0,0,Licensing Status:With License
DOH000000000041980,"PREMIER 101 HEALTHCARE MANAGEMENT, INC.",Health Facility,Dialysis Clinic,dialysis,Private,1,1,CITY OF VALENZUELA,VALENZUELA,KARUHATAN,,0,2.0,0,Licensing Status:With License
DOH000000000050095,"PREMIER 101 HEATHCARE MANAGEMENT, INC.",Health Facility,Dialysis Clinic,dialysis,Private,1,1,CITY OF PASIG,PASIG,SAN MIGUEL,,0,2.0,0,Licensing Status:With License
DOH000000000044410,"PREMIERE ENDOSCOPY CENTER, INC.",Health Facility,Ambulatory Surgical Clinic,clinic,Private,1,1,QUEZON CITY,QUEZON CITY,CENTRAL,,0,1.5,0,Licensing Status:With License
DOH000000000044356,"PREMIERE EYE DIAGNOSTIC AND TREATMENT CENTER, CORP.",Health Facility,Ambulatory Surgical Clinic,clinic,Private,1,1,ERMITA,MANILA,BARANGAY 667,,0,1.5,0,Licensing Status:With License
DOH000000000049779,PREMIERE MEDICAL AND CARDIOVASCULAR LABORATORY,Health Facility,Drug Testing Laboratory,laboratory,Private,1,1,CITY OF MARIKINA,MARIKINA,SAN ROQUE,Screening (Drug testing),0,1.0,0,Licensing Status:With License
DOH000000000054658,PREMIERE MEDICAL AND CARDIOVASCULAR LABORATORY,Health Facility,Clinical Laboratory,clinic,Private,1,1,CITY OF TAGUIG,TAGUIG,EAST REMBO,,0,1.5,0,Licensing Status:With License
DOH000000000049780,PREMIERE MEDICAL AND CARDIOVASCULAR LABORATORY INC.,Health Facility,Drug Testing Laboratory,laboratory,Private,1,1,QUEZON CITY,QUEZON CITY,CENTRAL,Screening (Drug testing),0,1.0,0,Licensing Status:With License
DOH000000000040753,"PREMIERE MEDICAL AND CARDIOVASCULAR LABORATORY, INC.",Health Facility,Clinical Laboratory,clinic,Private,1,1,QUEZON CITY,QUEZON CITY,CENTRAL,,0,1.5,0,Licensing Status:With License
DOH000000000051886,"PREMIERE RENAL CARE CENTER, INC.",Health Facility,Dialysis Clinic,dialysis,Private,1,1,QUEZON CITY,QUEZON CITY,CENTRAL,,0,2.0,0,Licensing Status:With License
DOH000000000012776,PRESIDENTIAL SECURITY COMMAND STATION HOSPITAL,Health Facility,Infirmary,infirmary,Government,0,1,SAN MIGUEL,MANILA,BARANGAY 638,,0,2.5,20,Licensing Status:With License
DOH000000000051379,PRESTIGE BIRTH AND BEYOND MEDICAL CORP.,Health Facility,Birthing Home,birthing,Private,1,1,QUEZON CITY,QUEZON CITY,CULIAT,,0,1.5,1,Licensing Status:With License
DOH000000000041094,PRIMA MEDICA HEALTH CLINIC,Health Facility,Clinical Laboratory,clinic,Private,1,1,CITY OF PARA?AQUE,PARANAQUE,SAN DIONISIO,,0,1.5,0,Licensing Status:With License
DOH000000000051390,PRIME CARE DIALYSIS CENTER,Health Facility,Dialysis Clinic,dialysis,Private,1,0,CITY OF CALOOCAN,CALOOCAN,BARANGAY 175,,0,2.0,0,
DOH000000000051699,"PRIME CARE MULTI-SPECIALTY HEALTH SYSTEMS, INC.",Health Facility,Clinical Laboratory,clinic,Private,1,1,CITY OF PARA?AQUE,PARANAQUE,DON BOSCO,,0,1.5,0,Licensing Status:With License
DOH000000000050694,PRIME DIAGNOSTIC MEDICAL INC.,Health Facility,Medical Facility for Overseas Workers & Seafarers,other,Private,1,1,ERMITA,MANILA,BARANGAY 666,Regular Medical Facility (Overseas workers & Seafarers),0,1.0,0,Licensing Status:With License
DOH000000000053523,PRIME DIALYSIS CENTER INC.,Health Facility,Dialysis Clinic,dialysis,Private,1,1,QUEZON CITY,QUEZON CITY,PINYAHAN,,0,2.0,0,Licensing Status:With License
DOH000000000043128,"PRIME DIALYSIS CENTER, INC.",Health Facility,Dialysis Clinic,dialysis,Private,1,1,CITY OF PASIG,PASIG,ROSARIO,,0,2.0,0,Licensing Status:With License
DOH000000000054680,"PRIME HOSPITAL AND MEDICAL CENTER-PASIG, INC.",Health Facility,Hospital,hospital,Private,1,1,CITY OF PASIG,PASIG,PINAGBUHATAN,Level 2,2,3.0,50,Licensing Status:With License
DOH000000000040888,PRIME LABORATORY CORP.,Health Facility,Clinical Laboratory,clinic,Private,1,1,CITY OF SAN JUAN,SAN JUAN,CORAZON DE JESUS,,0,1.5,0,Licensing Status:With License
DOH000000000054750,PRIMEDX INC.,Health Facility,Clinical Laboratory for Molecular Pathology,clinic,Private,1,1,CITY OF MARIKINA,MARIKINA,SANTA ELENA (POB.),,0,1.5,0,Licensing Status:With License
DOH000000000039152,"PRIMELAB, INC.",Health Facility,Clinical Laboratory,clinic,Private,1,1,CITY OF CALOOCAN,CALOOCAN,BARANGAY 107,Level 2,2,3.0,0,Licensing Status:With License
DOH000000000046621,PRIOHEALTHCARE DIAGNOSTIC INC.,Health Facility,Clinical Laboratory,clinic,Private,1,1,CITY OF TAGUIG,TAGUIG,TUKTUKAN,Level 1,1,2.5,0,Licensing Status:With License
DOH000000000054672,PRO SURGICARE,Health Facility,Ambulatory Surgical Clinic,clinic,Private,1,1,CITY OF PARA?AQUE,PARANAQUE,TAMBO,,0,1.5,0,Licensing Status:With License
DOH000000000048246,"PROBE POLYCLINIC AND DIAGNOSTIC CENTER, INC.",Health Facility,Medical Facility for Overseas Workers & Seafarers,other,Private,1,1,MALATE,MANILA,BARANGAY 701,,0,1.0,0,Licensing Status:With License
DOH000000000039269,PROBIO MEDCARE INCORPORATED - MAKATI,Health Facility,Clinical Laboratory,clinic,Private,1,1,CITY OF MAKATI,MAKATI,BANGKAL,,0,1.5,0,Licensing Status:With License
DOH000000000041098,PROBIO MEDCARE INCORPORATED - PARAÑAQUE,Health Facility,Clinical Laboratory,clinic,Private,1,1,CITY OF PARA?AQUE,PARANAQUE,B. F. HOMES,,0,1.5,0,Licensing Status:With License
DOH000000000054802,PROFERO MEDICAL INC.,Health Facility,Ambulatory Surgical Clinic,clinic,Private,1,1,QUEZON CITY,QUEZON CITY,WHITE PLAINS,,0,1.5,0,Licensing Status:With License
DOH000000000053044,PROFESSIONAL RESULTS LABORATORY AND MEDICAL CLINIC INC.,Health Facility,Clinical Laboratory,clinic,Private,1,1,QUEZON CITY,QUEZON CITY,E. RODRIGUEZ,,0,1.5,0,Licensing Status:With License
DOH000000000000883,PROGRESSO HEALTH STATION,Health Facility,Barangay Health Station,bhs,Government,0,0,CITY OF SAN JUAN,SAN JUAN,PROGRESO,,0,1.5,0,
DOH000000000051655,PROJECT 4 CLINICAL LABORATORY,Health Facility,Clinical Laboratory,clinic,Government,0,1,QUEZON CITY,QUEZON CITY,BAGUMBUHAY,,0,1.5,0,Licensing Status:With License
DOH000000000003925,PROJECT 4 HEALTH CENTER,Health Facility,Rural Health Unit,rhu,Government,0,0,QUEZON CITY,QUEZON CITY,BAGUMBUHAY,Level 1,1,2.5,0,
DOH000000000052440,PROJECT 6 ANIMAL BITE TREATMENT CENTER,Health Facility,Animal Bite Treatment Center,other,Government,0,0,QUEZON CITY,QUEZON CITY,PROJECT 6,,0,1.0,0,
DOH000000000007273,PROJECT 6 HEALTH CENTER,Health Facility,Rural Health Unit,rhu,Government,0,1,QUEZON CITY,QUEZON CITY,PROJECT 6,,0,1.5,0,Licensing Status:With License
DOH000000000007280,PROJECT 7 HEALTH CENTER,Health Facility,Rural Health Unit,rhu,Government,0,0,QUEZON CITY,QUEZON CITY,VETERANS VILLAGE,,0,1.5,0,
DOH000000000033694,PROJECT 7 SOCIAL HYGIENE CLINIC,Health Facility,Social Hygiene Clinic,clinic,Government,0,0,QUEZON CITY,QUEZON CITY,VETERANS VILLAGE,,0,1.5,0,
DOH000000000049782,PROLAB DIAGNOSTIC CENTER,Health Facility,Drug Testing Laboratory,laboratory,Private,1,1,CITY OF MUNTINLUPA,MUNTINLUPA,ALABANG,Screening (Drug testing),0,1.0,0,Licensing Status:With License
DOH000000000043864,PROLAB DIAGNOSTIC CENTER - MUNTINLUPA,Health Facility,Clinical Laboratory,clinic,Private,1,1,CITY OF MUNTINLUPA,MUNTINLUPA,ALABANG,,0,1.5,0,Licensing Status:With License
DOH000000000049783,PROLAB DIAGNOSTICS CO.,Health Facility,Drug Testing Laboratory,laboratory,Private,1,1,CITY OF MAKATI,MAKATI,PIO DEL PILAR,Screening (Drug testing),0,1.0,0,Licensing Status:With License
DOH000000000049784,PROLAB DIAGNOSTICS CO.,Health Facility,Drug Testing Laboratory,laboratory,Private,1,1,QUEZON CITY,QUEZON CITY,SOUTH TRIANGLE,Screening (Drug testing),0,1.0,0,Licensing Status:With License
DOH000000000039262,"PROLAB DIAGNOSTICS, CO. - MAKATI",Health Facility,Clinical Laboratory,clinic,Private,1,1,CITY OF MAKATI,MAKATI,PIO DEL PILAR,,0,1.5,0,Licensing Status:With License
DOH000000000040441,"PROLAB DIAGNOSTICS, CO. - QC",Health Facility,Clinical Laboratory,clinic,Private,1,1,QUEZON CITY,QUEZON CITY,SOUTH TRIANGLE,,0,1.5,0,Licensing Status:With License
DOH000000000033234,PROLIFE MIDWIFE CLINIC,Health Facility,Birthing Home,birthing,Private,1,1,QUEZON CITY,QUEZON CITY,PAYATAS,,0,1.5,1,Licensing Status:With License
DOH000000000043626,PROPER HEALTH CENTER,Health Facility,Barangay Health Station,bhs,Government,0,0,CITY OF NAVOTAS,NAVOTAS,NBBS PROPER,,0,1.5,0,
DOH000000000049785,"PROSPERITY MEDICAL CLINIC &AMP; LABORATORY, INC.",Health Facility,Drug Testing Laboratory,laboratory,Private,1,1,MALATE,MANILA,BARANGAY 708,Screening (Drug testing),0,1.0,0,Licensing Status:With License
DOH000000000048247,"PROSPERITY MEDICAL CLINIC AND LABORATORY, INC.",Health Facility,Medical Facility for Overseas Workers & Seafarers,other,Private,1,1,MALATE,MANILA,BARANGAY 692,,0,1.0,0,Licensing Status:With License
DOH000000000040988,"PROSPEROUS ABUNDANCE MEDICAL AND DIAGNOSTIC CLINIC, INC.",Health Facility,Clinical Laboratory,clinic,Private,1,1,CITY OF MUNTINLUPA,MUNTINLUPA,ALABANG,,0,1.5,0,Licensing Status:With License
DOH000000000000533,PROTACIO HEALTH,Health Facility,Medical Outpatient Clinic,clinic,Private,1,1,CITY OF PARA?AQUE,PARANAQUE,TAMBO,,0,1.5,20,Licensing Status:With License
DOH000000000032015,"PROVIDENCE HOSPITAL, INC.",Health Facility,Hospital,hospital,Private,1,1,QUEZON CITY,QUEZON CITY,WEST TRIANGLE,Level 2,2,3.0,75,Licensing Status:With License
DOH000000000041586,PROVIDENT MEDICAL HEALTH CARE &AMP; SERVICES INC.,Health Facility,Dialysis Clinic,dialysis,Private,1,1,QUEZON CITY,QUEZON CITY,SAINT PETER,,0,2.0,0,Licensing Status:With License
DOH000000000046427,"PROVISION EYE CARE NETWORK, INC.",Health Facility,Ambulatory Surgical Clinic,clinic,Private,1,1,CITY OF PASIG,PASIG,UGONG,,0,1.5,0,Licensing Status:With License
DOH000000000040033,PSG STATION HOSPITAL MOLECULAR LABORATORY,Health Facility,COVID-19 Testing Laboratory,laboratory,Government,0,1,SAN MIGUEL,MANILA,BARANGAY 638,,0,1.0,0,Licensing Status:With License
DOH000000000039553,PSYCHE HEALTH HOME CARE CLINIC,Health Facility,Psychiatric Care Facility,other,Private,1,1,CITY OF MANDALUYONG,MANDALUYONG,PLAINVIEW,,0,2.0,31,Licensing Status:With License
DOH000000000054164,PT ADHI KARYA (PERSERO) TBK,Health Related Facility,Ambulance Service Provider,ambulance,Private,1,1,SANTA CRUZ,MANILA,BARANGAY 350,,0,0.5,0,Licensing Status:With License
DOH000000000054165,PT ADHI KARYA (PERSERO) TBK - PHILIPPINE BRANCH,Health Related Facility,Ambulance Service Provider,ambulance,Private,1,1,CITY OF MUNTINLUPA,MUNTINLUPA,SUCAT,,0,0.5,0,Licensing Status:With License
DOH000000000046624,PUBLIC HEALTH LABORATORY - MANILA HEALTH DEPARTMENT,Health Facility,Clinical Laboratory,clinic,Government,0,1,SANTA CRUZ,MANILA,BARANGAY 339,Level 3,3,4.0,0,Licensing Status:With License
DOH000000000012903,PUGAD LAWIN HEALTH CENTER,Health Facility,Rural Health Unit,rhu,Government,0,0,CITY OF LAS PI?AS,LAS PINAS,ALMANZA DOS,,0,1.5,0,
DOH000000000004435,PULANG LUPA I HEALTH CENTER,Health Facility,Rural Health Unit,rhu,Government,0,0,CITY OF LAS PI?AS,LAS PINAS,PULANG LUPA UNO,,0,1.5,0,
DOH000000000003209,PULANG LUPA II HEALTH CENTER,Health Facility,Rural Health Unit,rhu,Government,0,0,CITY OF LAS PI?AS,LAS PINAS,PULANG LUPA DOS,,0,1.5,0,
DOH000000000000885,PUNTURIN 3S HEALTH CENTER,Health Facility,Rural Health Unit,rhu,Government,0,0,CITY OF VALENZUELA,VALENZUELA,PUNTURIN,,0,1.5,0,
DOH000000000005090,PUTATAN HEALTH CENTER (BAGONG LIPUNAN),Health Facility,Rural Health Unit,rhu,Government,0,0,CITY OF MUNTINLUPA,MUNTINLUPA,PUTATAN,,0,1.5,0,
DOH000000000035604,PUTATAN HEALTH CENTER ANNEX,Health Facility,Rural Health Unit,rhu,Government,0,0,CITY OF MUNTINLUPA,MUNTINLUPA,PUTATAN,,0,1.5,0,
DOH000000000053043,Q-IMAGO LABORATORY AND DIAGNOSTIC CENTER,Health Facility,Clinical Laboratory,clinic,Government,0,1,CITY OF MUNTINLUPA,MUNTINLUPA,ALABANG,,0,1.5,0,Licensing Status:With License
DOH000000000055109,QC NEW HOPE ADVANCED RENAL CARE CORP.,Health Facility,Dialysis Clinic,dialysis,Private,1,1,QUEZON CITY,QUEZON CITY,TATALON,,0,2.0,0,Licensing Status:With License
DOH000000000050581,QC NEW HOPE DIALYSIS CENTER INC,Health Facility,Dialysis Clinic,dialysis,Private,1,1,QUEZON CITY,QUEZON CITY,NORTH FAIRVIEW,,0,2.0,0,Licensing Status:With License
DOH000000000039589,QR MEDICAL LABORATORIES INC. (VITACARE),Health Facility,COVID-19 Testing Laboratory,laboratory,Private,1,1,CITY OF LAS PI?AS,LAS PINAS,PULANG LUPA UNO,,0,1.0,0,Licensing Status:With License
DOH000000000040839,"QUALI-CARE POLYCLINIC &AMP; LABORATORY, INC.",Health Facility,Clinical Laboratory,clinic,Private,1,1,CITY OF MARIKINA,MARIKINA,CONCEPCION UNO,,0,1.5,0,Licensing Status:With License
DOH000000000049787,"QUALI-CARE POLYCLINIC AND LABORATORY, INC.",Health Facility,Drug Testing Laboratory,laboratory,Private,1,1,CITY OF MARIKINA,MARIKINA,CONCEPCION UNO,Screening (Drug testing),0,1.0,0,Licensing Status:With License
DOH000000000047463,QUALIBET TESTING SERVICES CORPORATION,Health Facility,Laboratory for Drinking Water Analysis,laboratory,Private,1,1,QUEZON CITY,QUEZON CITY,VETERANS VILLAGE,,0,1.0,0,Licensing Status:With License
DOH000000000041005,QUALICARE DIAGNOSTIC LABORATORY &AMP; CLINICS CORP.,Health Facility,Clinical Laboratory,clinic,Private,1,1,BINONDO,MANILA,BARANGAY 289,,0,1.5,0,Licensing Status:With License
DOH000000000040821,QUALIMED HEALTH NETWORK - UPTC,Health Facility,Clinical Laboratory,clinic,Private,1,1,QUEZON CITY,QUEZON CITY,U.P. CAMPUS,,0,1.5,0,Licensing Status:With License
DOH000000000039666,QUALIMED SURGERY CENTER,Health Facility,Ambulatory Surgical Clinic,clinic,Private,1,1,ERMITA,MANILA,BARANGAY 670,,0,1.5,0,Licensing Status:With License
DOH000000000039223,QUALITECH DIAGNOSTIC AND MEDICAL SERVICES,Health Facility,Clinical Laboratory,clinic,Private,1,1,CITY OF LAS PI?AS,LAS PINAS,ALMANZA UNO,,0,1.5,0,Licensing Status:With License
DOH000000000045967,QUEENNS BIRTHING HOME,Health Facility,Birthing Home,birthing,Private,1,1,CITY OF CALOOCAN,CALOOCAN,BARANGAY 177,,0,1.5,3,Licensing Status:With License
DOH000000000040561,QUERUBIN MEDICAL AND MATERNITY CLINIC,Health Facility,Birthing Home,birthing,Private,1,1,PASAY CITY,PASAY,BARANGAY 178,,0,1.5,3,Licensing Status:With License
DOH000000000040813,QUEZON CITY DIAGNOSTIC CLINIC,Health Facility,Clinical Laboratory,clinic,Private,1,1,QUEZON CITY,QUEZON CITY,SOCORRO,,0,1.5,0,Licensing Status:With License
DOH000000000023545,QUEZON CITY DRUG TREATMENT AND REHABILITATION CENTER,Health Facility,Drug Abuse Treatment and Rehabilitation Centers,other,Government,0,1,QUEZON CITY,QUEZON CITY,PAYATAS,,0,1.0,300,Licensing Status:With License
DOH000000000004124,QUEZON CITY GENERAL HOSPITAL,Health Facility,Hospital,hospital,Government,0,1,QUEZON CITY,QUEZON CITY,BAHAY TORO,Level 3,3,4.0,250,Licensing Status:With License
DOH000000000023018,QUEZON CITY HEALTH DEPARTMENT,Health Facility,City Health Office,other,Government,0,0,QUEZON CITY,QUEZON CITY,CENTRAL,,0,1.0,0,Licensing Status:Without License
DOH000000000040412,QUEZON CITY HEALTH DEPARTMENT - MURPHY LYING IN CLINIC,Health Facility,Birthing Home,birthing,Government,0,1,QUEZON CITY,QUEZON CITY,SAN ROQUE,,0,1.5,10,Licensing Status:With License
DOH000000000040819,QUEZON CITY HEALTH DEPARTMENT CLINICAL LABORATORY,Health Facility,Clinical Laboratory,clinic,Government,0,1,QUEZON CITY,QUEZON CITY,PINYAHAN,,0,1.5,0,Licensing Status:With License
DOH000000000039590,QUEZON CITY MOLECULAR DIAGNOSTICS LABORATORY,Health Facility,COVID-19 Testing Laboratory,laboratory,Government,0,1,QUEZON CITY,QUEZON CITY,KRUS NA LIGAS,,0,1.0,0,Licensing Status:With License
DOH000000000054777,QUEZON CITY WATER TESTING LABORATORY,Health Facility,Laboratory for Drinking Water Analysis,laboratory,Government,0,1,QUEZON CITY,QUEZON CITY,CENTRAL,,0,1.0,0,Licensing Status:With License
DOH000000000000201,QUINTIN DE BORJA HEALTH CENTER,Health Facility,Rural Health Unit,rhu,Government,0,0,PATEROS,PATEROS,AGUHO,Level 1,1,2.5,0,
DOH000000000007520,QUIRINO MEMORIAL MEDICAL CENTER,Health Facility,Hospital,hospital,Government,0,1,QUEZON CITY,QUEZON CITY,MARILAG,Level 3,3,4.0,599,Licensing Status:With License
DOH000000000051956,QUIRINO MEMORIAL MEDICAL CENTER (QMMC BUCAS CENTER),Health Facility,Bagong Urgent Care and Ambulatory Service,other,Government,0,0,QUEZON CITY,QUEZON CITY,MARILAG,,0,1.0,0,
DOH000000000053042,R T A MEDICAL AND DIAGNOSTIC CLINIC,Health Facility,Clinical Laboratory,clinic,Private,1,1,PASAY CITY,PASAY,BARANGAY 83,,0,1.5,0,Licensing Status:With License
DOH000000000050177,R&AMP;K LYING-IN CLILNIC,Health Facility,Birthing Home,birthing,Private,1,1,CITY OF PARA?AQUE,PARANAQUE,B. F. HOMES,,0,1.5,1,Licensing Status:With License
DOH000000000039176,R.E. MALLARI CLINICAL DIAGNOSTIC LABORATORY,Health Facility,Clinical Laboratory,clinic,Private,1,1,CITY OF CALOOCAN,CALOOCAN,BARANGAY 86,Level 1,1,2.5,0,Licensing Status:With License
DOH000000000054414,R.G.O. LABORATORY &AMP; INDUSTRIAL DIAGNOSTIC CENTER INC.,Health Facility,Medical Facility for Overseas Workers & Seafarers,other,Private,1,1,CITY OF MAKATI,MAKATI,BANGKAL,,0,1.0,0,Licensing Status:With License
DOH000000000048111,"R.G.O. LABORATORY &AMP; INDUSTRIAL DIAGNOSTIC CENTER, INC.",Health Facility,Medical Facility for Overseas Workers & Seafarers,other,Private,1,1,CITY OF MAKATI,MAKATI,BANGKAL,,0,1.0,0,Licensing Status:With License
DOH000000000049792,"R.G.O. LABORATORY &AMP; INDUSTRIAL DIAGNOSTIC CENTER, INC.",Health Facility,Drug Testing Laboratory,laboratory,Private,1,1,CITY OF TAGUIG,TAGUIG,FORT BONIFACIO,Screening (Drug testing),0,1.0,0,Licensing Status:With License
DOH000000000049793,R.G.O. LABORATORY AND INDUSTRIAL DIAGNOSTIC CENTER INC.,Health Facility,Drug Testing Laboratory,laboratory,Private,1,1,CITY OF PARA?AQUE,PARANAQUE,TAMBO,Screening (Drug testing),0,1.0,0,Licensing Status:With License
DOH000000000042609,"R.G.O. LABORATORY AND INDUSTRIAL DIAGNOSTIC CENTER, INC.",Health Facility,Clinical Laboratory,clinic,Private,1,1,CITY OF PARA?AQUE,PARANAQUE,TAMBO,,0,1.5,0,Licensing Status:With License
DOH000000000040894,"R.G.O. LABORATORY AND INDUSTRIAL DIAGNOSTIC CENTER, INC. - PARAÑAQUE",Health Facility,Clinical Laboratory,clinic,Private,1,1,CITY OF PARA?AQUE,PARANAQUE,TAMBO,,0,1.5,0,Licensing Status:With License
DOH000000000033245,RAP BIRTHING HOME,Health Facility,Birthing Home,birthing,Private,1,1,CITY OF TAGUIG,TAGUIG,WESTERN BICUTAN,,0,1.5,1,Licensing Status:With License
DOH000000000049794,RAPID CARE MEDICAL CLINIC CORPORATION,Health Facility,Drug Testing Laboratory,laboratory,Private,1,1,MALATE,MANILA,BARANGAY 696,Screening (Drug testing),0,1.0,0,Licensing Status:With License
DOH000000000054761,REAL CARE LABORATORY &AMP; MEDICAL CLINIC,Health Facility,Clinical Laboratory,clinic,Private,1,1,CITY OF MARIKINA,MARIKINA,SANTO NI?O,,0,1.5,0,Licensing Status:With License
DOH000000000041014,REAL CARE LABORATORY AND MEDICAL CLINIC,Health Facility,Clinical Laboratory,clinic,Private,1,1,CITY OF PASIG,PASIG,MANGGAHAN,,0,1.5,0,Licensing Status:With License
DOH000000000039943,"REALITY BASED THERAPEUTIC COMMUNITY, INC.",Health Facility,Psychiatric Care Facility,other,Private,1,1,CITY OF MANDALUYONG,MANDALUYONG,NEW ZA?IGA,,0,2.0,20,Licensing Status:With License
DOH000000000034334,"RECUENCO GENERAL HOSPITAL, INC.",Health Facility,Hospital,hospital,Private,1,1,CITY OF TAGUIG,TAGUIG,NORTH SIGNAL VILLAGE,Level 1,1,2.5,12,Licensing Status:With License
DOH000000000041585,REGALADO KIDNEY CARE CENTER INC.,Health Facility,Dialysis Clinic,dialysis,Private,1,1,QUEZON CITY,QUEZON CITY,NOVALICHES PROPER,,0,2.0,0,Licensing Status:With License
DOH000000000054805,REGIONAL MEDICAL AND DENTAL UNIT - NATIONAL CAPITAL REGION - (RMDU-NCR) MEDICAL DISPENSARY,Health Facility,Rural Health Unit,rhu,Government,0,1,CITY OF TAGUIG,TAGUIG,LOWER BICUTAN,,0,1.5,0,Licensing Status:With License
DOH000000000053101,REGIONAL MEDICAL AND DENTAL UNTI NATIONAL CAPITAL REGION (RMDU NCR),Health Facility,Clinical Laboratory,clinic,Government,0,1,CITY OF TAGUIG,TAGUIG,LOWER BICUTAN,,0,1.5,0,Licensing Status:With License
DOH000000000054666,REMM'S DIAGNOSTICS CENTER,Health Facility,Clinical Laboratory,clinic,Private,1,1,PANDACAN,MANILA,BARANGAY 833,,0,1.5,0,Licensing Status:With License
DOH000000000042187,RENAL FRIENDLY DIALYSIS CENTER INC.,Health Facility,Dialysis Clinic,dialysis,Private,1,1,ERMITA,MANILA,BARANGAY 670,,0,2.0,0,Licensing Status:With License
DOH000000000054874,RENAL SUPPORT AND MULTISPECIALTY HUB CORPORATION,Health Facility,Dialysis Clinic,dialysis,Private,1,1,PASAY CITY,PASAY,BARANGAY 76,,0,2.0,0,Licensing Status:With License
DOH000000000041623,"RENAL THERAPY SOLUTIONS, INC.",Health Facility,Dialysis Clinic,dialysis,Private,1,1,CITY OF CALOOCAN,CALOOCAN,BARANGAY 87,,0,2.0,0,Licensing Status:With License
DOH000000000041640,"RENAL THERAPY SOLUTIONS, INC.",Health Facility,Dialysis Clinic,dialysis,Private,1,1,QUEZON CITY,QUEZON CITY,NAGKAISANG NAYON,,0,2.0,0,Licensing Status:With License
DOH000000000050453,RENALINK NEPHROLOGY CENTER,Health Facility,Dialysis Clinic,dialysis,Private,1,1,CITY OF MALABON,MALABON,TINAJEROS,,0,2.0,12,Licensing Status:With License
DOH000000000002232,RESEARCH INSTITUTE FOR TROPICAL MEDICINE,Health Facility,Hospital,hospital,Government,0,1,CITY OF MUNTINLUPA,MUNTINLUPA,ALABANG,Level 3,3,4.0,50,Licensing Status:With License
DOH000000000038972,"RESEARCH INSTITUTE FOR TROPICAL MEDICINE, INC. (RITM)",Health Facility,COVID-19 Testing Laboratory,laboratory,Government,0,1,CITY OF MUNTINLUPA,MUNTINLUPA,ALABANG,,0,1.0,0,Licensing Status:With License
DOH000000000040993,REYNA G. DIAGNOSTIC LABORATORY,Health Facility,Clinical Laboratory,clinic,Private,1,1,CITY OF NAVOTAS,NAVOTAS,NBBS KAUNLARAN,,0,1.5,0,Licensing Status:With License
DOH000000000039265,"RG MEDICAL CLINIC, INC.",Health Facility,Clinical Laboratory,clinic,Private,1,1,CITY OF MAKATI,MAKATI,BANGKAL,,0,1.5,0,Licensing Status:With License
DOH000000000041002,RICARDO B. SANTOS MEDICAL AND DIAGNOSTIC CENTER,Health Facility,Clinical Laboratory,clinic,Private,1,1,TONDO I/II,MANILA,BARANGAY 187,,0,1.5,0,Licensing Status:With License
DOH000000000040750,RIGHTLAB CORPORATION,Health Facility,Clinical Laboratory,clinic,Private,1,1,SANTA CRUZ,MANILA,BARANGAY 305,,0,1.5,0,Licensing Status:With License
DOH000000000003898,RINCON HEALTH CENTER,Health Facility,Rural Health Unit,rhu,Government,0,0,CITY OF VALENZUELA,VALENZUELA,RINCON,,0,1.5,0,
DOH000000000033191,RITCHIE R. OBLEPIAS LYING IN CLINIC,Health Facility,Birthing Home,birthing,Private,1,1,CITY OF NAVOTAS,NAVOTAS,NBBS KAUNLARAN,,0,1.5,7,Licensing Status:With License
DOH000000000051929,RIVER VALLEY EYE CENTER AND SPECIALTY CLINICS INC.,Health Facility,Ambulatory Surgical Clinic,clinic,Private,1,1,CITY OF MARIKINA,MARIKINA,SANTO NI?O,,0,1.5,0,Licensing Status:With License
DOH000000000045366,"RIVER VALLEY EYE CENTER AND SPECIALTY CLINICS, INC.",Health Facility,Ambulatory Surgical Clinic,clinic,Private,1,1,CITY OF MARIKINA,MARIKINA,SANTO NI?O,,0,1.5,0,Licensing Status:With License
DOH000000000046428,"RIVER VALLEY EYE CENTER AND SPECIALTY CLINICS, INC.",Health Facility,Ambulatory Surgical Clinic,clinic,Private,1,1,CITY OF PASIG,PASIG,BAGONG ILOG,,0,1.5,0,Licensing Status:With License
DOH000000000007291,RIVERA HEALTH STATION,Health Facility,Barangay Health Station,bhs,Government,0,0,CITY OF SAN JUAN,SAN JUAN,RIVERA,,0,1.5,0,
DOH000000000047002,RIVERBANKS DIAGNOSTIC AND MEDICAL HEALTH SERVICES,Health Facility,Clinical Laboratory,clinic,Private,1,1,CITY OF MARIKINA,MARIKINA,SANTO NI?O,,0,1.5,0,Licensing Status:With License
DOH000000000000828,RIZAL HEALTH CENTER,Health Facility,Rural Health Unit,rhu,Government,0,0,CITY OF TAGUIG,TAGUIG,RIZAL,,0,1.5,0,
DOH000000000000727,RIZAL MEDICAL CENTER,Health Facility,Hospital,hospital,Government,0,1,CITY OF PASIG,PASIG,BAGONG ILOG,Level 3,3,4.0,300,Licensing Status:With License
DOH000000000053084,RJR DEL ROSARIO MEDICAL CLINIC CO.,Health Facility,Clinical Laboratory,clinic,Private,1,1,CITY OF PASIG,PASIG,PINAGBUHATAN,,0,1.5,0,Licensing Status:With License
DOH000000000045965,RK SCAN CLINIC INC.,Health Facility,Clinical Laboratory,clinic,Private,1,1,QUEZON CITY,QUEZON CITY,FAIRVIEW,Level 1,1,2.5,0,Licensing Status:With License
DOH000000000040808,RLCT MULTISPECIALTY CLINIC CORPORATION,Health Facility,Clinical Laboratory,clinic,Private,1,1,QUEZON CITY,QUEZON CITY,NOVALICHES PROPER,,0,1.5,0,Licensing Status:With License
DOH000000000053083,RMED DIAGNOSTICS OPC,Health Facility,Clinical Laboratory,clinic,Private,1,1,QUEZON CITY,QUEZON CITY,TANDANG SORA,,0,1.5,0,Licensing Status:With License
DOH000000000039318,RMI MEDICAL AND DIAGNOSTIC CENTER,Health Facility,Clinical Laboratory,clinic,Private,1,1,CITY OF MALABON,MALABON,LONGOS,Level 1,1,2.5,0,Licensing Status:With License
DOH000000000040633,RMM WELL FAMILY CARE MIDWIFE CLINIC,Health Facility,Birthing Home,birthing,Private,1,1,CITY OF PARA?AQUE,PARANAQUE,SAN DIONISIO,,0,1.5,3,Licensing Status:With License
DOH000000000039701,RMSJ LABORATORY X-RAY AND ECG SERVICES,Health Facility,Clinical Laboratory,clinic,Private,1,1,CITY OF CALOOCAN,CALOOCAN,BARANGAY 176-A,Level 1,1,2.5,0,Licensing Status:With License
DOH000000000041101,RNG DIAGNOSTIC AND MEDICAL CLINIC,Health Facility,Clinical Laboratory,clinic,Private,1,1,CITY OF PARA?AQUE,PARANAQUE,SAN ANTONIO,,0,1.5,0,Licensing Status:With License
DOH000000000023546,ROADS AND BRIDGES TO RECOVERY,Health Facility,Drug Abuse Treatment and Rehabilitation Centers,other,Private,1,1,CITY OF PASIG,PASIG,MAYBUNGA,,0,1.0,100,Licensing Status:With License
DOH000000000049048,ROI RYMK EQUIPMENT RENTAL,Health Facility,Ambulance Service Provider,ambulance,Private,1,1,QUEZON CITY,QUEZON CITY,BAGBAG,,0,0.5,0,Licensing Status:With License
DOH000000000049046,RONIN EMS CORPORATION,Health Facility,Ambulance Service Provider,ambulance,Private,1,1,QUEZON CITY,QUEZON CITY,PASONG PUTIK PROPER,,0,0.5,0,Licensing Status:With License
DOH000000000033188,ROQUE BIRTHING CENTER,Health Facility,Birthing Home,birthing,Private,1,1,CITY OF MUNTINLUPA,MUNTINLUPA,SUCAT,,0,1.5,2,Licensing Status:With License
DOH000000000041058,ROQUE DIAGNOSTIC CENTER,Health Facility,Clinical Laboratory,clinic,Private,1,1,PATEROS,PATEROS,POBLACION,,0,1.5,0,Licensing Status:With License
DOH000000000037966,ROSARIO MACLANG BAUTISTA GENERAL HOSPITAL,Health Facility,Hospital,hospital,Government,0,1,QUEZON CITY,QUEZON CITY,BATASAN HILLS,Level 2,2,3.0,107,Licensing Status:With License
DOH000000000005279,ROSARIO REYES HEALTH CENTER,Health Facility,Rural Health Unit,rhu,Government,0,1,MALATE,MANILA,BARANGAY 702,,0,1.5,0,Licensing Status:With License
DOH000000000000888,ROSARIO SUPER HEALTH CENTER,Health Facility,Rural Health Unit,rhu,Government,0,1,CITY OF PASIG,PASIG,ROSARIO,,0,1.5,0,Licensing Status:With License
DOH000000000040707,ROSARIO VEGA LYING IN CLINIC,Health Facility,Birthing Home,birthing,Private,1,1,CITY OF TAGUIG,TAGUIG,LOWER BICUTAN,,0,1.5,2,Licensing Status:With License
DOH000000000040431,ROSE TAN LYING-IN CLINIC,Health Facility,Birthing Home,birthing,Private,1,1,PATEROS,PATEROS,MAGTANGGOL,,0,1.5,1,Licensing Status:With License
DOH000000000040625,ROSELA B. VILLASOR LYING-IN CLINIC,Health Facility,Birthing Home,birthing,Private,1,1,CITY OF PASIG,PASIG,BUTING,,0,1.5,1,Licensing Status:With License
DOH000000000043153,"ROTARY CLUB OF MUNTINLUPA - FILINVEST FOUNDATION, INC.",Health Facility,Birthing Home,birthing,Private,1,1,CITY OF MUNTINLUPA,MUNTINLUPA,POBLACION,,0,1.5,5,Licensing Status:With License
DOH000000000040595,ROUND THE CLOCK MOTHER AND CHILD CLINIC,Health Facility,Birthing Home,birthing,Private,1,1,QUEZON CITY,QUEZON CITY,TANDANG SORA,,0,1.5,1,Licensing Status:With License
DOH000000000007283,ROXAS HEALTH CENTER,Health Facility,Rural Health Unit,rhu,Government,0,1,QUEZON CITY,QUEZON CITY,ROXAS,,0,1.5,0,Licensing Status:With License
DOH000000000043232,ROYAL CARGO WAREHOUSE,Health Related Facility,Central Warehouse - Temperature Controlled,other,Private,1,0,CITY OF PARA?AQUE,PARANAQUE,SANTO NI?O,,0,1.0,0,
DOH000000000040416,RRM DIAGNOSTIC CENTER,Health Facility,Clinical Laboratory,clinic,Private,1,1,QUEZON CITY,QUEZON CITY,LOYOLA HEIGHTS,,0,1.5,0,Licensing Status:With License
DOH000000000040489,RSL DIAGNOSTIC LABORATORY,Health Facility,Clinical Laboratory,clinic,Private,1,1,QUEZON CITY,QUEZON CITY,EAST KAMIAS,,0,1.5,0,Licensing Status:With License
DOH000000000049801,RSS CITI HEALTH SERVICES,Health Facility,Drug Testing Laboratory,laboratory,Private,1,1,CITY OF PASIG,PASIG,CANIOGAN,Screening (Drug testing),0,1.0,0,Licensing Status:With License
DOH000000000040877,RSV POLYCLINIC &AMP; DIAGNOSTIC CENTER,Health Facility,Clinical Laboratory,clinic,Private,1,1,QUEZON CITY,QUEZON CITY,TANDANG SORA,,0,1.5,0,Licensing Status:With License
DOH000000000044411,"RUBRICS INTERNATIONAL HEALTH SERVICES, INC.",Health Facility,Ambulatory Surgical Clinic,clinic,Private,1,1,QUEZON CITY,QUEZON CITY,SACRED HEART,,0,1.5,0,Licensing Status:With License
DOH000000000051663,"RVB MEDICAL GROUP, INC.",Health Facility,Ambulatory Surgical Clinic,clinic,Private,1,1,CITY OF LAS PI?AS,LAS PINAS,PAMPLONA UNO,,0,1.5,0,Licensing Status:With License
DOH000000000033175,RYLA AND MICAH LYING IN CLINIC,Health Facility,Birthing Home,birthing,Private,1,1,CITY OF CALOOCAN,CALOOCAN,BARANGAY 186,,0,1.5,2,Licensing Status:With License
DOH000000000040508,S. V. EUGENIO PAANAKAN,Health Facility,Birthing Home,birthing,Private,1,1,CITY OF TAGUIG,TAGUIG,WESTERN BICUTAN,,0,1.5,3,Licensing Status:With License
DOH000000000049802,"S.M. LAZO MEDICAL CLINIC, INC.",Health Facility,Drug Testing Laboratory,laboratory,Private,1,1,MALATE,MANILA,BARANGAY 703,Screening (Drug testing),0,1.0,0,Licensing Status:With License
DOH000000000040448,S.V.B. LYING-IN CLINIC,Health Facility,Birthing Home,birthing,Private,1,1,PATEROS,PATEROS,SANTO ROSARIO-KANLURAN,,0,1.5,4,Licensing Status:With License
DOH000000000046429,SAA HEALTHCARE,Health Facility,Ambulatory Surgical Clinic,clinic,Private,1,1,CITY OF PASIG,PASIG,MAYBUNGA,,0,1.5,0,Licensing Status:With License
DOH000000000033180,SACRED ANGEL MATERNITY AND MEDICAL CLINIC,Health Facility,Birthing Home,birthing,Private,1,1,CITY OF CALOOCAN,CALOOCAN,BARANGAY 176-A,,0,1.5,3,Licensing Status:With License
DOH000000000048112,"SACRED HEART DIAGNOSTIC MEDICAL CENTER, INC.",Health Facility,Medical Facility for Overseas Workers & Seafarers,other,Private,1,1,CITY OF MAKATI,MAKATI,MAGALLANES,,0,1.0,0,Licensing Status:With License
DOH000000000034537,SAFE HAVEN HOME CARE & DRUG ABUSE TREATMENT & REHAB CENTER,Health Facility,Drug Abuse Treatment and Rehabilitation Centers,other,Private,1,1,CITY OF MARIKINA,MARIKINA,SAN ROQUE,,0,1.0,14,Licensing Status:With License
DOH000000000054633,SAFE WATER LABS,Health Facility,Laboratory for Drinking Water Analysis,laboratory,Private,1,1,PASAY CITY,PASAY,BARANGAY 84,,0,1.0,0,Licensing Status:With License
DOH000000000049804,SAFEGUARD DNA DIAGNOSTIC INC.,Health Facility,Drug Testing Laboratory,laboratory,Private,1,1,CITY OF MANDALUYONG,MANDALUYONG,WACK-WACK GREENHILLS,Screening (Drug testing),0,1.0,0,Licensing Status:With License
DOH000000000045508,SAFEGUARD DNA DIAGNOSTICS INC.,Health Facility,Clinical Laboratory,clinic,Private,1,1,CITY OF MANDALUYONG,MANDALUYONG,WACK-WACK GREENHILLS,Level 3,3,4.0,0,Licensing Status:With License
DOH000000000048251,"SAFEWAY DIAGNOSTICS &AMP; MEDICAL CLINIC, INC.",Health Facility,Medical Facility for Overseas Workers & Seafarers,other,Private,1,1,SAMPALOC,MANILA,BARANGAY 634,,0,1.0,0,Licensing Status:With License
DOH000000000049805,"SAFEWAY DIAGNOSTICS AND MEDICAL CLINIC, INC.",Health Facility,Drug Testing Laboratory,laboratory,Private,1,1,SAMPALOC,MANILA,BARANGAY 634,Screening (Drug testing),0,1.0,0,Licensing Status:With License
DOH000000000001466,SAGAD HEALTH CENTER,Health Facility,Rural Health Unit,rhu,Government,0,1,CITY OF PASIG,PASIG,SAGAD,,0,1.5,0,Licensing Status:With License
DOH000000000049806,"SAGRADA CORAZON MED. &AMP; ALLIED SERVICES CENTER, INC.",Health Facility,Drug Testing Laboratory,laboratory,Private,1,1,ERMITA,MANILA,BARANGAY 666,Screening (Drug testing),0,1.0,0,Licensing Status:With License
DOH000000000048255,"SAGRADA CORAZON MEDICAL &AMP; ALLIED SERVICES CENTER, INC.",Health Facility,Medical Facility for Overseas Workers & Seafarers,other,Private,1,1,ERMITA,MANILA,BARANGAY 667,,0,1.0,0,Licensing Status:With License
DOH000000000040383,SAINT BEGGA MATERNITY AND LYING-IN CLINIC,Health Facility,Birthing Home,birthing,Private,1,1,CITY OF CALOOCAN,CALOOCAN,BARANGAY 166,,0,1.5,1,Licensing Status:With License
DOH000000000053082,SAINT FAUSTA MEDICAL DIAGNOSTIC AND PHARMACY CO.,Health Facility,Clinical Laboratory,clinic,Private,1,1,CITY OF MALABON,MALABON,PANGHULO,,0,1.5,0,Licensing Status:With License
DOH000000000041637,SAINT MARGARET DIALYSIS AND DIAGNOSTIC CENTER,Health Facility,Dialysis Clinic,dialysis,Private,1,1,QUEZON CITY,QUEZON CITY,CENTRAL,,0,2.0,0,Licensing Status:With License
DOH000000000050193,SAINT MHARGARETTE BIRTHING HOME,Health Facility,Birthing Home,birthing,Private,1,1,CITY OF LAS PI?AS,LAS PINAS,B. F. INTERNATIONAL VILLAGE,,0,1.5,2,Licensing Status:With License
DOH000000000043860,SAINT THERESE HEALTH CARE DIAGNOSTIC CENTER MEDICAL LABORATORY,Health Facility,Clinical Laboratory,clinic,Private,1,1,SAMPALOC,MANILA,BARANGAY 602,,0,1.5,0,Licensing Status:With License
DOH000000000007035,SALAPAN HEALTH CENTER,Health Facility,Rural Health Unit,rhu,Government,0,0,CITY OF SAN JUAN,SAN JUAN,SALAPAN,,0,1.5,0,
DOH000000000002550,"SALVE REGINA GENERAL HOSPITAL, INC.",Health Facility,Hospital,hospital,Private,1,1,CITY OF PASIG,PASIG,DELA PAZ,Level 1,1,2.5,50,Licensing Status:With License
DOH000000000044259,SAMPALOC SITE II SATELITTE HEALTH CENTER,Health Facility,Barangay Health Station,bhs,Government,0,0,CITY OF PARA?AQUE,PARANAQUE,B. F. HOMES,,0,1.5,0,
DOH000000000027928,SAMPALUKAN HEALTH CENTER,Health Facility,Rural Health Unit,rhu,Government,0,0,CITY OF CALOOCAN,CALOOCAN,BARANGAY 24,,0,1.5,0,
DOH000000000050051,SAN  JOSE DIALYSIS CENTER,Health Facility,Dialysis Clinic,dialysis,Private,1,1,CITY OF MUNTINLUPA,MUNTINLUPA,ALABANG,,0,2.0,0,Licensing Status:With License
DOH000000000007290,SAN AGUSTIN HEALTH CENTER,Health Facility,Rural Health Unit,rhu,Government,0,0,CITY OF MALABON,MALABON,SAN AGUSTIN,,0,1.5,0,
DOH000000000027879,SAN ANDRES HEALTH CENTER,Health Facility,Rural Health Unit,rhu,Government,0,0,MALATE,MANILA,BARANGAY 738,,0,1.5,0,Licensing Status:Without License
DOH000000000001452,SAN ANTONIO HEALTH CENTER,Health Facility,Rural Health Unit,rhu,Government,0,0,CITY OF MAKATI,MAKATI,SAN ANTONIO,,0,1.5,0,
DOH000000000007300,SAN ANTONIO HEALTH CENTER,Health Facility,Rural Health Unit,rhu,Government,0,0,CITY OF PARA?AQUE,PARANAQUE,SAN ANTONIO,,0,1.5,0,
DOH000000000007287,SAN ANTONIO HEALTH CENTER,Health Facility,Rural Health Unit,rhu,Government,0,1,CITY OF PASIG,PASIG,SAN ANTONIO,,0,1.5,0,Licensing Status:With License
DOH000000000007279,SAN ANTONIO HEALTH CENTER,Health Facility,Rural Health Unit,rhu,Government,0,1,QUEZON CITY,QUEZON CITY,SAN ANTONIO,,0,1.5,0,Licensing Status:With License
DOH000000000016240,SAN ANTONIO VALLEY 8 HEALTH CENTER (SAV8),Health Facility,Barangay Health Station,bhs,Government,0,0,CITY OF PARA?AQUE,PARANAQUE,SAN ANTONIO,,0,1.5,0,
DOH000000000027923,SAN BARTOLOME HEALTH CENTER,Health Facility,Rural Health Unit,rhu,Government,0,0,QUEZON CITY,QUEZON CITY,SAN BARTOLOME,,0,1.5,0,
DOH000000000004710,SAN DIONISIO HEALTH CENTER,Health Facility,Rural Health Unit,rhu,Government,0,1,CITY OF PARA?AQUE,PARANAQUE,SAN DIONISIO,,0,1.5,0,Licensing Status:With License
DOH000000000050172,SAN FRANCISCO LYING-IN CLINIC,Health Facility,Birthing Home,birthing,Government,0,1,QUEZON CITY,QUEZON CITY,DAMAYAN,,0,1.5,12,Licensing Status:With License
DOH000000000013078,SAN FRANCISCO SUPER HEALTH CENTER,Health Facility,Rural Health Unit,rhu,Government,0,0,QUEZON CITY,QUEZON CITY,DAMAYAN,,0,1.5,0,
DOH000000000005582,SAN ISIDRO HEALTH CENTER,Health Facility,Rural Health Unit,rhu,Government,0,0,CITY OF MAKATI,MAKATI,SAN ISIDRO,,0,1.5,0,
DOH000000000001462,SAN ISIDRO HEALTH CENTER,Health Facility,Rural Health Unit,rhu,Government,0,0,CITY OF PARA?AQUE,PARANAQUE,SAN ISIDRO,,0,1.5,0,
DOH000000000003571,SAN ISIDRO HEALTH CENTER,Health Facility,Rural Health Unit,rhu,Government,0,1,PASAY CITY,PASAY,BARANGAY 48,,0,1.5,0,Licensing Status:With License
DOH000000000007297,SAN JOAQUIN HEALTH CENTER,Health Facility,Rural Health Unit,rhu,Government,0,0,CITY OF PASIG,PASIG,SAN JOAQUIN,,0,1.5,0,
DOH000000000040711,SAN JOAQUIN SUPER HEALTH CENTER,Health Facility,Birthing Home,birthing,Government,0,1,CITY OF PASIG,PASIG,SAN JOAQUIN,,0,1.5,2,Licensing Status:With License
DOH000000000006547,SAN JOSE HEALTH CENTER,Health Facility,Rural Health Unit,rhu,Government,0,0,CITY OF MANDALUYONG,MANDALUYONG,SAN JOSE,,0,1.5,0,
DOH000000000007261,SAN JOSE HEALTH CENTER,Health Facility,Rural Health Unit,rhu,Government,0,0,CITY OF PASIG,PASIG,SAN JOSE,,0,1.5,0,
DOH000000000007289,SAN JOSE HEALTH CENTER,Health Facility,Rural Health Unit,rhu,Government,0,1,QUEZON CITY,QUEZON CITY,SAN JOSE,,0,1.5,0,Licensing Status:With License
DOH000000000039945,SAN JOSE HOME CARE SERVICES,Health Facility,Psychiatric Care Facility,other,Private,1,1,CITY OF MANDALUYONG,MANDALUYONG,MAUWAY,,0,2.0,47,Licensing Status:With License
DOH000000000040777,SAN JOSE LABORATORY SERVICES - STA. ANA,Health Facility,Clinical Laboratory,clinic,Private,1,1,SANTA ANA,MANILA,BARANGAY 890,,0,1.5,0,Licensing Status:With License
DOH000000000050055,SAN JUAN CITY HEALTH DEPARTMENT AMBULANCE SERVICE PROVIDER,Health Facility,Ambulance Service Provider,ambulance,Government,0,1,CITY OF SAN JUAN,SAN JUAN,CORAZON DE JESUS,,0,0.5,0,Licensing Status:With License
DOH000000000043850,SAN JUAN CITY HEALTH OFFICE,Health Related Facility,City Health Office,other,Government,0,0,CITY OF SAN JUAN,SAN JUAN,CORAZON DE JESUS,,0,1.0,0,
DOH000000000033804,SAN JUAN CITY SOCIAL HYGIENE CLINIC,Health Facility,Social Hygiene Clinic,clinic,Government,0,0,CITY OF SAN JUAN,SAN JUAN,BALONG-BATO,,0,1.5,0,
DOH000000000005084,SAN JUAN DE DIOS EDUCATIONAL FOUNDATION INC.,Health Facility,Hospital,hospital,Private,1,1,PASAY CITY,PASAY,BARANGAY 76,Level 3,3,4.0,230,Licensing Status:With License
DOH000000000049807,"SAN JUAN DE DIOS EDUCATIONAL FOUNDATION, INC.",Health Facility,Drug Testing Laboratory,laboratory,Private,1,1,PASAY CITY,PASAY,BARANGAY 76,Screening (Drug testing),0,1.0,0,Licensing Status:With License
DOH000000000002314,SAN JUAN MEDICAL CENTER,Health Facility,Hospital,hospital,Government,0,1,CITY OF SAN JUAN,SAN JUAN,BALONG-BATO,Level 2,2,3.0,150,Licensing Status:With License
DOH000000000004799,SAN LAZARO HOSPITAL,Health Facility,Hospital,hospital,Government,0,1,SANTA CRUZ,MANILA,BARANGAY 331,Level 3,3,4.0,363,Licensing Status:With License
DOH000000000054791,SAN LAZARO HOSPITAL - NAGASAKI UNIVERSITY COLLABORATIVE RESEARCH LABORATORY,Health Facility,Research and Teaching Laboratory,laboratory,Government,0,1,SANTA CRUZ,MANILA,BARANGAY 331,,0,1.0,0,Licensing Status:With License
DOH000000000013109,"SAN LORENZO HOSPITAL HEALTH MANAGEMENT CO., INC.",Health Facility,Infirmary,infirmary,Private,1,1,CITY OF CALOOCAN,CALOOCAN,BARANGAY 170,,0,2.5,15,Licensing Status:With License
DOH000000000004475,"SAN LORENZO HOSPITAL HEALTH MANAGEMENT CO., INC.",Health Facility,Hospital,hospital,Private,1,1,QUEZON CITY,QUEZON CITY,PASONG PUTIK PROPER,Level 1,1,2.5,18,Licensing Status:With License
DOH000000000007064,SAN LORENZO RUIZ GENERAL HOSPITAL,Health Facility,Hospital,hospital,Government,0,1,CITY OF MALABON,MALABON,SANTOLAN,Level 1,1,2.5,10,Licensing Status:With License
DOH000000000007255,SAN MARTIN DE PORRES HEALTH CENTER,Health Facility,Rural Health Unit,rhu,Government,0,1,CITY OF PARA?AQUE,PARANAQUE,SAN MARTIN DE PORRES,,0,1.5,0,Licensing Status:With License
DOH000000000000893,SAN MIGUEL HEALTH CENTER,Health Facility,Rural Health Unit,rhu,Government,0,1,SAN MIGUEL,MANILA,BARANGAY 645,,0,1.5,0,Licensing Status:With License
DOH000000000007267,SAN MIGUEL HEALTH CENTER,Health Facility,Rural Health Unit,rhu,Government,0,1,CITY OF PASIG,PASIG,SAN MIGUEL,,0,1.5,0,Licensing Status:With License
DOH000000000025811,SAN MIGUEL HEALTH CENTER,Health Facility,Rural Health Unit,rhu,Government,0,0,CITY OF TAGUIG,TAGUIG,SAN MIGUEL,,0,1.5,0,
DOH000000000000894,SAN MIGUEL HEIGHTS HEALTH CENTER,Health Facility,Rural Health Unit,rhu,Government,0,0,CITY OF VALENZUELA,VALENZUELA,MARULAS,,0,1.5,0,
DOH000000000000897,SAN NICOLAS HEALTH CENTER,Health Facility,Rural Health Unit,rhu,Government,0,1,SAN NICOLAS,MANILA,BARANGAY 285,,0,1.5,0,Licensing Status:With License
DOH000000000007271,SAN NICOLAS HEALTH CENTER,Health Facility,Rural Health Unit,rhu,Government,0,1,CITY OF PASIG,PASIG,SAN NICOLAS (POB.),,0,1.5,0,Licensing Status:With License
DOH000000000005456,SAN PABLO HEALTH CENTER,Health Facility,Rural Health Unit,rhu,Government,0,1,PASAY CITY,PASAY,BARANGAY 179,,0,1.5,0,Licensing Status:With License
DOH000000000007292,SAN PERFECTO HEALTH CENTER,Health Facility,Rural Health Unit,rhu,Government,0,0,CITY OF SAN JUAN,SAN JUAN,SAN PERFECTO,,0,1.5,0,
DOH000000000027929,SAN RAFAEL VILLAGE SATELLITE CENTER,Health Facility,Barangay Health Station,bhs,Government,0,0,CITY OF NAVOTAS,NAVOTAS,SAN RAFAEL VILLAGE,,0,1.5,0,
DOH000000000040960,"SAN RAMON HEALTHCARE SERVICES, INC",Health Facility,Clinical Laboratory,clinic,Private,1,1,CITY OF MARIKINA,MARIKINA,CONCEPCION DOS,,0,1.5,0,Licensing Status:With License
DOH000000000004050,SAN ROQUE HEALTH CENTER,Health Facility,Rural Health Unit,rhu,Government,0,1,CITY OF MARIKINA,MARIKINA,SAN ROQUE,,0,1.5,0,Licensing Status:With License
DOH000000000013154,SAN ROQUE HEALTH CENTER,Health Facility,Barangay Health Station,bhs,Government,0,0,CITY OF NAVOTAS,NAVOTAS,SAN ROQUE,,0,1.5,0,
DOH000000000013158,SAN ROQUE HEALTH CENTER,Health Facility,Rural Health Unit,rhu,Government,0,1,PASAY CITY,PASAY,BARANGAY 138,,0,1.5,0,Licensing Status:With License
DOH000000000043614,SAN ROQUE MEDICAL CLINIC,Health Facility,Clinical Laboratory,clinic,Private,1,1,CITY OF MUNTINLUPA,MUNTINLUPA,ALABANG,,0,1.5,0,Licensing Status:With License
DOH000000000000901,SAN SEBASTIAN HEALTH CENTER,Health Facility,Rural Health Unit,rhu,Government,0,0,QUIAPO,MANILA,BARANGAY 390,,0,1.5,0,
DOH000000000005884,SAN VICENTE HEALTH CENTER,Health Facility,Rural Health Unit,rhu,Government,0,0,QUEZON CITY,QUEZON CITY,SAN VICENTE,,0,1.5,0,
DOH000000000044208,SANANA SATELLITE CENTER,Health Facility,Barangay Health Station,bhs,Government,0,0,CITY OF CALOOCAN,CALOOCAN,BARANGAY 180,,0,1.5,0,
DOH000000000048262,SANDA DIAGNOSTIC CENTER,Health Facility,Medical Facility for Overseas Workers & Seafarers,other,Private,1,1,SAMPALOC,MANILA,BARANGAY 408,,0,1.0,0,Licensing Status:With License
DOH000000000004617,SANGANDAAN HEALTH CENTER,Health Facility,Rural Health Unit,rhu,Government,0,0,QUEZON CITY,QUEZON CITY,SANGANDAAN,,0,1.5,0,
DOH000000000004051,SANIBOY HEALTH CENTER,Health Facility,Rural Health Unit,rhu,Government,0,0,CITY OF MANDALUYONG,MANDALUYONG,HULO,,0,1.5,0,
DOH000000000055055,SANJOAQUIN KIDNEY CARE DIALYSIS INC.,Health Facility,Dialysis Clinic,dialysis,Private,1,1,QUEZON CITY,QUEZON CITY,SANTA MONICA,,0,2.0,0,Licensing Status:With License
DOH000000000007253,SANTA CRUZ HEALTH CENTER,Health Facility,Rural Health Unit,rhu,Government,0,0,CITY OF MAKATI,MAKATI,SANTA CRUZ,,0,1.5,0,
DOH000000000001487,SANTA LUCIA HEALTH CENTER,Health Facility,Rural Health Unit,rhu,Government,0,1,CITY OF PASIG,PASIG,SANTA LUCIA,,0,1.5,0,Licensing Status:With License
DOH000000000001486,SANTA LUCIA HEALTH CENTER,Health Facility,Rural Health Unit,rhu,Government,0,0,CITY OF SAN JUAN,SAN JUAN,SANTA LUCIA,,0,1.5,0,
DOH000000000002418,SANTA LUCIA SUPER HEALTH CENTER,Health Facility,Rural Health Unit,rhu,Government,0,0,QUEZON CITY,QUEZON CITY,1381300105,,0,1.5,0,
DOH000000000013648,SANTA QUITERIA HEALTH CENTER,Health Facility,Rural Health Unit,rhu,Government,0,0,CITY OF CALOOCAN,CALOOCAN,BARANGAY 163,,0,1.5,0,
DOH000000000039177,SANTO BENEDICTO MEDICAL AND DIAGNOSTIC CENTER,Health Facility,Clinical Laboratory,clinic,Private,1,1,CITY OF CALOOCAN,CALOOCAN,BARANGAY 168,Level 2,2,3.0,0,Licensing Status:With License
DOH000000000049809,SANTO BENEDICTO MEDICAL AND DIAGNOSTIC CLINIC,Health Facility,Drug Testing Laboratory,laboratory,Private,1,1,CITY OF CALOOCAN,CALOOCAN,BARANGAY 168,Screening (Drug testing),0,1.0,0,Licensing Status:With License
DOH000000000027870,SANTO NIÑO BARANGAY HEALTH STATION,Health Facility,Barangay Health Station,bhs,Government,0,0,CITY OF MUNTINLUPA,MUNTINLUPA,CUPANG,,0,1.5,0,Licensing Status:Without License
DOH000000000007252,SANTO NIÑO HEALTH CENTER,Health Facility,Rural Health Unit,rhu,Government,0,1,CITY OF PARA?AQUE,PARANAQUE,SANTO NI?O,,0,1.5,0,Licensing Status:With License
DOH000000000001445,SANTO TOMAS HEALTH CENTER,Health Facility,Rural Health Unit,rhu,Government,0,0,CITY OF PASIG,PASIG,SANTO TOMAS,,0,1.5,0,
DOH000000000007257,SANTOLAN HEALTH CENTER,Health Facility,Rural Health Unit,rhu,Government,0,0,CITY OF MALABON,MALABON,SANTOLAN,,0,1.5,0,
DOH000000000000177,SANTOLAN SUPER HEALTH CENTER,Health Facility,Rural Health Unit,rhu,Government,0,1,CITY OF PASIG,PASIG,SANTOLAN,,0,1.5,0,Licensing Status:With License
DOH000000000033209,SANTOLAN SUPER HEALTH CENTER LYING-IN,Health Facility,Birthing Home,birthing,Government,0,1,CITY OF PASIG,PASIG,SANTOLAN,,0,1.5,3,Licensing Status:With License
DOH000000000052470,SATORRE'S 24 HOURS LYING-IN CLINIC,Health Facility,Birthing Home,birthing,Private,1,1,CITY OF MUNTINLUPA,MUNTINLUPA,PUTATAN,,0,1.5,1,Licensing Status:With License
DOH000000000040386,SATORRE-SANGALANG 24 HOURS BIRTHING HOME CO.,Health Facility,Birthing Home,birthing,Private,1,1,CITY OF MUNTINLUPA,MUNTINLUPA,CUPANG,,0,1.5,4,Licensing Status:With License
DOH000000000000022,SAUYO HEALTH CENTER,Health Facility,Rural Health Unit,rhu,Government,0,0,QUEZON CITY,QUEZON CITY,SAUYO,,0,1.5,0,
DOH000000000040669,SAVING GRACE BIRTHING HOME,Health Facility,Birthing Home,birthing,Private,1,1,CITY OF MALABON,MALABON,SAN AGUSTIN,,0,1.5,2,Licensing Status:With License
DOH000000000040658,SAVIOR BIRTHING HOMELYING-IN CLINIC,Health Facility,Birthing Home,birthing,Private,1,1,CITY OF CALOOCAN,CALOOCAN,BARANGAY 11,,0,1.5,2,Licensing Status:With License
DOH000000000054656,SC MEDICAL LAB INC.,Health Facility,Clinical Laboratory,clinic,Private,1,1,QUEZON CITY,QUEZON CITY,QUIRINO 2-B,,0,1.5,0,Licensing Status:With License
DOH000000000046430,SCELTO MEDICO,Health Facility,Ambulatory Surgical Clinic,clinic,Private,1,1,CITY OF PASIG,PASIG,UGONG,,0,1.5,0,Licensing Status:With License
DOH000000000040794,SCHNELL CLINICAL LABORATORY,Health Facility,Clinical Laboratory,clinic,Private,1,1,QUEZON CITY,QUEZON CITY,NOVALICHES PROPER,,0,1.5,0,Licensing Status:With License
DOH000000000005470,"SDS MEDICAL CENTER, INC.",Health Facility,Hospital,hospital,Private,1,1,CITY OF MARIKINA,MARIKINA,CONCEPCION DOS,Level 1,1,2.5,22,Licensing Status:With License
DOH000000000048263,SEA LANDERS DIAGNOSTIC AND TREATMENT CENTER CORPORATION,Health Facility,Medical Facility for Overseas Workers & Seafarers,other,Private,1,1,SAMPALOC,MANILA,BARANGAY 408,,0,1.0,0,Licensing Status:With License
DOH000000000048271,"SEAMED MEDICAL CLINIC, INC.",Health Facility,Medical Facility for Overseas Workers & Seafarers,other,Private,1,1,SAMPALOC,MANILA,BARANGAY 396,,0,1.0,0,Licensing Status:With License
DOH000000000005687,SEAMEN'S HOSPITAL,Health Facility,Hospital,hospital,Private,1,1,INTRAMUROS,MANILA,BARANGAY 657,Level 3,3,4.0,100,Licensing Status:With License
DOH000000000049813,SEATRIC MEDICAL CLINIC CORP.,Health Facility,Drug Testing Laboratory,laboratory,Private,1,1,ERMITA,MANILA,BARANGAY 667,Screening (Drug testing),0,1.0,0,Licensing Status:With License
DOH000000000000857,SENTRO HEALTH HUB,Health Facility,Rural Health Unit,rhu,Government,0,0,CITY OF VALENZUELA,VALENZUELA,KARUHATAN,,0,1.5,0,
DOH000000000046627,SENTROTEK CORPORATION,Health Facility,Laboratory for Drinking Water Analysis,laboratory,Private,1,1,CITY OF MANDALUYONG,MANDALUYONG,ADDITION HILLS,Chemical Analysis (drinking water),0,1.0,0,Licensing Status:With License
DOH000000000003067,SERRANO HEALTH CENTER,Health Facility,Barangay Health Station,bhs,Government,0,0,CITY OF VALENZUELA,VALENZUELA,MARULAS,,0,1.5,0,
DOH000000000050541,SEVENBEDS MATERNITY CLINIC,Health Facility,Clinical Laboratory,clinic,Private,1,1,QUEZON CITY,QUEZON CITY,PASONG TAMO,,0,1.5,7,Licensing Status:With License
DOH000000000054425,SG DERMATOLOGY AND SURGICAL AESTHETICS CLINIC,Health Facility,Ambulatory Surgical Clinic,clinic,Private,1,1,CITY OF MUNTINLUPA,MUNTINLUPA,ALABANG,,0,1.5,0,Licensing Status:With License
DOH000000000055129,"SGS PHILIPPINES, INC.",Health Facility,Certifying Organization,other,Private,1,1,CITY OF MAKATI,MAKATI,BANGKAL,,0,1.0,0,Licensing Status:With License
DOH000000000040527,SHEESHAKIM LYING-IN CLINIC,Health Facility,Birthing Home,birthing,Private,1,1,CITY OF PARA?AQUE,PARANAQUE,SAN ISIDRO,,0,1.5,2,Licensing Status:With License
DOH000000000044198,SHELTERVILLE SATELLITE CENTER,Health Facility,Barangay Health Station,bhs,Government,0,0,CITY OF CALOOCAN,CALOOCAN,BARANGAY 171,,0,1.5,0,
DOH000000000033236,SHERYL BIRTHING HOME AND LYING IN CLINIC,Health Facility,Birthing Home,birthing,Private,1,1,QUEZON CITY,QUEZON CITY,DAMAYAN,,0,1.5,1,Licensing Status:With License
DOH000000000054753,SHINAGAWA DIAGNOSTIC &AMP; PREVENTIVE CARE CENTER,Health Facility,Ambulatory Surgical Clinic,clinic,Private,1,1,CITY OF TAGUIG,TAGUIG,FORT BONIFACIO,,0,1.5,0,Licensing Status:With License
DOH000000000045323,SHINAGAWA LASIK &AMP; AESTHETICS CENTER CORP.,Health Facility,Ambulatory Surgical Clinic,clinic,Private,1,1,CITY OF MAKATI,MAKATI,SAN LORENZO,,0,1.5,0,Licensing Status:With License
DOH000000000046432,SHINAGAWA LASIK &AMP; AESTHETICS CENTER CORPORATION,Health Facility,Ambulatory Surgical Clinic,clinic,Private,1,1,CITY OF PASIG,PASIG,SAN ANTONIO,,0,1.5,0,Licensing Status:With License
DOH000000000046491,SHINAGAWA LASIK &AMP; AESTHETICS CENTER CORPORATION,Health Facility,Ambulatory Surgical Clinic,clinic,Private,1,1,CITY OF TAGUIG,TAGUIG,FORT BONIFACIO,,0,1.5,0,Licensing Status:With License
DOH000000000033196,SHIRLY M. FORMENTOS LYING IN CLINIC,Health Facility,Birthing Home,birthing,Private,1,1,PASAY CITY,PASAY,BARANGAY 175,,0,1.5,1,Licensing Status:With License
DOH000000000049814,SILONGA MEDICAL LABORATORY,Health Facility,Drug Testing Laboratory,laboratory,Private,1,1,CITY OF NAVOTAS,NAVOTAS,BAGUMBAYAN SOUTH,Screening (Drug testing),0,1.0,0,Licensing Status:With License
DOH000000000039367,SIM CLINICAL LABORATORY,Health Facility,Clinical Laboratory,clinic,Private,1,1,BINONDO,MANILA,BARANGAY 295,Level 2,2,3.0,0,Licensing Status:With License
DOH000000000040743,SIM CLINICAL LABORATORY - BINONDO,Health Facility,Clinical Laboratory,clinic,Private,1,1,SANTA CRUZ,MANILA,BARANGAY 305,,0,1.5,0,Licensing Status:With License
DOH000000000040601,SIM CLINICAL LABORATORY - QC,Health Facility,Clinical Laboratory,clinic,Private,1,1,QUEZON CITY,QUEZON CITY,QUIRINO 2-A,,0,1.5,0,Licensing Status:With License
DOH000000000053030,SINGAPORE DIAGNOSTICS,Health Facility,Clinical Laboratory,clinic,Private,1,1,CITY OF LAS PI?AS,LAS PINAS,TALON UNO,,0,1.5,0,Licensing Status:With License
DOH000000000039233,SINGAPORE DIAGNOSTICS,Health Facility,Clinical Laboratory,clinic,Private,1,1,CITY OF MAKATI,MAKATI,SAN LORENZO,,0,1.5,0,Licensing Status:With License
DOH000000000053078,SINGAPORE DIAGNOSTICS,Health Facility,Clinical Laboratory,clinic,Private,1,1,PACO,MANILA,BARANGAY 662,,0,1.5,0,Licensing Status:With License
DOH000000000053945,SINGAPORE DIAGNOSTICS,Health Facility,Clinical Laboratory,clinic,Private,1,1,CITY OF PASIG,PASIG,SAN ANTONIO,,0,1.5,0,Licensing Status:With License
DOH000000000040778,SINGAPORE DIAGNOSTICS,Health Facility,Clinical Laboratory,clinic,Private,1,1,QUEZON CITY,QUEZON CITY,PINYAHAN,,0,1.5,0,Licensing Status:With License
DOH000000000054143,SINGAPORE DIAGNOSTICS,Health Facility,Clinical Laboratory,clinic,Private,1,1,CITY OF VALENZUELA,VALENZUELA,MARULAS,,0,1.5,0,Licensing Status:With License
DOH000000000039300,SINGAPORE DIAGNOSTICS - AYALA NORTH EXCHANGE,Health Facility,Clinical Laboratory,clinic,Private,1,1,CITY OF MAKATI,MAKATI,POBLACION,,0,1.5,0,Licensing Status:With License
DOH000000000053081,SINGAPORE DIAGNOSTICS - CENTRO BUENDIA,Health Facility,Clinical Laboratory,clinic,Private,1,1,PASAY CITY,PASAY,BARANGAY 47,,0,1.5,0,Licensing Status:With License
DOH000000000053087,SINGAPORE DIAGNOSTICS - COMMONWEALTH,Health Facility,Clinical Laboratory,clinic,Private,1,1,QUEZON CITY,QUEZON CITY,NOVALICHES PROPER,,0,1.5,0,Licensing Status:With License
DOH000000000053088,SINGAPORE DIAGNOSTICS - CUBAO,Health Facility,Clinical Laboratory,clinic,Private,1,1,QUEZON CITY,QUEZON CITY,SOCORRO,,0,1.5,0,Licensing Status:With License
DOH000000000054685,SINGAPORE DIAGNOSTICS - CYBER OMEGA,Health Facility,Clinical Laboratory for Molecular Pathology,clinic,Private,1,1,CITY OF PASIG,PASIG,SAN ANTONIO,,0,1.5,0,Licensing Status:With License
DOH000000000041125,SINGAPORE DIAGNOSTICS - DOUBLE DRAGON,Health Facility,Clinical Laboratory,clinic,Private,1,1,PASAY CITY,PASAY,BARANGAY 76,,0,1.5,0,Licensing Status:With License
DOH000000000053089,SINGAPORE DIAGNOSTICS - E. RODRIGUEZ,Health Facility,Clinical Laboratory,clinic,Private,1,1,QUEZON CITY,QUEZON CITY,E. RODRIGUEZ,,0,1.5,0,Licensing Status:With License
DOH000000000053090,SINGAPORE DIAGNOSTICS - FAIRVIEW,Health Facility,Clinical Laboratory,clinic,Private,1,1,QUEZON CITY,QUEZON CITY,FAIRVIEW,,0,1.5,0,Licensing Status:With License
DOH000000000053091,SINGAPORE DIAGNOSTICS - LAS PIÑAS,Health Facility,Clinical Laboratory,clinic,Private,1,1,CITY OF LAS PI?AS,LAS PINAS,PAMPLONA DOS,,0,1.5,0,Licensing Status:With License
DOH000000000053092,SINGAPORE DIAGNOSTICS - MARIKINA,Health Facility,Clinical Laboratory,clinic,Private,1,1,CITY OF MARIKINA,MARIKINA,SAN ROQUE,,0,1.5,0,Licensing Status:With License
DOH000000000053093,SINGAPORE DIAGNOSTICS - METRO EAST,Health Facility,Clinical Laboratory,clinic,Private,1,1,CITY OF PASIG,PASIG,DELA PAZ,,0,1.5,0,Licensing Status:With License
DOH000000000047138,SINGAPORE DIAGNOSTICS - QUEZON AVENUE,Health Facility,Clinical Laboratory,clinic,Private,1,1,QUEZON CITY,QUEZON CITY,SOUTH TRIANGLE,,0,1.5,0,Licensing Status:With License
DOH000000000053094,SINGAPORE DIAGNOSTICS - SAN JUAN,Health Facility,Clinical Laboratory,clinic,Private,1,1,CITY OF SAN JUAN,SAN JUAN,GREENHILLS,,0,1.5,0,Licensing Status:With License
DOH000000000053553,SINGAPORE DIAGNOSTICS - SM BF HOMES,Health Facility,Clinical Laboratory,clinic,Private,1,1,CITY OF PARA?AQUE,PARANAQUE,B. F. HOMES,,0,1.5,0,Licensing Status:With License
DOH000000000047664,SINGAPORE DIAGNOSTICS - STRATA 100,Health Facility,Clinical Laboratory,clinic,Private,1,1,CITY OF PASIG,PASIG,SAN ANTONIO,,0,1.5,0,Licensing Status:With License
DOH000000000053095,SINGAPORE DIAGNOSTICS - SUCAT,Health Facility,Clinical Laboratory,clinic,Private,1,1,CITY OF PARA?AQUE,PARANAQUE,SAN ISIDRO,,0,1.5,0,Licensing Status:With License
DOH000000000053096,SINGAPORE DIAGNOSTICS - VV SOLIVEN,Health Facility,Clinical Laboratory,clinic,Private,1,1,CITY OF SAN JUAN,SAN JUAN,GREENHILLS,,0,1.5,0,Licensing Status:With License
DOH000000000040917,SINGAPORE DIAGNOSTICS - W CITY CENTER,Health Facility,Clinical Laboratory,clinic,Private,1,1,CITY OF TAGUIG,TAGUIG,FORT BONIFACIO,,0,1.5,0,Licensing Status:With License
DOH000000000053155,SINGAPORE DIAGNOSTICS - ZETA TOWER BRIDGETOWNE,Health Facility,Clinical Laboratory,clinic,Private,1,1,QUEZON CITY,QUEZON CITY,UGONG NORTE,,0,1.5,0,Licensing Status:With License
DOH000000000038996,"SINGAPORE DIAGNOSTICS, INC.",Health Facility,COVID-19 Testing Laboratory,laboratory,Private,1,1,CITY OF MAKATI,MAKATI,SAN LORENZO,,0,1.0,0,Licensing Status:With License
DOH000000000049815,"SINGAPORE MEDICAL LABORATORIES, INC.",Health Facility,Drug Testing Laboratory,laboratory,Private,1,1,CITY OF MAKATI,MAKATI,SAN LORENZO,Screening (Drug testing),0,1.0,0,Licensing Status:With License
DOH000000000006146,SINGKAMAS HEALTH CENTER,Health Facility,Rural Health Unit,rhu,Government,0,0,CITY OF MAKATI,MAKATI,SINGKAMAS,,0,1.5,0,
DOH000000000002711,SIPAC ALMACEN HEALTH CENTER,Health Facility,Rural Health Unit,rhu,Government,0,0,CITY OF NAVOTAS,NAVOTAS,SIPAC-ALMACEN,,0,1.5,0,
DOH000000000043622,SIPAC-ALMACEN HEALTH CENTER,Health Facility,Barangay Health Station,bhs,Government,0,0,CITY OF NAVOTAS,NAVOTAS,SIPAC-ALMACEN,,0,1.5,0,
DOH000000000008912,SITIO CABATUHAN HEALTH CENTER,Health Facility,Rural Health Unit,rhu,Government,0,0,CITY OF VALENZUELA,VALENZUELA,GEN. T. DE LEON,,0,1.5,0,
DOH000000000041087,SITIO DE ASIS MEDICAL AND DIAGNOSTIC LABORATORY,Health Facility,Clinical Laboratory,clinic,Private,1,1,CITY OF PARA?AQUE,PARANAQUE,SAN MARTIN DE PORRES,,0,1.5,0,Licensing Status:With License
DOH000000000051633,SITIO DE ASIS-SMDP DIAGNOSTIC LABORATORY,Health Facility,Clinical Laboratory,clinic,Private,1,1,CITY OF PARA?AQUE,PARANAQUE,SAN MARTIN DE PORRES,,0,1.5,0,Licensing Status:With License
DOH000000000044187,SITIO GITNA SATELLITE CENTER,Health Facility,Barangay Health Station,bhs,Government,0,0,CITY OF CALOOCAN,CALOOCAN,BARANGAY 166,,0,1.5,0,
DOH000000000013382,SITIO IMELDA HEALTH CENTER,Health Facility,Rural Health Unit,rhu,Government,0,0,CITY OF TAGUIG,TAGUIG,UPPER BICUTAN,,0,1.5,0,
DOH000000000051356,"SKIN ADEPT CLINIC AND SURGICENTER, INC.",Health Facility,Ambulatory Surgical Clinic,clinic,Private,1,1,CITY OF PASIG,PASIG,ORANBO,,0,1.5,0,Licensing Status:With License
DOH000000000045360,"SKYWOOD HEALTH SERVICES, INC./ MY HEALTH CLINIC",Health Facility,Ambulatory Surgical Clinic,clinic,Private,1,1,CITY OF MANDALUYONG,MANDALUYONG,WACK-WACK GREENHILLS,,0,1.5,0,Licensing Status:With License
DOH000000000047458,SL SOLANO WATER TESTING LABORATORY,Health Facility,Laboratory for Drinking Water Analysis,laboratory,Private,1,1,QUEZON CITY,QUEZON CITY,SAN JOSE,,0,1.0,0,Licensing Status:With License
DOH000000000041067,SMART AID MEDICAL LABORATORY,Health Facility,Clinical Laboratory,clinic,Private,1,1,QUEZON CITY,QUEZON CITY,PARAISO,,0,1.5,0,Licensing Status:With License
DOH000000000054149,SMARTAID MEDICAL CORP.,Health Facility,Clinical Laboratory,clinic,Private,1,1,QUEZON CITY,QUEZON CITY,RAMON MAGSAYSAY,,0,1.5,0,Licensing Status:With License
DOH000000000050005,"SMARTLAB DIAGNOSTICS AND DIALYSIS CENTER, INC.",Health Facility,Dialysis Clinic,dialysis,Private,1,1,SANTA CRUZ,MANILA,BARANGAY 325,,0,2.0,0,Licensing Status:With License
DOH000000000027922,SMOKEY MOUNTAIN HEALTH CENTER,Health Facility,Rural Health Unit,rhu,Government,0,1,TONDO I/II,MANILA,BARANGAY 128,,0,1.5,0,Licensing Status:With License
DOH000000000041089,"SMS LABORATORY HEALTH SERVICES, INC.",Health Facility,Clinical Laboratory,clinic,Private,1,1,CITY OF PARA?AQUE,PARANAQUE,DON BOSCO,,0,1.5,0,Licensing Status:With License
DOH000000000005472,SOCCORRO HEALTH CENTER,Health Facility,Rural Health Unit,rhu,Government,0,0,QUEZON CITY,QUEZON CITY,SOCORRO,,0,1.5,0,
DOH000000000052442,SOCORRO ANIMAL BITE TREATMENT CENTER,Health Facility,Animal Bite Treatment Center,other,Government,0,0,QUEZON CITY,QUEZON CITY,SOCORRO,,0,1.0,0,
DOH000000000055119,"SOCOTEC CERTIFICATION PHILIPPINES, INC.",Health Facility,Certifying Organization,other,Private,1,1,CITY OF MUNTINLUPA,MUNTINLUPA,ALABANG,,0,1.0,0,Licensing Status:With License
DOH000000000054712,SOLAIRE RESORT NORTH LABORATORY,Health Facility,Laboratory for Drinking Water Analysis,laboratory,Private,1,1,QUEZON CITY,QUEZON CITY,BAGONG PAG-ASA,,0,1.0,0,Licensing Status:With License
DOH000000000049817,SONIC SOLUTIONS MEDICAL AND DIAGNOSTIC LABORATORY CENTER INC.,Health Facility,Drug Testing Laboratory,laboratory,Private,1,1,QUEZON CITY,QUEZON CITY,IMMACULATE CONCEPCION,Screening (Drug testing),0,1.0,0,Licensing Status:With License
DOH000000000043347,"SONIC SOLUTIONS MEDICAL DIAGNOSTIC LABORATORY CENTER, INC.",Health Facility,Medical Facility for Overseas Workers & Seafarers,other,Private,1,1,QUEZON CITY,QUEZON CITY,IMMACULATE CONCEPCION,,0,1.0,0,Licensing Status:With License
DOH000000000003392,SOUTH CEMBO HEALTH CENTER,Health Facility,Rural Health Unit,rhu,Government,0,0,CITY OF TAGUIG,TAGUIG,SOUTH CEMBO,,0,1.5,0,
DOH000000000013459,SOUTH DAANG HARI HEALTH CENTER,Health Facility,Rural Health Unit,rhu,Government,0,1,CITY OF TAGUIG,TAGUIG,SOUTH DAANG HARI,,0,1.5,0,Licensing Status:With License
DOH000000000049818,SOUTH JLA DIAGNOSTICS INC,Health Facility,Drug Testing Laboratory,laboratory,Private,1,1,CITY OF PARA?AQUE,PARANAQUE,SAN ANTONIO,Screening (Drug testing),0,1.0,0,Licensing Status:With License
DOH000000000046716,SOUTH PEEPZ-MD MEDICAL AND DIAGNOSTIC CLINIC,Health Facility,Clinical Laboratory,clinic,Private,1,1,CITY OF PARA?AQUE,PARANAQUE,MOONWALK,,0,1.5,0,Licensing Status:With License
DOH000000000023037,SOUTH SIGNAL HEALTH CENTER,Health Facility,Rural Health Unit,rhu,Government,0,0,CITY OF TAGUIG,TAGUIG,CENTRAL SIGNAL VILLAGE,,0,1.5,0,
DOH000000000049819,SOUTH SUPER HIGHWAY MEDICAL CENTER,Health Facility,Drug Testing Laboratory,laboratory,Private,1,1,CITY OF PARA?AQUE,PARANAQUE,MARCELO GREEN VILLAGE,,0,1.0,0,Licensing Status:With License
DOH000000000004437,SOUTH SUPERHIGHWAY MEDICAL CENTER,Health Facility,Hospital,hospital,Private,1,1,CITY OF PARA?AQUE,PARANAQUE,MARCELO GREEN VILLAGE,Level 2,2,3.0,50,Licensing Status:With License
DOH000000000040923,"SOUTH TRIUMPH HEALTH CARE SERVICES, CO.",Health Facility,Clinical Laboratory,clinic,Private,1,1,CITY OF TAGUIG,TAGUIG,CENTRAL SIGNAL VILLAGE,,0,1.5,0,Licensing Status:With License
DOH000000000051634,SOUTHFAM MEDICAL AND DIAGNOSTIC CLINIC,Health Facility,Clinical Laboratory,clinic,Private,1,1,CITY OF LAS PI?AS,LAS PINAS,ALMANZA UNO,,0,1.5,0,Licensing Status:With License
DOH000000000049820,SOUTHPORT MEDICAL HUB INC.,Health Facility,Drug Testing Laboratory,laboratory,Private,1,1,CITY OF PARA?AQUE,PARANAQUE,TAMBO,Screening (Drug testing),0,1.0,0,Licensing Status:With License
DOH000000000027871,SOUTHVILLE HEALTH CENTER,Health Facility,Rural Health Unit,rhu,Government,0,0,CITY OF MUNTINLUPA,MUNTINLUPA,POBLACION,,0,1.5,0,
DOH000000000050450,SOUTHWOODS BICUTAN DIALYSIS AND MEDICAL CENTER INC.,Health Facility,Dialysis Clinic,dialysis,Private,1,1,CITY OF TAGUIG,TAGUIG,NEW LOWER BICUTAN,,0,2.0,8,Licensing Status:With License
DOH000000000051649,SPECIALCARE MEDICAL CLINIC AND LABORATORY,Health Facility,Clinical Laboratory,clinic,Private,1,1,CITY OF MARIKINA,MARIKINA,PARANG,,0,1.5,0,Licensing Status:With License
DOH000000000044412,"SPORTS SURGICENTER AND CLINIC, INC.",Health Facility,Ambulatory Surgical Clinic,clinic,Private,1,1,QUEZON CITY,QUEZON CITY,COMMONWEALTH,,0,1.5,0,Licensing Status:With License
DOH000000000053028,SPRE DIAGNOSTIC LABORATORY,Health Facility,Clinical Laboratory,clinic,Private,1,1,QUEZON CITY,QUEZON CITY,NOVALICHES PROPER,,0,1.5,0,Licensing Status:With License
DOH000000000047456,"SPRING WATER TESTING LABORATORY, LTD.",Health Facility,Laboratory for Drinking Water Analysis,laboratory,Private,1,1,CITY OF PARA?AQUE,PARANAQUE,SAN ANTONIO,,0,1.0,0,Licensing Status:With License
DOH000000000055106,"SRB DIAGNOSTIC AND MEDICAL SERVICES, INC.",Health Facility,Medical Facility for Overseas Workers & Seafarers,other,Private,1,1,MALATE,MANILA,BARANGAY 743,,0,1.0,0,Licensing Status:With License
DOH000000000041035,SRDL MEDICAL CLINIC AND PHARMACY,Health Facility,Clinical Laboratory,clinic,Private,1,1,CITY OF PASIG,PASIG,DELA PAZ,,0,1.5,0,Licensing Status:With License
DOH000000000048290,SSMC HEALTH INC.,Health Facility,Medical Facility for Overseas Workers & Seafarers,other,Private,1,1,CITY OF PARA?AQUE,PARANAQUE,BACLARAN,,0,1.0,0,Licensing Status:With License
DOH000000000040968,"SSMC HEALTH, INC.",Health Facility,Clinical Laboratory,clinic,Private,1,1,CITY OF MUNTINLUPA,MUNTINLUPA,ALABANG,,0,1.5,0,Licensing Status:With License
DOH000000000049822,SSMCHEALTH INC.,Health Facility,Drug Testing Laboratory,laboratory,Private,1,1,CITY OF MUNTINLUPA,MUNTINLUPA,ALABANG,Screening (Drug testing),0,1.0,0,Licensing Status:With License
DOH000000000049821,SSMCHEALTH INC.,Health Facility,Drug Testing Laboratory,laboratory,Private,1,1,CITY OF PARA?AQUE,PARANAQUE,BACLARAN,Screening (Drug testing),0,1.0,0,Licensing Status:With License
DOH000000000040647,ST. ADRIANNE MEDICAL AND LYING IN CLINIC,Health Facility,Birthing Home,birthing,Private,1,1,CITY OF CALOOCAN,CALOOCAN,BARANGAY 177,,0,1.5,5,Licensing Status:With License
DOH000000000049823,ST. ANDREW DRUG SCREENING AND NEURO PSYCHO TESTING CENTER,Health Facility,Drug Testing Laboratory,laboratory,Private,1,1,QUEZON CITY,QUEZON CITY,BAGONG LIPUNAN NG CRAME,Screening (Drug testing),0,1.0,0,Licensing Status:With License
DOH000000000049824,ST. ANNE MEDICAL CLINIC,Health Facility,Drug Testing Laboratory,laboratory,Private,1,1,CITY OF PASIG,PASIG,SAN ANTONIO,Screening (Drug testing),0,1.0,0,Licensing Status:With License
DOH000000000039302,ST. ANTHONY DIAGNOSTIC &AMP; SPECIALTY CENTER,Health Facility,Clinical Laboratory,clinic,Private,1,1,CITY OF MALABON,MALABON,BARITAN,Level 2,2,3.0,0,Licensing Status:With License
DOH000000000013518,"ST. ANTHONY MEDICAL CENTER OF MARIKINA, INC.",Health Facility,Hospital,hospital,Private,1,1,CITY OF MARIKINA,MARIKINA,SAN ROQUE,Level 2,2,3.0,34,Licensing Status:With License
DOH000000000041582,"ST. BENEDICT DIALYSIS CENTER, INC.",Health Facility,Dialysis Clinic,dialysis,Private,1,1,QUEZON CITY,QUEZON CITY,PINYAHAN,,0,2.0,0,Licensing Status:With License
DOH000000000040636,ST. CAMILLUS MEDICAL &AMP; MATERNITY CLINIC,Health Facility,Birthing Home,birthing,Private,1,1,CITY OF TAGUIG,TAGUIG,CENTRAL SIGNAL VILLAGE,,0,1.5,5,Licensing Status:With License
DOH000000000039257,ST. CAMILLUS MEDICAL CENTER,Health Facility,Clinical Laboratory,clinic,Private,1,1,CITY OF MAKATI,MAKATI,LA PAZ,,0,1.5,0,Licensing Status:With License
DOH000000000024433,ST. CAMILLUS MEDICAL CENTER,Health Facility,Hospital,hospital,Private,1,1,CITY OF PASIG,PASIG,SANTOLAN,Level 2,2,3.0,24,Licensing Status:With License
DOH000000000043327,ST. CECILIA DIAGNOSTIC CLINIC,Health Facility,Clinical Laboratory,clinic,Private,1,1,QUEZON CITY,QUEZON CITY,PASONG PUTIK PROPER,,0,1.5,0,Licensing Status:With License
DOH000000000049827,ST. CECILIA POLYCLINIC,Health Facility,Drug Testing Laboratory,laboratory,Private,1,1,ERMITA,MANILA,BARANGAY 669,Screening (Drug testing),0,1.0,0,Licensing Status:With License
DOH000000000051387,ST. CECILLA MEDICAL CLINIC AND LABORATORY,Health Facility,Medical Facility for Overseas Workers & Seafarers,other,Private,1,1,ERMITA,MANILA,BARANGAY 667,,0,1.0,0,Licensing Status:With License
DOH000000000023753,"ST. CHRISTIANA HOSPITAL, INC.",Health Facility,Hospital,hospital,Private,1,1,CITY OF PASIG,PASIG,MANGGAHAN,Level 1,1,2.5,10,Licensing Status:With License
DOH000000000000758,"ST. CLARE'S MEDICAL CENTER, INC.",Health Facility,Hospital,hospital,Private,1,1,CITY OF MAKATI,MAKATI,PALANAN,Level 2,2,3.0,27,Licensing Status:With License
DOH000000000039306,ST. FAUSTA MEDICAL &AMP; DIAGNOSTIC CENTER,Health Facility,Clinical Laboratory,clinic,Private,1,1,CITY OF MALABON,MALABON,SANTOLAN,,0,1.5,0,Licensing Status:With License
DOH000000000040437,ST. GALLEN BIRTHING CLINIC,Health Facility,Birthing Home,birthing,Private,1,1,CITY OF VALENZUELA,VALENZUELA,MALINTA,,0,1.5,4,Licensing Status:With License
DOH000000000039188,ST. GEORGE CLINICAL LABORATORY SERVICES,Health Facility,Clinical Laboratory,clinic,Private,1,1,CITY OF CALOOCAN,CALOOCAN,BARANGAY 88,Level 2,2,3.0,0,Licensing Status:With License
DOH000000000049828,ST. GEORGE CLINICAL LABORATORY SERVICES,Health Facility,Drug Testing Laboratory,laboratory,Private,1,1,QUEZON CITY,QUEZON CITY,CENTRAL,Screening (Drug testing),0,1.0,0,Licensing Status:With License
DOH000000000041020,ST. HANNAH MEDICAL CENTER,Health Facility,Clinical Laboratory,clinic,Private,1,1,CITY OF PASIG,PASIG,MANGGAHAN,,0,1.5,0,Licensing Status:With License
DOH000000000033237,ST. HELENA'S BIRTHING STATION AND CHILD CARE CLINIC,Health Facility,Birthing Home,birthing,Private,1,1,QUEZON CITY,QUEZON CITY,COMMONWEALTH,,0,1.5,2,Licensing Status:With License
DOH000000000049830,ST. IGNATIUS DE LOYOLA HEALTH CARE SERVICES,Health Facility,Drug Testing Laboratory,laboratory,Private,1,1,CITY OF MARIKINA,MARIKINA,SANTO NI?O,Screening (Drug testing),0,1.0,0,Licensing Status:With License
DOH000000000049831,ST. IGNATIUS DE LOYOLA HEALTH CARE SERVICES,Health Facility,Drug Testing Laboratory,laboratory,Private,1,1,CITY OF PASIG,PASIG,PINEDA,Screening (Drug testing),0,1.0,0,Licensing Status:With License
DOH000000000040905,ST. IGNATIUS DE LOYOLA HEALTH CARE SERVICES (MAIN BRANCH),Health Facility,Clinical Laboratory,clinic,Private,1,1,CITY OF MARIKINA,MARIKINA,SANTO NI?O,,0,1.5,0,Licensing Status:With License
DOH000000000041057,ST. IGNATIUS DE LOYOLA HEALTH CARE SERVICES - PINEDA,Health Facility,Clinical Laboratory,clinic,Private,1,1,CITY OF PASIG,PASIG,PINEDA,,0,1.5,0,Licensing Status:With License
DOH000000000040867,ST. ISABEL POLYCLINIC &AMP; LABORATORY,Health Facility,Clinical Laboratory,clinic,Private,1,1,CITY OF MARIKINA,MARIKINA,SANTO NI?O,,0,1.5,0,Licensing Status:With License
DOH000000000042184,ST. JANUARIUS RENAL HEALTHCARE CORP.,Health Facility,Dialysis Clinic,dialysis,Private,1,1,ERMITA,MANILA,BARANGAY 668,,0,2.0,0,Licensing Status:With License
DOH000000000041625,"ST. JOHN BIOCARE AND DIALYSIS CENTER FOUNDATION, INC.",Health Facility,Dialysis Clinic,dialysis,Private,1,1,CITY OF CALOOCAN,CALOOCAN,BARANGAY 76,,0,2.0,0,Licensing Status:With License
DOH000000000041564,"ST. JOHN BIOCARE AND DIALYSIS CENTER FOUNDATION, INC.",Health Facility,Dialysis Clinic,dialysis,Private,1,1,CITY OF MARIKINA,MARIKINA,SAN ROQUE,,0,2.0,0,Licensing Status:With License
DOH000000000041633,"ST. JOHN BIOCARE AND DIALYSIS CENTER FOUNDATION, INC.",Health Facility,Dialysis Clinic,dialysis,Private,1,1,QUEZON CITY,QUEZON CITY,PALIGSAHAN,,0,2.0,0,Licensing Status:With License
DOH000000000039946,ST. JOHN CUSTODIAL AND PSYCHIATRIC THERAPEUTIC HOME,Health Facility,Psychiatric Care Facility,other,Private,1,1,QUEZON CITY,QUEZON CITY,SIENNA,,0,2.0,37,Licensing Status:With License
DOH000000000041566,ST. JOSEF RENAL CARE FOUNDATION INC.,Health Facility,Dialysis Clinic,dialysis,Private,1,1,CITY OF MARIKINA,MARIKINA,CONCEPCION UNO,,0,2.0,0,Licensing Status:With License
DOH000000000000768,ST. JUDE GENERAL HOSPITAL AND MEDICAL CENTER,Health Facility,Hospital,hospital,Private,1,1,SAMPALOC,MANILA,BARANGAY 497,Level 3,3,4.0,50,Licensing Status:With License
DOH000000000039156,ST. JUDE MEDICAL CLINIC AND DIAGNOSTIC CENTER,Health Facility,Clinical Laboratory,clinic,Private,1,1,CITY OF CALOOCAN,CALOOCAN,BARANGAY 8,Level 2,2,3.0,0,Licensing Status:With License
DOH000000000049834,ST. JUDE MEDICAL CLINIC AND DIAGNOSTIC CENTER,Health Facility,Drug Testing Laboratory,laboratory,Private,1,1,CITY OF MALABON,MALABON,TINAJEROS,Screening (Drug testing),0,1.0,0,Licensing Status:With License
DOH000000000039304,ST. JUDE MEDICAL CLINIC AND DIAGNOSTIC CENTER - TINAJEROS,Health Facility,Clinical Laboratory,clinic,Private,1,1,CITY OF MALABON,MALABON,TINAJEROS,Level 2,2,3.0,0,Licensing Status:With License
DOH000000000051384,ST. LORENZ LYING-IN AND MEDICAL CLINIC,Health Facility,Birthing Home,birthing,Private,1,1,CITY OF PARA?AQUE,PARANAQUE,SUN VALLEY,,0,1.5,2,Licensing Status:With License
DOH000000000049835,ST. LUKE'S MED. CENTER GLOBAL CITY,Health Facility,Drug Testing Laboratory,laboratory,Private,1,1,CITY OF TAGUIG,TAGUIG,FORT BONIFACIO,Screening (Drug testing),0,1.0,0,Licensing Status:With License
DOH000000000003522,ST. LUKE'S MEDICAL CENTER,Health Facility,Hospital,hospital,Private,1,1,QUEZON CITY,QUEZON CITY,KALUSUGAN,Level 3,3,4.0,509,Licensing Status:With License
DOH000000000051480,ST. LUKE'S MEDICAL CENTER,Health Facility,Clinical Laboratory for Molecular Pathology,clinic,Private,1,1,CITY OF TAGUIG,TAGUIG,FORT BONIFACIO,,0,1.5,0,Licensing Status:With License
DOH000000000039189,ST. LUKE'S MEDICAL CENTER - BGC (HB) (CARTRIDGE - BASED PCR),Health Facility,COVID-19 Testing Laboratory,laboratory,Private,1,1,CITY OF TAGUIG,TAGUIG,FORT BONIFACIO,,0,1.0,0,Licensing Status:With License
DOH000000000038983,ST. LUKE'S MEDICAL CENTER - BGC (HB) (RT-PCR),Health Facility,COVID-19 Testing Laboratory,laboratory,Private,1,1,CITY OF TAGUIG,TAGUIG,FORT BONIFACIO,,0,1.0,0,Licensing Status:With License
DOH000000000050036,ST. LUKE'S MEDICAL CENTER - GLOBAL CITY,Health Facility,Dialysis Clinic,dialysis,Private,1,1,CITY OF PARA?AQUE,PARANAQUE,B. F. HOMES,,0,2.0,0,Licensing Status:With License
DOH000000000039567,ST. LUKE'S MEDICAL CENTER - QC (CARTRIDGE - BASED PCR),Health Facility,COVID-19 Testing Laboratory,laboratory,Private,1,1,QUEZON CITY,QUEZON CITY,KALUSUGAN,,0,1.0,0,Licensing Status:With License
DOH000000000038982,ST. LUKE'S MEDICAL CENTER - QC (RT-PCR),Health Facility,COVID-19 Testing Laboratory,laboratory,Private,1,1,QUEZON CITY,QUEZON CITY,KALUSUGAN,,0,1.0,0,Licensing Status:With License
DOH000000000054614,"ST. LUKE'S MEDICAL CENTER, INC.",Health Facility,Stem Cell Treatment Clinics,clinic,Private,1,1,QUEZON CITY,QUEZON CITY,KALUSUGAN,,0,1.5,0,Licensing Status:With License
DOH000000000051928,ST. LUKE'S MEDICAL CENTER-GLOBAL,Health Facility,Kidney Transplant Facility,other,Private,1,1,CITY OF TAGUIG,TAGUIG,FORT BONIFACIO,,0,2.0,0,Licensing Status:With License
DOH000000000007987,ST. LUKE'S MEDICAL CENTER-GLOBAL CITY,Health Facility,Hospital,hospital,Private,1,1,CITY OF TAGUIG,TAGUIG,FORT BONIFACIO,Level 3,3,4.0,528,Licensing Status:With License
DOH000000000054604,ST. LUKE'S MEDICAL CENTER-QUEZON CITY,Health Facility,Kidney Transplant Facility,other,Private,1,1,QUEZON CITY,QUEZON CITY,KALUSUGAN,,0,2.0,0,Licensing Status:With License
DOH000000000045868,ST. LUKE'S MEDICAL EXTENSION CLINIC,Health Facility,Clinical Laboratory,clinic,Private,1,1,ERMITA,MANILA,BARANGAY 670,Level 1,1,2.5,0,Licensing Status:With License
DOH000000000040442,ST. MARCUS MATERNITY &AMP; LYING-IN CLINIC,Health Facility,Birthing Home,birthing,Private,1,1,QUEZON CITY,QUEZON CITY,MASAMBONG,,0,1.5,2,Licensing Status:With License
DOH000000000041710,ST. MARGARETH DIALYSIS AND BIOCARE CENTER INC.,Health Facility,Dialysis Clinic,dialysis,Private,1,1,CITY OF MUNTINLUPA,MUNTINLUPA,PUTATAN,,0,2.0,0,Licensing Status:With License
DOH000000000000778,ST. MARTIN DE PORRES CHARITY HOSPITAL,Health Facility,Hospital,hospital,Private,1,1,CITY OF SAN JUAN,SAN JUAN,KABAYANAN,Level 1,1,2.5,18,Licensing Status:With License
DOH000000000043181,"ST. MARTIN POLYCLINIC, INC.",Health Facility,Medical Facility for Overseas Workers & Seafarers,other,Private,1,1,MALATE,MANILA,BARANGAY 723,,0,1.0,0,Licensing Status:With License
DOH000000000040549,ST. MARY LYING IN AND MULTISPECIALTY CLINIC,Health Facility,Birthing Home,birthing,Private,1,1,CITY OF TAGUIG,TAGUIG,TUKTUKAN,,0,1.5,3,Licensing Status:With License
DOH000000000051635,ST. MICHAEL MEDICAL CLINIC &AMP; DIAGNOSTIC CENTER - MAKATI,Health Facility,Clinical Laboratory,clinic,Private,1,1,CITY OF MAKATI,MAKATI,GUADALUPE NUEVO,,0,1.5,0,Licensing Status:With License
DOH000000000039164,ST. MICHAEL'S MEDICAL CLINIC &AMP; DIAGNOSTIC CENTER,Health Facility,Clinical Laboratory,clinic,Private,1,1,CITY OF CALOOCAN,CALOOCAN,BARANGAY 86,Level 2,2,3.0,0,Licensing Status:With License
DOH000000000049838,ST. MICHAEL'S MEDICAL CLINIC &AMP; DIAGNOSTIC CENTER,Health Facility,Drug Testing Laboratory,laboratory,Private,1,1,CITY OF MANDALUYONG,MANDALUYONG,WACK-WACK GREENHILLS,Screening (Drug testing),0,1.0,0,Licensing Status:With License
DOH000000000049839,ST. MICHAEL'S MEDICAL CLINIC &AMP; DIAGNOSTIC CENTER,Health Facility,Drug Testing Laboratory,laboratory,Private,1,1,QUEZON CITY,QUEZON CITY,SAN MARTIN DE PORRES,Screening (Drug testing),0,1.0,0,Licensing Status:With License
DOH000000000040833,ST. MICHAEL'S MEDICAL CLINIC &AMP; DIAGNOSTIC CENTER - QC,Health Facility,Clinical Laboratory,clinic,Private,1,1,QUEZON CITY,QUEZON CITY,SOCORRO,,0,1.5,0,Licensing Status:With License
DOH000000000049840,"ST. MICHAEL'S MEDICAL CLINIC &AMP; DIAGNOSTIC CENTER, INC.",Health Facility,Drug Testing Laboratory,laboratory,Private,1,1,CITY OF CALOOCAN,CALOOCAN,BARANGAY 11,Screening (Drug testing),0,1.0,0,Licensing Status:With License
DOH000000000039328,ST. MICHAEL'S MEDICAL CLINIC AND DIAGNOSTIC CENTER - MANDALUYONG,Health Facility,Clinical Laboratory,clinic,Private,1,1,CITY OF MANDALUYONG,MANDALUYONG,WACK-WACK GREENHILLS,Level 2,2,3.0,0,Licensing Status:With License
DOH000000000051645,"ST. MICHAEL'S MEDICAL CLINIC AND DIAGNOSTIC CENTER, INC. - CALOOCAN",Health Facility,Clinical Laboratory,clinic,Private,1,1,CITY OF CALOOCAN,CALOOCAN,BARANGAY 76,,0,1.5,0,Licensing Status:With License
DOH000000000044416,ST. PEREGRINE SURGICAL AND CANCER CENTER,Health Facility,Ambulatory Surgical Clinic,clinic,Private,1,1,QUEZON CITY,QUEZON CITY,PINYAHAN,,0,1.5,0,Licensing Status:With License
DOH000000000043392,"ST. PETER-PAUL MEDICAL CLINIC, INC.",Health Facility,Medical Facility for Overseas Workers & Seafarers,other,Private,1,1,ERMITA,MANILA,BARANGAY 670,,0,1.0,0,Licensing Status:With License
DOH000000000033210,ST. PIO-ST. ANSELMO BIRTHNG CLINIC,Health Facility,Birthing Home,birthing,Private,1,1,CITY OF PASIG,PASIG,MANGGAHAN,,0,1.5,3,Licensing Status:With License
DOH000000000053074,ST. RAPHAEL MEDICAL AND DIAGNOSTIC CLINIC,Health Facility,Clinical Laboratory,clinic,Private,1,1,CITY OF MALABON,MALABON,CONCEPCION,,0,1.5,0,Licensing Status:With License
DOH000000000049842,ST. RITA MEDICAL &AMP; DIAGNOSTIC CENTER,Health Facility,Drug Testing Laboratory,laboratory,Private,1,1,CITY OF MAKATI,MAKATI,SAN ISIDRO,Screening (Drug testing),0,1.0,0,Licensing Status:With License
DOH000000000043472,ST. RITA MEDICAL AND DIAGNOSTIC CENTER,Health Facility,Medical Facility for Overseas Workers & Seafarers,other,Private,1,1,CITY OF MAKATI,MAKATI,SAN ISIDRO,,0,1.0,0,Licensing Status:With License
DOH000000000040513,ST. RUPERT MEDICAL CLINIC,Health Facility,Clinical Laboratory,clinic,Private,1,1,QUEZON CITY,QUEZON CITY,MATANDANG BALARA,,0,1.5,0,Licensing Status:With License
DOH000000000039153,ST. THADDEUS X-RAY SERVICES,Health Facility,Clinical Laboratory,clinic,Private,1,1,CITY OF CALOOCAN,CALOOCAN,BARANGAY 176-A,Level 1,1,2.5,0,Licensing Status:With License
DOH000000000041634,"ST. THERESA DIALYSIS CENTER, INC.",Health Facility,Dialysis Clinic,dialysis,Private,1,1,QUEZON CITY,QUEZON CITY,VASRA,,0,2.0,0,Licensing Status:With License
DOH000000000040689,"ST. THERESE MULTI-SPECIALTY SERVICES, INC.",Health Facility,Birthing Home,birthing,Private,1,1,CITY OF TAGUIG,TAGUIG,PEMBO,,0,1.5,6,Licensing Status:With License
DOH000000000049843,ST. THOMAS DIAGNOSTIC MEDICAL &AMP; DENTAL CLINIC,Health Facility,Drug Testing Laboratory,laboratory,Private,1,1,MALATE,MANILA,BARANGAY 694,Screening (Drug testing),0,1.0,0,Licensing Status:With License
DOH000000000048276,"ST. THOMAS DIAGNOSTIC MEDICAL AND DENTAL CLINIC, INC.",Health Facility,Medical Facility for Overseas Workers & Seafarers,other,Private,1,1,MALATE,MANILA,BARANGAY 694,,0,1.0,0,Licensing Status:With License
DOH000000000040955,"ST. VIANNEY CLINIC &AMP; DIAGNOSTIC CENTER, INC.",Health Facility,Clinical Laboratory,clinic,Private,1,1,CITY OF VALENZUELA,VALENZUELA,KARUHATAN,,0,1.5,0,Licensing Status:With License
DOH000000000000774,ST. VICTORIA HOSPITAL,Health Facility,Hospital,hospital,Private,1,1,CITY OF MARIKINA,MARIKINA,SANTO NI?O,Level 1,1,2.5,30,Licensing Status:With License
DOH000000000041277,ST. VINCENT DE PAUL CLINICAL LABORATORY,Health Facility,Clinical Laboratory,clinic,Private,1,1,PASAY CITY,PASAY,BARANGAY 11,,0,1.5,0,Licensing Status:With License
DOH000000000039699,"STA. ANA DE TAGUIG DIALYSIS CENTER, INC.",Health Facility,Dialysis Clinic,dialysis,Private,1,1,CITY OF TAGUIG,TAGUIG,TUKTUKAN,,0,2.0,0,Licensing Status:With License
DOH000000000004652,STA. ANA HEALTH CENTER,Health Facility,Rural Health Unit,rhu,Government,0,1,CITY OF TAGUIG,TAGUIG,SANTA ANA,,0,1.5,0,Licensing Status:With License
DOH000000000022598,STA. ANA HOSPITAL,Health Facility,Hospital,hospital,Government,0,1,SANTA ANA,MANILA,BARANGAY 886,Level 3,3,4.0,300,Licensing Status:With License
DOH000000000040488,STA. CECILIA MJ OB MIDWIFE LYING-IN CLINIC CORP.,Health Facility,Birthing Home,birthing,Private,1,1,CITY OF MUNTINLUPA,MUNTINLUPA,PUTATAN,,0,1.5,1,Licensing Status:With License
DOH000000000006141,STA. CRUZ HEALTH CENTER,Health Facility,Rural Health Unit,rhu,Government,0,1,CITY OF PASIG,PASIG,SANTA CRUZ,,0,1.5,0,Licensing Status:With License
DOH000000000002367,STA. ELENA HEALTH CENTER,Health Facility,Rural Health Unit,rhu,Government,0,1,CITY OF MARIKINA,MARIKINA,SANTA ELENA (POB.),,0,1.5,0,Licensing Status:With License
DOH000000000040432,STA. INES LYING-IN CLINIC,Health Facility,Birthing Home,birthing,Private,1,1,QUEZON CITY,QUEZON CITY,KAMUNING,,0,1.5,1,Licensing Status:With License
DOH000000000040713,STA. LUCIA LYING-IN CLINIC,Health Facility,Birthing Home,birthing,Government,0,1,QUEZON CITY,QUEZON CITY,NOVALICHES PROPER,,0,1.5,8,Licensing Status:With License
DOH000000000001435,STA. LUCIA MINI HEALTH CENTER,Health Facility,Rural Health Unit,rhu,Government,0,1,CITY OF PASIG,PASIG,SANTA LUCIA,,0,1.5,0,Licensing Status:With License
DOH000000000055031,STANDARDS AND TESTING DIVISION - DOST ITDI,Health Facility,Laboratory for Drinking Water Analysis,laboratory,Government,0,1,CITY OF TAGUIG,TAGUIG,CENTRAL BICUTAN,,0,1.0,0,Licensing Status:With License
DOH000000000049844,STAR ALLIANCE DIAGNOSTICS &AMP; MARKETING SERVICES,Health Facility,Drug Testing Laboratory,laboratory,Private,1,1,CITY OF MANDALUYONG,MANDALUYONG,WACK-WACK GREENHILLS,Screening (Drug testing),0,1.0,0,Licensing Status:With License
DOH000000000033194,STAR CARE MIDWIFE CLINIC,Health Facility,Birthing Home,birthing,Private,1,1,CITY OF PARA?AQUE,PARANAQUE,B. F. HOMES,,0,1.5,2,Licensing Status:With License
DOH000000000050198,STAR MEDICAL AND BIRTHING CLINIC,Health Facility,Birthing Home,birthing,Private,1,1,CITY OF CALOOCAN,CALOOCAN,BARANGAY 186,,0,1.5,2,Licensing Status:With License
DOH000000000040812,STARCARE DIAGNOSTIC CLINIC,Health Facility,Clinical Laboratory,clinic,Private,1,1,QUEZON CITY,QUEZON CITY,SOCORRO,,0,1.5,0,Licensing Status:With License
DOH000000000040815,"STATELAB CLINICS &AMP; DIAGNOSTIC CENTER, INC.",Health Facility,Clinical Laboratory,clinic,Private,1,1,QUEZON CITY,QUEZON CITY,SOCORRO,,0,1.5,0,Licensing Status:With License
DOH000000000049845,"STATELAB CLINICS AND DIAGNOSTIC CENTER, INC.",Health Facility,Drug Testing Laboratory,laboratory,Private,1,1,QUEZON CITY,QUEZON CITY,E. RODRIGUEZ,Screening (Drug testing),0,1.0,0,Licensing Status:With License
DOH000000000040606,STELLAR CARE LYING-IN INC.,Health Facility,Birthing Home,birthing,Private,1,1,CITY OF CALOOCAN,CALOOCAN,BARANGAY 176-A,,0,1.5,2,Licensing Status:With License
DOH000000000041271,"STEMZ HEALTHCARE PHILIPPINES PRIVATE, INC.",Health Facility,Clinical Laboratory,clinic,Private,1,1,PASAY CITY,PASAY,BARANGAY 76,,0,1.5,0,Licensing Status:With License
DOH000000000040676,STO. CRISTO BIRTHING HOME CLINIC,Health Facility,Birthing Home,birthing,Private,1,1,CITY OF CALOOCAN,CALOOCAN,BARANGAY 175,,0,1.5,2,Licensing Status:With License
DOH000000000049846,STO. DOMINGO DIAGNOSTIC &AMP; MEDICAL CENTER CORP - BACLARAN,Health Facility,Drug Testing Laboratory,laboratory,Private,1,1,CITY OF PARA?AQUE,PARANAQUE,BACLARAN,Screening (Drug testing),0,1.0,0,Licensing Status:With License
DOH000000000049847,STO. DOMINGO DIAGNOSTIC &AMP; MEDICAL CENTER CORP.,Health Facility,Drug Testing Laboratory,laboratory,Private,1,1,QUEZON CITY,QUEZON CITY,SANTO DOMINGO,Screening (Drug testing),0,1.0,0,Licensing Status:With License
DOH000000000053156,STO. DOMINGO DIAGNOSTIC AND MEDICAL CENTER CORP.,Health Facility,Clinical Laboratory,clinic,Private,1,0,CITY OF MANDALUYONG,MANDALUYONG,ADDITION HILLS,,0,1.5,0,Licensing Status:Without License
DOH000000000049849,STO. DOMINGO DIAGNOSTIC AND MEDICAL CENTER CORPORATION,Health Facility,Drug Testing Laboratory,laboratory,Private,1,1,CITY OF MALABON,MALABON,TA?ONG (POB.),Screening (Drug testing),0,1.0,0,Licensing Status:With License
DOH000000000049848,STO. DOMINGO DIAGNOSTIC AND MEDICAL CENTER CORPORATION,Health Facility,Drug Testing Laboratory,laboratory,Private,1,1,CITY OF MANDALUYONG,MANDALUYONG,WACK-WACK GREENHILLS,Screening (Drug testing),0,1.0,0,Licensing Status:With License
DOH000000000040480,STO. DOMINGO DIAGNOSTIC MEDICAL CENTER CORP.,Health Facility,Clinical Laboratory,clinic,Government,0,1,QUEZON CITY,QUEZON CITY,SANTO DOMINGO,,0,1.5,0,Licensing Status:With License
DOH000000000041074,STO. DOMINGO DIAGNOSTIC MEDICAL CENTER CORP. - BACLARAN,Health Facility,Clinical Laboratory,clinic,Private,1,1,CITY OF PARA?AQUE,PARANAQUE,BACLARAN,,0,1.5,0,Licensing Status:With License
DOH000000000039319,STO. DOMINGO DIAGNOSTIC MEDICAL CENTER CORP. - MANDALUYONG,Health Facility,Clinical Laboratory,clinic,Private,1,1,CITY OF MANDALUYONG,MANDALUYONG,WACK-WACK GREENHILLS,Level 2,2,3.0,0,Licensing Status:With License
DOH000000000040674,STO. NIÑO DE CALOOCAN MATERNITY &AMP; LYING IN CLINIC,Health Facility,Birthing Home,birthing,Private,1,1,CITY OF CALOOCAN,CALOOCAN,BARANGAY 178,,0,1.5,2,Licensing Status:With License
DOH000000000040666,STO. NIÑO DE ROSALES MEDICAL CLINIC,Health Facility,Birthing Home,birthing,Private,1,1,CITY OF PARA?AQUE,PARANAQUE,DON GALO,,0,1.5,4,Licensing Status:With License
DOH000000000004440,STO. NIÑO HEALTH CENTER,Health Facility,Rural Health Unit,rhu,Government,0,1,CITY OF MARIKINA,MARIKINA,SANTO NI?O,,0,1.5,0,Licensing Status:With License
DOH000000000043870,STO. ROSARIO MAYSAN,Health Facility,Rural Health Unit,rhu,Government,0,0,CITY OF VALENZUELA,VALENZUELA,MAYSAN,,0,1.5,0,
DOH000000000045361,STONE &AMP; PROSTATE CENTER VRPMC (LASER CENTER),Health Facility,Ambulatory Surgical Clinic,clinic,Private,1,1,CITY OF MANDALUYONG,MANDALUYONG,HIGHWAY HILLS,,0,1.5,0,Licensing Status:With License
DOH000000000049045,STOUTCON EMERGENCY RESPONSE SERVICES,Health Facility,Ambulance Service Provider,ambulance,Private,1,1,QUEZON CITY,QUEZON CITY,PASONG TAMO,,0,0.5,0,Licensing Status:With License
DOH000000000049050,STYX AMBULANCE SERVICE,Health Facility,Ambulance Service Provider,ambulance,Private,1,1,CITY OF TAGUIG,TAGUIG,UPPER BICUTAN,,0,0.5,0,Licensing Status:With License
DOH000000000040379,SUAZO MENDOZA LYING-IN CLINIC,Health Facility,Birthing Home,birthing,Private,1,1,CITY OF PASIG,PASIG,MAYBUNGA,,0,1.5,1,Licensing Status:With License
DOH000000000002298,SUCAT HEALTH CENTER,Health Facility,Rural Health Unit,rhu,Government,0,0,CITY OF MUNTINLUPA,MUNTINLUPA,SUCAT,,0,1.5,0,
DOH000000000049851,SULIT MEDLAB CLINIC,Health Facility,Drug Testing Laboratory,laboratory,Private,1,1,CITY OF MALABON,MALABON,TA?ONG (POB.),Screening (Drug testing),0,1.0,0,Licensing Status:With License
DOH000000000039312,SULIT MEDLAB CLINIC - TAÑONG,Health Facility,Clinical Laboratory,clinic,Private,1,1,CITY OF MALABON,MALABON,TA?ONG (POB.),Level 2,2,3.0,0,Licensing Status:With License
DOH000000000001993,SUMILANG HEALTH CENTER,Health Facility,Rural Health Unit,rhu,Government,0,0,CITY OF PASIG,PASIG,SUMILANG,,0,1.5,0,
DOH000000000004173,SUMILANG SUPER HEALTH CENTER,Health Facility,Rural Health Unit,rhu,Government,0,1,CITY OF PASIG,PASIG,SANTA ROSA,,0,1.5,0,Licensing Status:With License
DOH000000000039284,"SUN LIFE GREPA FINANCIAL, INC. (GREPA MEDICAL &AMP; DIAGNOSTIC CENTER)",Health Facility,Clinical Laboratory,clinic,Private,1,1,CITY OF MAKATI,MAKATI,BEL-AIR,,0,1.5,0,Licensing Status:With License
DOH000000000040604,SUN VALLEY BIRTHING HOME,Health Facility,Birthing Home,birthing,Government,0,1,CITY OF PARA?AQUE,PARANAQUE,SUN VALLEY,,0,1.5,3,Licensing Status:With License
DOH000000000022722,SUN VALLEY MEGA HEALTH CENTER,Health Facility,Rural Health Unit,rhu,Government,0,1,CITY OF PARA?AQUE,PARANAQUE,SUN VALLEY,,0,1.5,0,Licensing Status:With License
DOH000000000049852,SUNRISE HEALTH CHECK DIAGNOSTIC CENTER CORP.,Health Facility,Drug Testing Laboratory,laboratory,Private,1,1,CITY OF VALENZUELA,VALENZUELA,MARULAS,Screening (Drug testing),0,1.0,0,Licensing Status:With License
DOH000000000054146,SUNSHINE MEDICAL DIAGNOSTIC CENTER INC.,Health Facility,Clinical Laboratory,clinic,Private,1,1,PASAY CITY,PASAY,BARANGAY 76,,0,1.5,0,Licensing Status:With License
DOH000000000006896,"SUNSHINE.COM, INC",Health Facility,Psychiatric Care Facility,other,Private,1,1,QUEZON CITY,QUEZON CITY,MARIANA,Custodial Psychiatric Care,0,2.0,30,Licensing Status:With License
DOH000000000053055,SUPERCARE MEDICAL SERVICES INC.,Health Facility,Clinical Laboratory,clinic,Private,1,1,ERMITA,MANILA,BARANGAY 670,,0,1.5,0,Licensing Status:With License
DOH000000000049853,"SUPERCARE MEDICAL SERVICES, INC.",Health Facility,Drug Testing Laboratory,laboratory,Private,1,1,CITY OF MAKATI,MAKATI,BEL-AIR,Screening (Drug testing),0,1.0,0,Licensing Status:With License
DOH000000000052866,"SUPERCARE MEDICAL SERVICES, INC.",Health Facility,Medical Facility for Overseas Workers & Seafarers,other,Private,1,1,ERMITA,MANILA,BARANGAY 669,,0,1.0,0,Licensing Status:With License
DOH000000000049854,SUPERSCAN DRUG TESTING LABORATORY,Health Facility,Drug Testing Laboratory,laboratory,Private,1,1,SANTA CRUZ,MANILA,BARANGAY 345,Screening (Drug testing),0,1.0,0,Licensing Status:With License
DOH000000000041003,SUREHEALTH MULTI-SPECIALTY AND DIAGNOSTIC CLINIC CORP.,Health Facility,Clinical Laboratory,clinic,Private,1,1,SAMPALOC,MANILA,BARANGAY 568,,0,1.5,0,Licensing Status:With License
DOH000000000051518,SUREPOINT DIAGNOSTICS AND MEDICAL SERVICES,Health Facility,Medical Facility for Overseas Workers & Seafarers,other,Private,1,1,ERMITA,MANILA,BARANGAY 667,,0,1.0,0,Licensing Status:With License
DOH000000000045329,SURGERY CENTER OF CENTURIA MEDICAL MAKATI,Health Facility,Ambulatory Surgical Clinic,clinic,Private,1,1,CITY OF MAKATI,MAKATI,POBLACION,,0,1.5,0,Licensing Status:With License
DOH000000000040631,SURVIVOR LYING-IN CLINIC,Health Facility,Birthing Home,birthing,Private,1,1,CITY OF CALOOCAN,CALOOCAN,BARANGAY 154,,0,1.5,1,Licensing Status:With License
DOH000000000054858,SYJUECO AESTHETIC CENTER,Health Facility,Ambulatory Surgical Clinic,clinic,Private,1,1,QUEZON CITY,QUEZON CITY,WEST TRIANGLE,,0,1.5,0,Licensing Status:With License
DOH000000000045844,SYNERGY LIFE SCIENCES AND DIAGNOSTIC SOLUTIONS,Health Facility,Clinical Laboratory,clinic,Private,1,1,BINONDO,MANILA,BARANGAY 292,Level 1,1,2.5,0,Licensing Status:With License
DOH000000000045954,SYNERGY NURSING HOMECARE CENTER CO.,Health Facility,Psychiatric Care Facility,other,Private,1,1,CITY OF MANDALUYONG,MANDALUYONG,PLAINVIEW,Custodial Psychiatric Care,0,2.0,37,Licensing Status:With License
DOH000000000040828,T.H.C. DIAGNOSTIC AND MEDICAL CLINIC,Health Facility,Clinical Laboratory,clinic,Private,1,1,QUEZON CITY,QUEZON CITY,HOLY SPIRIT,,0,1.5,0,Licensing Status:With License
DOH000000000053554,T1 MEDICAL AND DIAGNOSTIC CLINIC CORPORATION,Health Facility,Clinical Laboratory,clinic,Private,1,1,QUEZON CITY,QUEZON CITY,SAN ANTONIO,,0,1.5,0,Licensing Status:With License
DOH000000000003423,TAGALAG HEALTH CENTER,Health Facility,Rural Health Unit,rhu,Government,0,0,CITY OF VALENZUELA,VALENZUELA,TAGALAG,,0,1.5,0,
DOH000000000006084,TAGIG DOCTORS HOSPITAL,Health Facility,Infirmary,infirmary,Private,1,1,CITY OF TAGUIG,TAGUIG,BAGUMBAYAN,,0,2.5,8,Licensing Status:With License
DOH000000000054998,TAGIG WATER TESTING LABORATORY,Health Facility,Laboratory for Drinking Water Analysis,laboratory,Private,1,1,CITY OF TAGUIG,TAGUIG,TUKTUKAN,,0,1.0,0,Licensing Status:With License
DOH000000000053157,TAGUIG CITY DIAGNOSTIC CENTER,Health Facility,Clinical Laboratory,clinic,Government,0,1,CITY OF TAGUIG,TAGUIG,HAGONOY,,0,1.5,0,Licensing Status:With License
DOH000000000041978,TAGUIG CITY DIALYSIS CENTER,Health Facility,Dialysis Clinic,dialysis,Private,1,1,CITY OF TAGUIG,TAGUIG,NORTH SIGNAL VILLAGE,,0,2.0,0,Licensing Status:With License
DOH000000000054780,TAGUIG CITY GENERAL HOSPITAL,Health Facility,Hospital,hospital,Government,0,1,CITY OF TAGUIG,TAGUIG,HAGONOY,Level 2,2,3.0,66,Licensing Status:With License
DOH000000000023010,TAGUIG CITY HEALTH OFFICE,Health Facility,City Health Office,other,Government,0,0,CITY OF TAGUIG,TAGUIG,TUKTUKAN,,0,1.0,0,Licensing Status:Without License
DOH000000000039382,TAGUIG CITY MOLECULAR LABORATORY,Health Facility,COVID-19 Testing Laboratory,laboratory,Government,0,1,CITY OF TAGUIG,TAGUIG,LOWER BICUTAN,,0,1.0,0,Licensing Status:With License
DOH000000000040934,TAGUIG CLINICAL LABORATORY,Health Facility,Clinical Laboratory,clinic,Government,0,1,CITY OF TAGUIG,TAGUIG,TUKTUKAN,,0,1.5,0,Licensing Status:With License
DOH000000000033805,TAGUIG SOCIAL HYGIENE CLINIC DROP-IN CENTER,Health Facility,Social Hygiene Clinic,clinic,Government,0,0,CITY OF TAGUIG,TAGUIG,WESTERN BICUTAN,,0,1.5,0,
DOH000000000000788,TAGUIG-PATEROS DISTRICT HOSPITAL,Health Facility,Hospital,hospital,Government,0,1,CITY OF TAGUIG,TAGUIG,WESTERN BICUTAN,Level 1,1,2.5,110,Licensing Status:With License
DOH000000000000906,TALA HEALTH CENTER,Health Facility,Rural Health Unit,rhu,Government,0,0,CITY OF CALOOCAN,CALOOCAN,BARANGAY 188,,0,1.5,0,
DOH000000000043235,TALA WAREHOUSE,Health Related Facility,Regional Warehouse - Combination,other,Government,0,0,CITY OF CALOOCAN,CALOOCAN,BARANGAY 186,,0,1.0,0,
DOH000000000005258,TALIPAPA HEALTH CENTER,Health Facility,Rural Health Unit,rhu,Government,0,0,CITY OF CALOOCAN,CALOOCAN,BARANGAY 164,,0,1.5,0,
DOH000000000002933,TALON I HEALTH CENTER,Health Facility,Rural Health Unit,rhu,Government,0,0,CITY OF LAS PI?AS,LAS PINAS,TALON UNO,,0,1.5,0,
DOH000000000002218,TALON II HEALTH CENTER,Health Facility,Rural Health Unit,rhu,Government,0,0,CITY OF LAS PI?AS,LAS PINAS,TALON DOS,,0,1.5,0,
DOH000000000000908,TALON IV HEALTH CENTER,Health Facility,Rural Health Unit,rhu,Government,0,0,CITY OF LAS PI?AS,LAS PINAS,TALON KUATRO,,0,1.5,0,
DOH000000000000909,TALON V RURAL HEALTH UNIT (MOONWALK RURAL HEALTH UNIT ),Health Facility,Rural Health Unit,rhu,Government,0,0,CITY OF LAS PI?AS,LAS PINAS,TALON SINGKO,,0,1.5,0,
DOH000000000033238,TAMAYO FAMILY CARE BIRTHING HOME CLINIC,Health Facility,Birthing Home,birthing,Private,1,1,QUEZON CITY,QUEZON CITY,KRUS NA LIGAS,,0,1.5,2,Licensing Status:With License
DOH000000000005322,TAMBO HEALTH CENTER,Health Facility,Rural Health Unit,rhu,Government,0,1,CITY OF PARA?AQUE,PARANAQUE,TAMBO,,0,1.5,0,Licensing Status:With License
DOH000000000002946,TANDANG SORA HEALTH CENTER,Health Facility,Rural Health Unit,rhu,Government,0,0,QUEZON CITY,QUEZON CITY,TALIPAPA,,0,1.5,0,
DOH000000000002940,TANGOS HEALTH CENTER,Health Facility,Rural Health Unit,rhu,Government,0,0,CITY OF NAVOTAS,NAVOTAS,TANGOS SOUTH,,0,1.5,0,
DOH000000000043619,TANZA HEALTH CENTER,Health Facility,Barangay Health Station,bhs,Government,0,0,CITY OF NAVOTAS,NAVOTAS,TANZA 1,,0,1.5,0,
DOH000000000040577,TANZA LYING-IN CLINIC,Health Facility,Birthing Home,birthing,Government,0,1,CITY OF NAVOTAS,NAVOTAS,TANZA 1,,0,1.5,5,Licensing Status:With License
DOH000000000052443,TATALON ANIMAL BITE TREATMENT CENTER,Health Facility,Animal Bite Treatment Center,other,Government,0,0,QUEZON CITY,QUEZON CITY,TATALON,,0,1.0,0,
DOH000000000005247,TATALON HEALTH CENTER,Health Facility,Rural Health Unit,rhu,Government,0,0,QUEZON CITY,QUEZON CITY,TATALON,,0,1.5,0,
DOH000000000002723,TAYABAS HEALTH CENTER,Health Facility,Rural Health Unit,rhu,Government,0,1,TONDO I/II,MANILA,BARANGAY 228,,0,1.5,0,Licensing Status:With License
DOH000000000001512,TAÑONG HEALTH CENTER,Health Facility,Rural Health Unit,rhu,Government,0,0,CITY OF MALABON,MALABON,TA?ONG (POB.),,0,1.5,0,
DOH000000000000202,TAÑONG HEALTH CENTER,Health Facility,Rural Health Unit,rhu,Government,0,1,CITY OF MARIKINA,MARIKINA,TA?ONG,,0,1.5,0,Licensing Status:With License
DOH000000000039331,TC MEDICAL LABORATORY,Health Facility,Clinical Laboratory,clinic,Private,1,1,CITY OF MANDALUYONG,MANDALUYONG,POBLACION,Level 2,2,3.0,0,Licensing Status:With License
DOH000000000040890,TCLV HEALTHCARE MEDICAL AND DIAGNOSTIC LABORATORY,Health Facility,Clinical Laboratory,clinic,Private,1,1,CITY OF MARIKINA,MARIKINA,CONCEPCION DOS,,0,1.5,0,Licensing Status:With License
DOH000000000003897,TEJEROS HEALTH CENTER,Health Facility,Rural Health Unit,rhu,Government,0,0,CITY OF MAKATI,MAKATI,TEJEROS,,0,1.5,0,
DOH000000000040785,TELECURE MEDICAL AND DIAGNOSTIC CENTER,Health Facility,Clinical Laboratory,clinic,Private,1,1,SAMPALOC,MANILA,BARANGAY 631,,0,1.5,0,Licensing Status:With License
DOH000000000033247,TERESITA ANGELES ORALLO LYING IN CLINIC,Health Facility,Birthing Home,birthing,Private,1,1,CITY OF TAGUIG,TAGUIG,CENTRAL BICUTAN,,0,1.5,2,Licensing Status:With License
DOH000000000045362,"THE AMERICAN EYE CENTER, INC.",Health Facility,Ambulatory Surgical Clinic,clinic,Private,1,1,CITY OF MANDALUYONG,MANDALUYONG,WACK-WACK GREENHILLS,,0,1.5,0,Licensing Status:With License
DOH000000000048368,THE BEST RENAL CARE INC.,Health Facility,Dialysis Clinic,dialysis,Private,1,1,CITY OF MALABON,MALABON,POTRERO,,0,2.0,0,Licensing Status:With License
DOH000000000003001,THE CLINIC OF THE HOLY SPIRIT INC,Health Facility,Psychiatric Care Facility,other,Private,1,1,QUEZON CITY,QUEZON CITY,E. RODRIGUEZ,,0,2.0,40,Licensing Status:With License
DOH000000000040520,"THE FAMILY PLANNING ORGANIZATION OF THE PHILIPPINES, INC.",Health Facility,Birthing Home,birthing,Private,1,1,QUEZON CITY,QUEZON CITY,TANDANG SORA,,0,1.5,3,Licensing Status:With License
DOH000000000054901,"THE HEALTH COLLECTIVE, INC",Health Facility,Dialysis Clinic,dialysis,Private,1,1,CITY OF MANDALUYONG,MANDALUYONG,WACK-WACK GREENHILLS,,0,2.0,0,Licensing Status:With License
DOH000000000046474,THE ICON CLINIC-PLASTIC SURGERY AND DERMATOLOGY INC.,Health Facility,Ambulatory Surgical Clinic,clinic,Private,1,1,CITY OF SAN JUAN,SAN JUAN,GREENHILLS,,0,1.5,0,Licensing Status:With License
DOH000000000039287,THE JAPANESE ASSOCIATION MANILA INC. MEDICAL CLINIC,Health Facility,Clinical Laboratory,clinic,Private,1,1,CITY OF MAKATI,MAKATI,SAN LORENZO,,0,1.5,0,Licensing Status:With License
DOH000000000041620,"THE KIDNEYSPACE, INC.",Health Facility,Dialysis Clinic,dialysis,Private,1,1,CITY OF CALOOCAN,CALOOCAN,BARANGAY 95,,0,2.0,0,Licensing Status:With License
DOH000000000039234,THE LORD'S GRACE MEDICAL &AMP; INDUSTRIAL CLINIC,Health Facility,Clinical Laboratory,clinic,Private,1,1,CITY OF MAKATI,MAKATI,OLYMPIA,,0,1.5,0,Licensing Status:With License
DOH000000000053054,THE MED CLUB HEALTH GROUP INC.,Health Facility,Clinical Laboratory,clinic,Private,1,1,QUEZON CITY,QUEZON CITY,BAGONG PAG-ASA,,0,1.5,0,Licensing Status:With License
DOH000000000051051,THE MEDICAL AVENUE CORPORATION,Health Facility,Birthing Home,birthing,Private,1,1,QUEZON CITY,QUEZON CITY,FAIRVIEW,,0,1.5,4,Licensing Status:With License
DOH000000000005104,THE MEDICAL CITY,Health Facility,Hospital,hospital,Private,1,1,CITY OF PASIG,PASIG,UGONG,Level 3,3,4.0,522,Licensing Status:With License
DOH000000000040114,THE MEDICAL CITY - ORTIGAS (CARTRIDGE - BASED PCR),Health Facility,COVID-19 Testing Laboratory,laboratory,Private,1,1,CITY OF PASIG,PASIG,UGONG,,0,1.0,0,Licensing Status:With License
DOH000000000038984,THE MEDICAL CITY - ORTIGAS (RT-PCR),Health Facility,COVID-19 Testing Laboratory,laboratory,Private,1,1,CITY OF PASIG,PASIG,UGONG,,0,1.0,0,Licensing Status:With License
DOH000000000053052,THE MEDICAL CITY CLINIC - SM MUNTINLUPA,Health Facility,Clinical Laboratory,clinic,Private,1,1,CITY OF MUNTINLUPA,MUNTINLUPA,TUNASAN,,0,1.5,0,Licensing Status:With License
DOH000000000040851,THE MEDICAL CITY CLINIC @  SM MARIKINA,Health Facility,Clinical Laboratory,clinic,Private,1,1,CITY OF MARIKINA,MARIKINA,CALUMPANG,,0,1.5,0,Licensing Status:With License
DOH000000000040472,THE MEDICAL CITY CLINIC @ COMMONWEALTH,Health Facility,Ambulatory Surgical Clinic,clinic,Private,1,1,QUEZON CITY,QUEZON CITY,HOLY SPIRIT,,0,1.5,0,Licensing Status:With License
DOH000000000040461,THE MEDICAL CITY CLINIC @ CONGRESSIONAL,Health Facility,Clinical Laboratory,clinic,Private,1,1,QUEZON CITY,QUEZON CITY,VETERANS VILLAGE,,0,1.5,0,Licensing Status:With License
DOH000000000040507,THE MEDICAL CITY CLINIC @ EASTWOOD,Health Facility,Clinical Laboratory,clinic,Private,1,1,QUEZON CITY,QUEZON CITY,BAGUMBAYAN,,0,1.5,0,Licensing Status:With License
DOH000000000041033,THE MEDICAL CITY CLINIC @ FELIZ,Health Facility,Clinical Laboratory,clinic,Private,1,1,CITY OF PASIG,PASIG,DELA PAZ,,0,1.5,0,Licensing Status:With License
DOH000000000040588,THE MEDICAL CITY CLINIC @ FISHER MALL,Health Facility,Clinical Laboratory,clinic,Government,0,1,QUEZON CITY,QUEZON CITY,SANTA CRUZ,,0,1.5,0,Licensing Status:With License
DOH000000000040487,THE MEDICAL CITY CLINIC @ GATEWAY,Health Facility,Clinical Laboratory,clinic,Private,1,1,QUEZON CITY,QUEZON CITY,SOCORRO,,0,1.5,0,Licensing Status:With License
DOH000000000040999,THE MEDICAL CITY CLINIC @ LUCKY CHINATOWN,Health Facility,Clinical Laboratory,clinic,Private,1,1,BINONDO,MANILA,BARANGAY 296,,0,1.5,0,Licensing Status:With License
DOH000000000040908,THE MEDICAL CITY CLINIC @ MARKET MARKET,Health Facility,Clinical Laboratory,clinic,Private,1,1,CITY OF TAGUIG,TAGUIG,FORT BONIFACIO,,0,1.5,0,Licensing Status:With License
DOH000000000047005,THE MEDICAL CITY CLINIC @ PASIG,Health Facility,Ambulatory Surgical Clinic,clinic,Private,1,1,CITY OF PASIG,PASIG,SANTA LUCIA,,0,1.5,0,Licensing Status:With License
DOH000000000040738,THE MEDICAL CITY CLINIC @ REGIS,Health Facility,Clinical Laboratory,clinic,Private,1,1,QUEZON CITY,QUEZON CITY,LOYOLA HEIGHTS,,0,1.5,0,Licensing Status:With License
DOH000000000049858,THE MEDICAL CITY CLINIC @ REGIS CENTER KATIPUNAN,Health Facility,Drug Testing Laboratory,laboratory,Private,1,1,QUEZON CITY,QUEZON CITY,LOYOLA HEIGHTS,Screening (Drug testing),0,1.0,0,Licensing Status:With License
DOH000000000040497,THE MEDICAL CITY CLINIC @ ROBINSONS MAGNOLIA,Health Facility,Clinical Laboratory,clinic,Private,1,1,QUEZON CITY,QUEZON CITY,KAUNLARAN,,0,1.5,0,Licensing Status:With License
DOH000000000039261,THE MEDICAL CITY CLINIC @ SAN LORENZO PLACE,Health Facility,Clinical Laboratory,clinic,Private,1,1,CITY OF MAKATI,MAKATI,BANGKAL,,0,1.5,0,Licensing Status:With License
DOH000000000040884,THE MEDICAL CITY CLINIC @ SANTOLAN TOWN PLAZA,Health Facility,Clinical Laboratory,clinic,Private,1,1,CITY OF SAN JUAN,SAN JUAN,LITTLE BAGUIO,,0,1.5,0,Licensing Status:With License
DOH000000000040486,THE MEDICAL CITY CLINIC @ SM FAIRVIEW,Health Facility,Clinical Laboratory,clinic,Private,1,1,QUEZON CITY,QUEZON CITY,FAIRVIEW,,0,1.5,0,Licensing Status:With License
DOH000000000040918,THE MEDICAL CITY CLINIC @ SM FTI,Health Facility,Clinical Laboratory,clinic,Private,1,1,CITY OF TAGUIG,TAGUIG,WESTERN BICUTAN,,0,1.5,0,Licensing Status:With License
DOH000000000039321,THE MEDICAL CITY CLINIC @ SM LIGHT MALL,Health Facility,Clinical Laboratory,clinic,Private,1,1,CITY OF MANDALUYONG,MANDALUYONG,BARANGKA ILAYA,Level 2,2,3.0,0,Licensing Status:With License
DOH000000000049860,THE MEDICAL CITY CLINIC @ SM MALL OF ASIA,Health Facility,Drug Testing Laboratory,laboratory,Private,1,1,PASAY CITY,PASAY,BARANGAY 76,Screening (Drug testing),0,1.0,0,Licensing Status:With License
DOH000000000044418,THE MEDICAL CITY CLINIC @ SM NORTH,Health Facility,Ambulatory Surgical Clinic,clinic,Private,1,1,QUEZON CITY,QUEZON CITY,BAGONG PAG-ASA,,0,1.5,0,Licensing Status:With License
DOH000000000049861,THE MEDICAL CITY CLINIC @ SM NOVALICHES,Health Facility,Drug Testing Laboratory,laboratory,Private,1,1,QUEZON CITY,QUEZON CITY,SAN BARTOLOME,Screening (Drug testing),0,1.0,0,Licensing Status:With License
DOH000000000039355,THE MEDICAL CITY CLINIC @ SM SAN LAZARO,Health Facility,Clinical Laboratory,clinic,Private,1,1,SANTA CRUZ,MANILA,BARANGAY 350,Level 1,1,2.5,0,Licensing Status:With License
DOH000000000039324,THE MEDICAL CITY CLINIC @ SM SHAW,Health Facility,Clinical Laboratory,clinic,Private,1,1,CITY OF MANDALUYONG,MANDALUYONG,BAGONG SILANG,Level 1,1,2.5,0,Licensing Status:With License
DOH000000000039197,THE MEDICAL CITY CLINIC @ SM SOUTH TOWER,Health Facility,Clinical Laboratory,clinic,Private,1,1,CITY OF LAS PI?AS,LAS PINAS,ALMANZA UNO,,0,1.5,0,Licensing Status:With License
DOH000000000040464,THE MEDICAL CITY CLINIC @ SM STA. MESA,Health Facility,Clinical Laboratory,clinic,Private,1,1,QUEZON CITY,QUEZON CITY,DO?A IMELDA,,0,1.5,0,Licensing Status:With License
DOH000000000041093,THE MEDICAL CITY CLINIC @ SM SUCAT,Health Facility,Clinical Laboratory,clinic,Private,1,1,CITY OF PARA?AQUE,PARANAQUE,SAN DIONISIO,,0,1.5,0,Licensing Status:With License
DOH000000000040949,THE MEDICAL CITY CLINIC @ SM VALENZUELA,Health Facility,Clinical Laboratory,clinic,Private,1,1,CITY OF VALENZUELA,VALENZUELA,KARUHATAN,,0,1.5,0,Licensing Status:With License
DOH000000000049862,THE MEDICAL CITY CLINIC @ TIMOG,Health Facility,Drug Testing Laboratory,laboratory,Private,1,1,QUEZON CITY,QUEZON CITY,LAGING HANDA,Screening (Drug testing),0,1.0,0,Licensing Status:With License
DOH000000000049863,THE MEDICAL CITY CLINIC @ TRINOMA,Health Facility,Drug Testing Laboratory,laboratory,Private,1,1,QUEZON CITY,QUEZON CITY,BAGONG PAG-ASA,Screening (Drug testing),0,1.0,0,Licensing Status:With License
DOH000000000039157,THE MEDICAL CITY CLINIC @ VICTORY MALL,Health Facility,Clinical Laboratory,clinic,Private,1,1,CITY OF CALOOCAN,CALOOCAN,BARANGAY 72,Level 2,2,3.0,0,Licensing Status:With License
DOH000000000041085,THE MEDICAL CITY CLINIC @ WALTERMART BICUTAN,Health Facility,Clinical Laboratory,clinic,Private,1,1,CITY OF PARA?AQUE,PARANAQUE,SAN MARTIN DE PORRES,,0,1.5,0,Licensing Status:With License
DOH000000000039243,THE MEDICAL CITY CLINIC @ WALTERMART MAKATI,Health Facility,Clinical Laboratory,clinic,Private,1,1,CITY OF MAKATI,MAKATI,PIO DEL PILAR,,0,1.5,0,Licensing Status:With License
DOH000000000051664,THE MEDICAL CITY CLINIC @FAIRVIEW,Health Facility,Ambulatory Surgical Clinic,clinic,Private,1,1,QUEZON CITY,QUEZON CITY,GREATER LAGRO,,0,1.5,0,Licensing Status:With License
DOH000000000051849,THE MEDICAL CITY CLINIC @SM MALL OF ASIA,Health Facility,Ambulatory Surgical Clinic,clinic,Private,1,1,PASAY CITY,PASAY,BARANGAY 76,,0,1.5,0,Licensing Status:With License
DOH000000000051847,THE MEDICAL CITY CLINIC-MARKET-MARKET TAGUIG,Health Facility,Ambulatory Surgical Clinic,clinic,Private,1,1,CITY OF TAGUIG,TAGUIG,FORT BONIFACIO,,0,1.5,0,Licensing Status:With License
DOH000000000040941,THE MEDICAL CITY CLINICS,Health Facility,Clinical Laboratory,clinic,Private,1,1,ERMITA,MANILA,BARANGAY 659,,0,1.5,0,Licensing Status:With License
DOH000000000043846,THE MEDICAL CITY CLINICS,Health Facility,Clinical Laboratory,clinic,Private,1,1,CITY OF PASIG,PASIG,ORANBO,,0,1.5,0,Licensing Status:With License
DOH000000000052432,THE MEDICAL CITY CLINICS,Health Facility,Clinical Laboratory,clinic,Private,1,1,QUEZON CITY,QUEZON CITY,SANTA TERESITA,,0,1.5,0,Licensing Status:With License
DOH000000000053045,THE MEDICAL CITY CLINICS - SM CALOOCAN,Health Facility,Clinical Laboratory,clinic,Private,1,1,CITY OF CALOOCAN,CALOOCAN,BARANGAY 171,,0,1.5,0,Licensing Status:With License
DOH000000000051641,THE MEDICAL CITY CLINICS - SM CITY GRAND CENTRAL,Health Facility,Clinical Laboratory,clinic,Private,1,1,CITY OF CALOOCAN,CALOOCAN,BARANGAY 88,,0,1.5,0,Licensing Status:With License
DOH000000000052438,THE MEDICAL CITY CLINICS - U.P. TOWN CENTER,Health Facility,Clinical Laboratory,clinic,Private,1,1,QUEZON CITY,QUEZON CITY,KATIPUNAN,,0,1.5,0,Licensing Status:With License
DOH000000000049864,THE MEDICAL CITY FAIRVIEW CLINIC,Health Facility,Drug Testing Laboratory,laboratory,Private,1,1,QUEZON CITY,QUEZON CITY,FAIRVIEW,Screening (Drug testing),0,1.0,0,Licensing Status:With License
DOH000000000043374,"THE MEGA CLINIC, INC.",Health Facility,Ambulatory Surgical Clinic,clinic,Private,1,1,CITY OF MANDALUYONG,MANDALUYONG,WACK-WACK GREENHILLS,,0,1.5,0,Licensing Status:With License
DOH000000000045363,"THE MEGACLINIC, INC",Health Facility,Ambulatory Surgical Clinic,clinic,Private,1,1,CITY OF MANDALUYONG,MANDALUYONG,WACK-WACK GREENHILLS,,0,1.5,0,Licensing Status:With License
DOH000000000049865,"THE MEGACLINIC, INC.",Health Facility,Drug Testing Laboratory,laboratory,Private,1,1,CITY OF MANDALUYONG,MANDALUYONG,WACK-WACK GREENHILLS,Screening (Drug testing),0,1.0,0,Licensing Status:With License
DOH000000000023574,"THE NEW BEGINNINGS FOUNDATION, INC.",Health Facility,Drug Abuse Treatment and Rehabilitation Centers,other,Private,1,1,CITY OF MAKATI,MAKATI,SAN LORENZO,,0,1.0,0,Licensing Status:With License
DOH000000000039178,THE PERLAS POLYCLINIC,Health Facility,Clinical Laboratory,clinic,Private,1,1,CITY OF CALOOCAN,CALOOCAN,BARANGAY 51,Level 2,2,3.0,0,Licensing Status:With License
DOH000000000049866,THE PERLAS POLYCLINIC DTC,Health Facility,Drug Testing Laboratory,laboratory,Private,1,1,CITY OF CALOOCAN,CALOOCAN,BARANGAY 51,Screening (Drug testing),0,1.0,0,Licensing Status:With License
DOH000000000039588,"THE PREMIER DIALYSIS CENTER, INC.",Health Facility,Dialysis Clinic,dialysis,Private,1,1,CITY OF PARA?AQUE,PARANAQUE,SAN DIONISIO,,0,2.0,0,Licensing Status:With License
DOH000000000032082,THE PREMIER MEDICAL CENTER,Health Facility,Hospital,hospital,Private,1,1,CITY OF PARA?AQUE,PARANAQUE,SAN DIONISIO,Level 2,2,3.0,40,Licensing Status:With License
DOH000000000033212,THE RIGHT CHOICE BIRTHING HOME CLINIC,Health Facility,Birthing Home,birthing,Private,1,1,CITY OF PASIG,PASIG,SANTA LUCIA,,0,1.5,1,Licensing Status:With License
DOH000000000049689,THE SPECIALISTS SURGERY &AMP; CANCER CENTER,Health Facility,Ambulatory Surgical Clinic,clinic,Private,1,1,QUEZON CITY,QUEZON CITY,FAIRVIEW,,0,1.5,0,Licensing Status:With License
DOH000000000040789,THE WELLNESS HUB CLINIC AND LABORATORY,Health Facility,Clinical Laboratory,clinic,Private,1,1,QUEZON CITY,QUEZON CITY,COMMONWEALTH,,0,1.5,0,Licensing Status:With License
DOH000000000041556,THERAPY MANAGEMENT SERVICES PHILS. INC.,Health Facility,Dialysis Clinic,dialysis,Private,1,1,CITY OF MANDALUYONG,MANDALUYONG,PLEASANT HILLS,,0,2.0,0,Licensing Status:With License
DOH000000000042092,THERAPY MANAGEMENT SERVICES PHILS. INC.,Health Facility,Dialysis Clinic,dialysis,Private,1,1,SAMPALOC,MANILA,BARANGAY 502,,0,2.0,0,Licensing Status:With License
DOH000000000041971,THERAPY MANAGEMENT SERVICES PHILS. INC.,Health Facility,Dialysis Clinic,dialysis,Private,1,1,CITY OF PASIG,PASIG,ROSARIO,,0,2.0,0,Licensing Status:With License
DOH000000000041635,THERAPY MANAGEMENT SERVICES PHILS. INC.,Health Facility,Dialysis Clinic,dialysis,Private,1,1,QUEZON CITY,QUEZON CITY,NORTH FAIRVIEW,,0,2.0,0,Licensing Status:With License
DOH000000000039222,THERESE OF LISIEUX DIAGNOSTIC AND RESEARCH CENTER,Health Facility,Clinical Laboratory,clinic,Private,1,1,CITY OF LAS PI?AS,LAS PINAS,PAMPLONA TRES,,0,1.5,0,Licensing Status:With License
DOH000000000049867,THERESE OF LISIEUX DIAGNOSTICS AND RESEARCH CENTER,Health Facility,Drug Testing Laboratory,laboratory,Private,1,1,CITY OF LAS PI?AS,LAS PINAS,PAMPLONA TRES,Screening (Drug testing),0,1.0,0,Licensing Status:With License
DOH000000000039170,THREE KINGS DIAGNOSTIC CLINIC,Health Facility,Clinical Laboratory,clinic,Private,1,1,CITY OF CALOOCAN,CALOOCAN,BARANGAY 25,,0,1.5,0,Licensing Status:With License
DOH000000000053943,THREE VITALITY MEDICAL AND LABORATORY SERVICES,Health Facility,Clinical Laboratory,clinic,Private,1,1,CITY OF CALOOCAN,CALOOCAN,BARANGAY 178,,0,1.5,0,Licensing Status:With License
DOH000000000053183,THYROID HEAD AND NECK SPECIALISTS,Health Facility,Ambulatory Surgical Clinic,clinic,Private,1,1,CITY OF TAGUIG,TAGUIG,FORT BONIFACIO,,0,1.5,0,Licensing Status:With License
DOH000000000015449,TIBAGAN HEALTH CENTER,Health Facility,Rural Health Unit,rhu,Government,0,0,CITY OF SAN JUAN,SAN JUAN,TIBAGAN,,0,1.5,0,
DOH000000000040892,TIBAGAN HEALTH CENTER LABORATORY,Health Facility,Clinical Laboratory,clinic,Government,0,1,CITY OF SAN JUAN,SAN JUAN,TIBAGAN,,0,1.5,0,Licensing Status:With License
DOH000000000044215,TIERRA NOVA SATELLITE CENTER,Health Facility,Barangay Health Station,bhs,Government,0,0,CITY OF CALOOCAN,CALOOCAN,BARANGAY 171,,0,1.5,0,
DOH000000000052460,TIMELINE MEDICAL CLINIC AND LABORATORY,Health Facility,Clinical Laboratory,clinic,Private,1,1,SAMPALOC,MANILA,BARANGAY 456,,0,1.5,0,Licensing Status:With License
DOH000000000040419,TIMOGAN MEDICAL CLINIC,Health Facility,Clinical Laboratory,clinic,Private,1,1,QUEZON CITY,QUEZON CITY,COMMONWEALTH,,0,1.5,0,Licensing Status:With License
DOH000000000007308,TINAJEROS HEALTH CENTER,Health Facility,Rural Health Unit,rhu,Government,0,0,CITY OF MALABON,MALABON,TINAJEROS,,0,1.5,0,
DOH000000000047322,TLC CARE CENTER CORP.,Health Facility,Psychiatric Care Facility,other,Private,1,1,CITY OF MANDALUYONG,MANDALUYONG,PLAINVIEW,Custodial Psychiatric Care,0,2.0,15,Licensing Status:With License
DOH000000000046625,TLCC MEDICAL HEALTH SERVICES,Health Facility,Clinical Laboratory,clinic,Private,1,1,CITY OF PASIG,PASIG,ROSARIO,,0,1.5,0,Licensing Status:With License
DOH000000000039226,TMDC INTEGRATED HEALTH CARE CENTER,Health Facility,Clinical Laboratory,clinic,Private,1,1,CITY OF LAS PI?AS,LAS PINAS,PAMPLONA TRES,,0,1.5,0,Licensing Status:With License
DOH000000000049869,"TOKYO HEALTHLINK, INC.",Health Facility,Drug Testing Laboratory,laboratory,Private,1,1,CITY OF MUNTINLUPA,MUNTINLUPA,ALABANG,Screening (Drug testing),0,1.0,0,Licensing Status:With License
DOH000000000046405,"TOKYO HEALTHLINK, INC. MEDICAL DIAGNOSTIC CENTER",Health Facility,Ambulatory Surgical Clinic,clinic,Private,1,1,CITY OF MUNTINLUPA,MUNTINLUPA,ALABANG,,0,1.5,0,Licensing Status:With License
DOH000000000005173,TONDO FORESHORE HEALTH CENTER &AMP; LYING-IN CLINIC,Health Facility,Rural Health Unit,rhu,Government,0,1,TONDO I/II,MANILA,BARANGAY 118,,0,1.5,0,Licensing Status:With License
DOH000000000046633,TONDO FORSHORE SUPER HEALTH CENTER &AMP; LYING-IN CLINIC,Health Facility,Birthing Home,birthing,Government,0,1,TONDO I/II,MANILA,BARANGAY 118,,0,1.5,8,Licensing Status:With License
DOH000000000002524,TONDO HEALTH CENTER,Health Facility,Rural Health Unit,rhu,Government,0,1,TONDO I/II,MANILA,BARANGAY 165,,0,1.5,0,Licensing Status:With License
DOH000000000006596,TONDO MEDICAL CENTER,Health Facility,Hospital,hospital,Government,0,1,TONDO I/II,MANILA,BARANGAY 126,Level 3,3,4.0,300,Licensing Status:With License
DOH000000000039009,TONDO MEDICAL CENTER (GENEXPERT),Health Facility,COVID-19 Testing Laboratory,laboratory,Government,0,1,TONDO I/II,MANILA,BARANGAY 126,,0,1.0,0,Licensing Status:With License
DOH000000000052688,TONDO MEDICAL CENTER (TMC BUCAS CENTER - BETTER WORLD),Health Facility,Bagong Urgent Care and Ambulatory Service,other,Government,0,0,TONDO I/II,MANILA,BARANGAY 128,,0,1.0,0,
DOH000000000007288,TONSUYA SUPER HEALTH CENTER,Health Facility,Rural Health Unit,rhu,Government,0,0,CITY OF MALABON,MALABON,TONSUYA,,0,1.5,0,
DOH000000000045820,TOP MED DIAGNOSTICS AND MULTISPECIALTY CLINIC INC.,Health Facility,Clinical Laboratory,clinic,Private,1,1,CITY OF VALENZUELA,VALENZUELA,KARUHATAN,,0,1.5,0,Licensing Status:With License
DOH000000000040958,TOPHEALTH MEDICAL CLINICS INC.,Health Facility,Clinical Laboratory,clinic,Private,1,1,SANTA CRUZ,MANILA,BARANGAY 350,,0,1.5,0,Licensing Status:With License
DOH000000000049871,"TOPHEALTH MEDICAL CLINICS, INC.",Health Facility,Drug Testing Laboratory,laboratory,Private,1,1,SANTA CRUZ,MANILA,BARANGAY 350,Screening (Drug testing),0,1.0,0,Licensing Status:With License
DOH000000000049872,TOPMED DIAGNOSTICS AND ANIMAL BITE CENTER,Health Facility,Drug Testing Laboratory,laboratory,Private,1,1,QUEZON CITY,QUEZON CITY,CENTRAL,Screening (Drug testing),0,1.0,0,Licensing Status:With License
DOH000000000040775,TORO HILLS CLINICAL LABORATORY,Health Facility,Clinical Laboratory,clinic,Government,0,1,QUEZON CITY,QUEZON CITY,BAHAY TORO,,0,1.5,0,Licensing Status:With License
DOH000000000007304,TORO HILLS HEALTH CENTER,Health Facility,Rural Health Unit,rhu,Government,0,0,QUEZON CITY,QUEZON CITY,BAHAY TORO,,0,1.5,0,
DOH000000000003349,TORRES BUGALLON HEALTH CENTER,Health Facility,Rural Health Unit,rhu,Government,0,0,CITY OF CALOOCAN,CALOOCAN,BARANGAY 5,,0,1.5,0,
DOH000000000049047,TRANSCARE EMERGENCY MEDICAL SERVICES,Health Facility,Ambulance Service Provider,ambulance,Private,1,1,SAMPALOC,MANILA,BARANGAY 586,,0,0.5,0,Licensing Status:With License
DOH000000000049875,TRANSGLOBAL HEALTH SYSTEM INC,Health Facility,Drug Testing Laboratory,laboratory,Private,1,1,CITY OF MAKATI,MAKATI,SAN ANTONIO,Screening (Drug testing),0,1.0,0,Licensing Status:With License
DOH000000000048118,"TRANSGLOBAL HEALTH SYSTEM, INC.",Health Facility,Medical Facility for Overseas Workers & Seafarers,other,Private,1,1,CITY OF MAKATI,MAKATI,SAN ANTONIO,,0,1.0,0,Licensing Status:With License
DOH000000000048278,"TRANSNATIONAL MEDICAL AND DIAGNOSTIC CENTER, INC.",Health Facility,Medical Facility for Overseas Workers & Seafarers,other,Private,1,1,INTRAMUROS,MANILA,BARANGAY 658,,0,1.0,0,Licensing Status:With License
DOH000000000050477,"TRANSNATIONAL MEDICAL AND DIAGNOSTIC CENTER, INC.",Health Facility,Medical Facility for Overseas Workers & Seafarers,other,Private,1,1,PASAY CITY,PASAY,BARANGAY 76,,0,1.0,0,Licensing Status:With License
DOH000000000049876,"TRANSNATIONAL MEDICAL DIAGNOSTIC CENTER, INC.",Health Facility,Drug Testing Laboratory,laboratory,Private,1,1,INTRAMUROS,MANILA,BARANGAY 658,Screening (Drug testing),0,1.0,0,Licensing Status:With License
DOH000000000049878,TRICITY MEDICAL CENTER INC.,Health Facility,Drug Testing Laboratory,laboratory,Private,1,1,CITY OF PASIG,PASIG,MAYBUNGA,Screening (Drug testing),0,1.0,0,Licensing Status:With License
DOH000000000032083,"TRICITY MEDICAL CENTER, INC.",Health Facility,Hospital,hospital,Private,1,1,CITY OF PASIG,PASIG,MAYBUNGA,Level 2,2,3.0,100,Licensing Status:With License
DOH000000000033239,TRINIDAD MIDWIFERY LYING-IN SERVICES,Health Facility,Birthing Home,birthing,Private,1,1,QUEZON CITY,QUEZON CITY,FAIRVIEW,,0,1.5,2,Licensing Status:With License
DOH000000000040799,TRINITY UNIVERSITY OF ASIA DIAGNOSTIC LABORATORY,Health Facility,Clinical Laboratory,clinic,Private,1,1,QUEZON CITY,QUEZON CITY,KALUSUGAN,,0,1.5,0,Licensing Status:With License
DOH000000000002852,"TRINITY WOMAN AND CHILD CENTER ""THE BIRTHPLACE""",Health Facility,Hospital,hospital,Private,1,1,SANTA ANA,MANILA,BARANGAY 888,Level 1,1,2.5,18,Licensing Status:With License
DOH000000000052455,TROPICAL DISEASE FOUNDATION INC.,Health Facility,Clinical Laboratory,clinic,Private,1,1,CITY OF MAKATI,MAKATI,PIO DEL PILAR,,0,1.5,0,Licensing Status:With License
DOH000000000007310,TUGATOG HEALTH CENTER,Health Facility,Rural Health Unit,rhu,Government,0,0,CITY OF MALABON,MALABON,TUGATOG,,0,1.5,0,
DOH000000000003267,TUGATOG HEALTH CENTER,Health Facility,Rural Health Unit,rhu,Government,0,0,CITY OF VALENZUELA,VALENZUELA,VIENTE REALES,,0,1.5,0,
DOH000000000015994,TUKTUKAN HEALTH CENTER,Health Facility,Rural Health Unit,rhu,Government,0,0,CITY OF TAGUIG,TAGUIG,TUKTUKAN,,0,1.5,0,
DOH000000000045364,"TULAY LINGAP NI PADRE PIO, INC.",Health Facility,Ambulatory Surgical Clinic,clinic,Private,1,1,CITY OF MANDALUYONG,MANDALUYONG,WACK-WACK GREENHILLS,,0,1.5,0,Licensing Status:With License
DOH000000000022910,TUMANA HEALTH CENTER,Health Facility,Rural Health Unit,rhu,Government,0,1,CITY OF MARIKINA,MARIKINA,TUMANA,,0,1.5,0,Licensing Status:With License
DOH000000000001944,TUNASAN HEALTH CENTER,Health Facility,Rural Health Unit,rhu,Government,0,0,CITY OF MUNTINLUPA,MUNTINLUPA,TUNASAN,,0,1.5,0,
DOH000000000054630,"TUV RHEINLAND PHILIPPINES, INC.",Health Related Facility,Certifying Organization,other,Private,1,1,CITY OF MAKATI,MAKATI,MAGALLANES,,0,1.0,0,Licensing Status:With License
DOH000000000040537,TWINVILLE MATERNITY CLINIC,Health Facility,Birthing Home,birthing,Private,1,1,CITY OF MARIKINA,MARIKINA,CONCEPCION UNO,,0,1.5,1,Licensing Status:With License
DOH000000000033241,TZLR LYING IN CLINIC,Health Facility,Birthing Home,birthing,Private,1,1,CITY OF TAGUIG,TAGUIG,CALZADA,,0,1.5,2,Licensing Status:With License
DOH000000000040385,UEJ2 DIAGNOSTIC LABORATORY,Health Facility,Clinical Laboratory,clinic,Private,1,1,QUEZON CITY,QUEZON CITY,NOVALICHES PROPER,,0,1.5,0,Licensing Status:With License
DOH000000000004235,UGONG 3S HEALTH CENTER,Health Facility,Rural Health Unit,rhu,Government,0,0,CITY OF VALENZUELA,VALENZUELA,UGONG,,0,1.5,0,
DOH000000000040933,UGONG DISIPLINA VILLAGE HEALTH CENTER,Health Facility,Barangay Health Station,bhs,Government,0,0,CITY OF VALENZUELA,VALENZUELA,UGONG,,0,1.5,0,
DOH000000000007278,UGONG HEALTH CENTER,Health Facility,Rural Health Unit,rhu,Government,0,0,CITY OF PASIG,PASIG,UGONG,,0,1.5,0,
DOH000000000040598,UGONG LYING-IN CLINIC,Health Facility,Birthing Home,birthing,Government,0,1,CITY OF VALENZUELA,VALENZUELA,UGONG,,0,1.5,3,Licensing Status:With License
DOH000000000040440,UHA MATERNITY LYING-IN CLINIC,Health Facility,Birthing Home,birthing,Private,1,1,PASAY CITY,PASAY,BARANGAY 183,,0,1.5,2,Licensing Status:With License
DOH000000000000698,"UHBI-PARAÑAQUE DOCTORS HOSPITAL, INC.",Health Facility,Hospital,hospital,Private,1,1,CITY OF PARA?AQUE,PARANAQUE,DON BOSCO,Level 2,2,3.0,94,Licensing Status:With License
DOH000000000039217,ULTRAMAX ULTRASOUND &AMP; DIAGNOSTIC CLINIC,Health Facility,Clinical Laboratory,clinic,Private,1,1,CITY OF LAS PI?AS,LAS PINAS,PAMPLONA UNO,,0,1.5,0,Licensing Status:With License
DOH000000000041084,ULTRAMAX ULTRASOUND &AMP; DIAGNOSTIC CLINIC,Health Facility,Clinical Laboratory,clinic,Private,1,1,CITY OF PARA?AQUE,PARANAQUE,SAN DIONISIO,,0,1.5,0,Licensing Status:With License
DOH000000000040544,UNANG YAKAP PAANAKAN SA DAMAYAN LAGI CO.,Health Facility,Birthing Home,birthing,Private,1,1,QUEZON CITY,QUEZON CITY,DAMAYANG LAGI,,0,1.5,1,Licensing Status:With License
DOH000000000052459,UNICARE DIAGNOSTIC LABORATORY,Health Facility,Clinical Laboratory,clinic,Private,1,1,SAN NICOLAS,MANILA,BARANGAY 272,,0,1.5,0,Licensing Status:With License
DOH000000000040607,UNIFAM BIRTHING HOME AND MEDICAL CLINIC,Health Facility,Birthing Home,birthing,Private,1,1,CITY OF TAGUIG,TAGUIG,UPPER BICUTAN,,0,1.5,1,Licensing Status:With License
DOH000000000041104,UNIFIED HEALTH POLY CLINIC DIAGNOSTIC AND DRUG TESTING CORP.,Health Facility,Clinical Laboratory,clinic,Private,1,1,CITY OF PARA?AQUE,PARANAQUE,SAN MARTIN DE PORRES,,0,1.5,0,Licensing Status:With License
DOH000000000049890,"UNIFIED HEALTH POLYCLINIC, DIAGNOSTIC AND DRUG TESTING CORPORATION",Health Facility,Drug Testing Laboratory,laboratory,Private,1,1,CITY OF PARA?AQUE,PARANAQUE,SAN MARTIN DE PORRES,Screening (Drug testing),0,1.0,0,Licensing Status:With License
DOH000000000048637,"UNIFIED MEDICAL SERVICES, INC.",Health Facility,Drug Testing Laboratory,laboratory,Private,1,1,QUEZON CITY,QUEZON CITY,IMMACULATE CONCEPCION,,0,1.0,0,Licensing Status:With License
DOH000000000032017,"UNIHEALTH PARAÑAQUE HOSPITAL AND MEDICAL CENTER, INC.",Health Facility,Hospital,hospital,Private,1,1,CITY OF PARA?AQUE,PARANAQUE,SAN ISIDRO,Level 2,2,3.0,100,Licensing Status:With License
DOH000000000049891,UNIMED DIAGNOSTIC CENTER CORP.,Health Facility,Drug Testing Laboratory,laboratory,Private,1,1,CITY OF MANDALUYONG,MANDALUYONG,WACK-WACK GREENHILLS,Screening (Drug testing),0,1.0,0,Licensing Status:With License
DOH000000000048375,UNIMED DIAGNOSTIC CENTER CORP.,Health Facility,Medical Facility for Overseas Workers & Seafarers,other,Private,1,1,QUEZON CITY,QUEZON CITY,DON MANUEL,,0,1.0,0,Licensing Status:With License
DOH000000000039346,UNITED DIAGNOSTIC LABORATORY INC.,Health Facility,Clinical Laboratory,clinic,Private,1,1,PACO,MANILA,BARANGAY 676,Level 2,2,3.0,0,Licensing Status:With License
DOH000000000041567,UNITED DIALYSIS AND KIDNEY CARE INC.,Health Facility,Dialysis Clinic,dialysis,Private,1,1,CITY OF MARIKINA,MARIKINA,CONCEPCION UNO,,0,2.0,0,Licensing Status:With License
DOH000000000000797,"UNITED DOCTORS MEDICAL CENTER, INC.",Health Facility,Hospital,hospital,Private,1,1,QUEZON CITY,QUEZON CITY,DON MANUEL,Level 2,2,3.0,30,Licensing Status:With License
DOH000000000049892,UNITED DOCTORS SERVICE CORPORATION,Health Facility,Drug Testing Laboratory,laboratory,Private,1,1,TONDO I/II,MANILA,BARANGAY 262,Screening (Drug testing),0,1.0,0,Licensing Status:With License
DOH000000000043398,UNITED DOCTORS SERVICE CORPORATION,Health Facility,Ambulatory Surgical Clinic,clinic,Private,1,1,QUEZON CITY,QUEZON CITY,COMMONWEALTH,,0,1.5,0,Licensing Status:With License
DOH000000000040847,"UNITED EASTERN HEALTH PROFESSIONAL GROUP (UEHPG), INC.",Health Facility,Clinical Laboratory,clinic,Private,1,1,CITY OF MARIKINA,MARIKINA,SANTO NI?O,,0,1.5,0,Licensing Status:With License
DOH000000000041016,UNIVERSAL MATERNITY CLINIC &AMP; LABORATORY,Health Facility,Clinical Laboratory,clinic,Private,1,1,CITY OF PASIG,PASIG,SAN NICOLAS (POB.),,0,1.5,0,Licensing Status:With License
DOH000000000048632,UNIVERSITY HEALTH SERVICE LABORATORY,Health Facility,Drug Testing Laboratory,laboratory,Government,0,1,QUEZON CITY,QUEZON CITY,U.P. CAMPUS,,0,1.0,0,Licensing Status:With License
DOH000000000039137,UNIVERSITY OF PERPETUAL HELP DALTA MEDICAL CENTER INC.,Health Facility,COVID-19 Testing Laboratory,laboratory,Private,1,1,CITY OF LAS PI?AS,LAS PINAS,ALMANZA UNO,,0,1.0,0,Licensing Status:With License
DOH000000000000798,"UNIVERSITY OF PERPETUAL HELP DALTA MEDICAL CENTER, INC.",Health Facility,Hospital,hospital,Private,1,1,CITY OF LAS PI?AS,LAS PINAS,PAMPLONA UNO,Level 3,3,4.0,285,Licensing Status:With License
DOH000000000002997,UNIVERSITY OF SANTO TOMAS HOSPITAL,Health Facility,Hospital,hospital,Private,1,1,SAMPALOC,MANILA,BARANGAY 470,Level 3,3,4.0,700,Licensing Status:With License
DOH000000000005683,UNIVERSITY OF THE EAST RAMON MAGSAYSAY MEDICAL CENTER,Health Facility,Hospital,hospital,Private,1,1,QUEZON CITY,QUEZON CITY,DO?A IMELDA,Level 3,3,4.0,307,Licensing Status:With License
DOH000000000051954,UNIVERSITY OF THE EAST RAMON MAGSAYSAY MEMORIAL MEDICAL CENTER,Health Facility,Kidney Transplant Facility,other,Private,1,1,QUEZON CITY,QUEZON CITY,DO?A IMELDA,,0,2.0,0,Licensing Status:With License
DOH000000000039343,UNLAB MEDICAL CLINIC CORP.,Health Facility,Clinical Laboratory,clinic,Private,1,1,MALATE,MANILA,BARANGAY 694,Level 3,3,4.0,0,Licensing Status:With License
DOH000000000006092,UP HEALTH SERVICE,Health Facility,Infirmary,infirmary,Government,0,1,QUEZON CITY,QUEZON CITY,U.P. CAMPUS,,0,2.5,25,Licensing Status:With License
DOH000000000005032,UP-PHILIPPINE GENERAL HOSPITAL,Health Facility,Hospital,hospital,Government,0,1,ERMITA,MANILA,BARANGAY 670,Level 3,3,4.0,1334,Licensing Status:With License
DOH000000000000914,UPPER BICUTAN HEALTH CENTER,Health Facility,Rural Health Unit,rhu,Government,0,0,CITY OF TAGUIG,TAGUIG,UPPER BICUTAN,,0,1.5,0,
DOH000000000007542,URBANVILLE HEALTH CENTER,Health Facility,Rural Health Unit,rhu,Government,0,0,CITY OF LAS PI?AS,LAS PINAS,TALON TRES,,0,1.5,0,
DOH000000000016018,URDUJA HEALTH CENTER,Health Facility,Rural Health Unit,rhu,Government,0,0,CITY OF CALOOCAN,CALOOCAN,BARANGAY 172,,0,1.5,0,
DOH000000000048627,"URO INDUSTRIAL CLINIC, INC.",Health Facility,Drug Testing Laboratory,laboratory,Private,1,1,PACO,MANILA,BARANGAY 674,,0,1.0,0,Licensing Status:With License
DOH000000000025834,"UROLOGY CENTER OF THE PHILIPPINES, INC.",Health Facility,Hospital,hospital,Private,1,1,QUEZON CITY,QUEZON CITY,CENTRAL,Level 3,3,4.0,16,Licensing Status:With License
DOH000000000053222,UROLOGY MED CARE INC.,Health Facility,Ambulatory Surgical Clinic,clinic,Private,1,1,QUEZON CITY,QUEZON CITY,DO?A JOSEFA,,0,1.5,0,Licensing Status:With License
DOH000000000040911,USUSAN DIAGNOSTIC LABORATORY,Health Facility,Clinical Laboratory,clinic,Government,0,1,CITY OF TAGUIG,TAGUIG,USUSAN,,0,1.5,0,Licensing Status:With License
DOH000000000000915,USUSAN HEALTH CENTER,Health Facility,Rural Health Unit,rhu,Government,0,0,CITY OF TAGUIG,TAGUIG,USUSAN,,0,1.5,0,
DOH000000000039301,V. TONGCO MEDICAL &AMP; DIAGNOSTIC CLINIC,Health Facility,Clinical Laboratory,clinic,Private,1,1,CITY OF MALABON,MALABON,BARITAN,Level 2,2,3.0,0,Licensing Status:With License
DOH000000000052482,VALCARE+ MULTISPECIALTY &AMP; DIAGNOSTIC CLINIC,Health Facility,Clinical Laboratory,clinic,Private,1,1,CITY OF VALENZUELA,VALENZUELA,KARUHATAN,,0,1.5,0,Licensing Status:With License
DOH000000000032020,"VALENZUELA CITICARE MEDICAL CENTER-TIMOG HILAGA PROVIDENCE GROUP, INC.",Health Facility,Hospital,hospital,Private,1,1,CITY OF VALENZUELA,VALENZUELA,MALINTA,Level 2,2,3.0,40,Licensing Status:With License
DOH000000000000801,VALENZUELA CITY EMERGENCY HOSPITAL,Health Facility,Infirmary,infirmary,Government,0,1,CITY OF VALENZUELA,VALENZUELA,DALANDANAN,,0,2.5,20,Licensing Status:With License
DOH000000000040978,VALENZUELA CITY HEALTH CLINICAL LABORATORY,Health Facility,Clinical Laboratory,clinic,Government,0,1,CITY OF VALENZUELA,VALENZUELA,KARUHATAN,,0,1.5,0,Licensing Status:With License
DOH000000000022712,VALENZUELA CITY HEALTH OFFICE,Health Facility,City Health Office,other,Government,0,0,CITY OF VALENZUELA,VALENZUELA,KARUHATAN,,0,1.0,0,Licensing Status:Without License
DOH000000000033806,VALENZUELA CITY SOCIAL HYGIENE CLINIC,Health Facility,Social Hygiene Clinic,clinic,Government,0,0,CITY OF VALENZUELA,VALENZUELA,DALANDANAN,,0,1.5,0,
DOH000000000005290,VALENZUELA HEALTH CENTER,Health Facility,Rural Health Unit,rhu,Government,0,0,CITY OF MAKATI,MAKATI,VALENZUELA,,0,1.5,0,
DOH000000000039377,VALENZUELA HOPE MOLECULAR LABORATORY,Health Facility,COVID-19 Testing Laboratory,laboratory,Government,0,1,CITY OF VALENZUELA,VALENZUELA,MALANDAY,,0,1.0,0,Licensing Status:With License
DOH000000000000802,VALENZUELA MEDICAL CENTER,Health Facility,Hospital,hospital,Government,0,1,CITY OF VALENZUELA,VALENZUELA,KARUHATAN,Level 3,3,4.0,150,Licensing Status:With License
DOH000000000007543,VALENZUELA PHYSICAL THERAPY CENTER,Health Facility,Medical Outpatient Clinic,clinic,Government,0,0,CITY OF VALENZUELA,VALENZUELA,POBLACION,,0,1.5,0,
DOH000000000002800,VALERIANO FUGOSO HEALTH CENTER,Health Facility,Rural Health Unit,rhu,Government,0,1,SANTA CRUZ,MANILA,BARANGAY 352,,0,1.5,0,Licensing Status:With License
DOH000000000043856,VALIANT-CARE MEDICAL AND LABORATORY SERVICES,Health Facility,Clinical Laboratory,clinic,Private,1,1,QUEZON CITY,QUEZON CITY,HOLY SPIRIT,,0,1.5,0,Licensing Status:With License
DOH000000000046637,VALIENTES MATERNITY CLINIC,Health Facility,Birthing Home,birthing,Private,1,1,QUEZON CITY,QUEZON CITY,PAYATAS,,0,1.5,1,Licensing Status:With License
DOH000000000045367,"VALLEYMED DIAGNOSTIC &AMP; AMBULATORY SURGICAL CENTER, INC.",Health Facility,Ambulatory Surgical Clinic,clinic,Private,1,1,CITY OF MARIKINA,MARIKINA,NANGKA,,0,1.5,0,Licensing Status:With License
DOH000000000048624,"VALLEYMED DIAGNOSTIC AND AMBULATORY SURGICAL CENTER, INC.",Health Facility,Drug Testing Laboratory,laboratory,Private,1,1,CITY OF MARIKINA,MARIKINA,NANGKA,,0,1.0,0,Licensing Status:With License
DOH000000000040969,VALMEDICS DIAGNOSTIC CLINIC,Health Facility,Clinical Laboratory,clinic,Private,1,1,CITY OF VALENZUELA,VALENZUELA,MALANDAY,,0,1.5,0,Licensing Status:With License
DOH000000000040991,VALULIFE MOBILE X-RAY &AMP; LABORATORY SERVICES,Health Facility,Clinical Laboratory,clinic,Private,1,1,CITY OF MUNTINLUPA,MUNTINLUPA,ALABANG,,0,1.5,0,Licensing Status:With License
DOH000000000050040,VBE EYE CENTER CORP.,Health Facility,Ambulatory Surgical Clinic,clinic,Private,1,1,QUEZON CITY,QUEZON CITY,WEST TRIANGLE,,0,1.5,0,Licensing Status:With License
DOH000000000040912,VCARE DIAGNOSTICS,Health Facility,Clinical Laboratory,clinic,Private,1,1,CITY OF TAGUIG,TAGUIG,TUKTUKAN,,0,1.5,0,Licensing Status:With License
DOH000000000000916,VEINTE REALES HEALTH CENTER,Health Facility,Rural Health Unit,rhu,Government,0,0,CITY OF VALENZUELA,VALENZUELA,VIENTE REALES,,0,1.5,0,
DOH000000000003062,VELASQUEZ HEALTH CENTER,Health Facility,Rural Health Unit,rhu,Government,0,1,TONDO I/II,MANILA,BARANGAY 97,,0,1.5,0,Licensing Status:With License
DOH000000000046623,VELMAN HEALTHCARE MEDICAL AND LABORATORY SERVICES,Health Facility,Clinical Laboratory,clinic,Private,1,1,CITY OF PASIG,PASIG,BAMBANG,Level 1,1,2.5,0,Licensing Status:With License
DOH000000000002498,VERGARA HEALTH CENTER,Health Facility,Rural Health Unit,rhu,Government,0,0,CITY OF MANDALUYONG,MANDALUYONG,VERGARA,,0,1.5,0,
DOH000000000000145,VETERANS HEALTH CENTER,Health Facility,Rural Health Unit,rhu,Government,0,0,QUEZON CITY,QUEZON CITY,HOLY SPIRIT,,0,1.5,0,
DOH000000000002911,VETERANS MEMORIAL MEDICAL CENTER,Health Facility,Hospital,hospital,Government,0,1,QUEZON CITY,QUEZON CITY,PROJECT 6,Level 3,3,4.0,766,Licensing Status:With License
DOH000000000033240,VGC MATERNITY LYING-IN CLINIC,Health Facility,Birthing Home,birthing,Private,1,1,QUEZON CITY,QUEZON CITY,PASONG TAMO,,0,1.5,2,Licensing Status:With License
DOH000000000040052,VIAN FAMILY HOSPITAL,Health Facility,Infirmary,infirmary,Private,1,1,CITY OF VALENZUELA,VALENZUELA,GEN. T. DE LEON,,0,2.5,12,Licensing Status:With License
DOH000000000023751,VIAN FAMILY HOSPITAL II,Health Facility,Infirmary,infirmary,Private,1,1,QUEZON CITY,QUEZON CITY,TALIPAPA,,0,2.5,6,Licensing Status:With License
DOH000000000016041,VICTORIA HOMES HEALTH CENTER,Health Facility,Rural Health Unit,rhu,Government,0,0,CITY OF MUNTINLUPA,MUNTINLUPA,TUNASAN,,0,1.5,0,
DOH000000000039374,VICTORIA MEDICS FAMILY CLINIC,Health Facility,Clinical Laboratory,clinic,Private,1,1,PACO,MANILA,BARANGAY 818,Level 1,1,2.5,0,Licensing Status:With License
DOH000000000044422,"VICTORIA SKIN LASER CARE CENTER, INC.",Health Facility,Ambulatory Surgical Clinic,clinic,Private,1,1,QUEZON CITY,QUEZON CITY,BAGONG PAG-ASA,,0,1.5,0,Licensing Status:With License
DOH000000000040682,VICTORIA SUAREZ LYING-IN CLINIC,Health Facility,Birthing Home,birthing,Private,1,1,CITY OF LAS PI?AS,LAS PINAS,B. F. INTERNATIONAL VILLAGE,,0,1.5,2,Licensing Status:With License
DOH000000000004639,VICTORIANO LUNA MEDICAL CENTER,Health Facility,Hospital,hospital,Government,0,1,QUEZON CITY,QUEZON CITY,PINYAHAN,Level 3,3,4.0,1200,Licensing Status:With License
DOH000000000039829,VICTORIANO LUNA MEDICAL CENTER (AFRIMS) (CARTRIDGE - BASED PCR),Health Facility,COVID-19 Testing Laboratory,laboratory,Government,0,1,QUEZON CITY,QUEZON CITY,PINYAHAN,,0,1.0,0,Licensing Status:With License
DOH000000000038981,VICTORIANO LUNA MEDICAL CENTER (AFRIMS) (RT-PCR),Health Facility,COVID-19 Testing Laboratory,laboratory,Government,0,1,QUEZON CITY,QUEZON CITY,PINYAHAN,,0,1.0,0,Licensing Status:With License
DOH000000000040380,VICTORY LYING-IN CLINIC,Health Facility,Birthing Home,birthing,Private,1,1,SAMPALOC,MANILA,BARANGAY 497,,0,1.5,3,Licensing Status:With License
DOH000000000048279,VICTORY MEDICAL CENTER,Health Facility,Medical Facility for Overseas Workers & Seafarers,other,Private,1,1,INTRAMUROS,MANILA,BARANGAY 655,,0,1.0,0,Licensing Status:With License
DOH000000000048619,VICTORY MEDICAL CLINIC,Health Facility,Drug Testing Laboratory,laboratory,Private,1,1,INTRAMUROS,MANILA,BARANGAY 655,,0,1.0,0,Licensing Status:With License
DOH000000000041727,VIDA DIALYSIS CENTER PHILS.,Health Facility,Dialysis Clinic,dialysis,Private,1,1,CITY OF PARA?AQUE,PARANAQUE,SAN ISIDRO,,0,2.0,0,Licensing Status:With License
DOH000000000041571,VIDA DIALYSIS CENTER PHILS.,Health Facility,Dialysis Clinic,dialysis,Private,1,1,CITY OF TAGUIG,TAGUIG,PEMBO,,0,2.0,0,Licensing Status:With License
DOH000000000039151,VILLAFRIA HEALTH CARE DIAGNOSTIC LABORATORY,Health Facility,Clinical Laboratory,clinic,Private,1,1,CITY OF CALOOCAN,CALOOCAN,BARANGAY 133,,0,1.5,0,Licensing Status:With License
DOH000000000022925,VILLAMOR AIR BASE HEALTH CENTER,Health Facility,Rural Health Unit,rhu,Government,0,1,PASAY CITY,PASAY,BARANGAY 183,,0,1.5,0,Licensing Status:With License
DOH000000000016066,VILLAMOR BARANGAY HEALTH STATION,Health Facility,Barangay Health Station,bhs,Government,0,0,QUEZON CITY,QUEZON CITY,DO?A IMELDA,,0,1.5,0,
DOH000000000040404,VILLAMOR HOLY FAMILY MIDWIFE CLINIC,Health Facility,Birthing Home,birthing,Private,1,1,QUEZON CITY,QUEZON CITY,COMMONWEALTH,,0,1.5,1,Licensing Status:With License
DOH000000000002872,"VILLAROSA HOSPITAL, INC.",Health Facility,Infirmary,infirmary,Private,1,1,QUEZON CITY,QUEZON CITY,MILAGROSA,,0,2.5,10,Licensing Status:With License
DOH000000000025838,"VILLON-TANSINSIN HOSPITAL, INC.",Health Facility,Hospital,hospital,Private,1,1,CITY OF MARIKINA,MARIKINA,SANTO NI?O,Level 1,1,2.5,20,Licensing Status:With License
DOH000000000040626,VILMA L. MARIANO LYING-IN CLINIC,Health Facility,Birthing Home,birthing,Private,1,1,CITY OF TAGUIG,TAGUIG,LIGID-TIPAS,,0,1.5,1,Licensing Status:With License
DOH000000000039181,VIOLY BIRTHING CLINIC,Health Facility,Birthing Home,birthing,Private,1,1,CITY OF PARA?AQUE,PARANAQUE,SAN ISIDRO,,0,1.5,1,Licensing Status:With License
DOH000000000040883,VIRGEN DE MANAOAG MEDICAL CLINIC,Health Facility,Clinical Laboratory,clinic,Private,1,1,SANTA ANA,MANILA,BARANGAY 880,,0,1.5,0,Licensing Status:With License
DOH000000000055058,VISION PRO CARE CLINIC,Health Facility,Ambulatory Surgical Clinic,clinic,Private,1,1,QUEZON CITY,QUEZON CITY,SOCORRO,,0,1.5,0,Licensing Status:With License
DOH000000000052100,VISION SURGICARE AMBULATORY CENTER OPC,Health Facility,Ambulatory Surgical Clinic,clinic,Private,1,1,CITY OF VALENZUELA,VALENZUELA,PASO DE BLAS,,0,1.5,0,Licensing Status:With License
DOH000000000039362,VITALCHECK DIAGNOSTIC INC.,Health Facility,Clinical Laboratory,clinic,Private,1,1,SANTA CRUZ,MANILA,BARANGAY 328,,0,1.5,0,Licensing Status:With License
DOH000000000048510,"VITALCHECK DIAGNOSTIC, INC.",Health Facility,Drug Testing Laboratory,laboratory,Private,1,1,TONDO I/II,MANILA,BARANGAY 262,,0,1.0,0,Licensing Status:With License
DOH000000000004750,VITALEZ HEALTH CENTER,Health Facility,Rural Health Unit,rhu,Government,0,0,CITY OF PARA?AQUE,PARANAQUE,VITALEZ,,0,1.5,0,
DOH000000000000918,VITAS HEALTH CENTER,Health Facility,Rural Health Unit,rhu,Government,0,1,TONDO I/II,MANILA,BARANGAY 101,,0,1.5,0,Licensing Status:With License
DOH000000000040729,VITROTECH CLINICAL LABORATORY SERVICES,Health Facility,Clinical Laboratory,clinic,Private,1,1,QUEZON CITY,QUEZON CITY,NOVALICHES PROPER,,0,1.5,0,Licensing Status:With License
DOH000000000043253,VIZCARRA DIAGNOSTIC CENTER,Health Facility,Medical Facility for Overseas Workers & Seafarers,other,Private,1,1,ERMITA,MANILA,BARANGAY 666,,0,1.0,0,Licensing Status:With License
DOH000000000048507,VLF MEDICAL CLINIC,Health Facility,Drug Testing Laboratory,laboratory,Private,1,1,CITY OF PASIG,PASIG,SAN NICOLAS (POB.),,0,1.0,0,Licensing Status:With License
DOH000000000054662,VMB MED 2020 DIAGNOSTIC CENTER,Health Facility,Clinical Laboratory,clinic,Private,1,1,CITY OF CALOOCAN,CALOOCAN,BARANGAY 171,,0,1.5,0,Licensing Status:With License
DOH000000000052454,VMB MED2020 DIAGNOSTIC CENTER,Health Facility,Clinical Laboratory,clinic,Private,1,1,CITY OF CALOOCAN,CALOOCAN,BARANGAY 176-A,,0,1.5,0,Licensing Status:With License
DOH000000000052456,VMI MEDICAL CLINIC,Health Facility,Clinical Laboratory,clinic,Private,1,1,CITY OF MALABON,MALABON,IBABA,,0,1.5,0,Licensing Status:With License
DOH000000000040982,W. RAMOS DIAGNOSTIC LABORATORY,Health Facility,Clinical Laboratory,clinic,Private,1,1,CITY OF VALENZUELA,VALENZUELA,DALANDANAN,,0,1.5,0,Licensing Status:With License
DOH000000000051150,WATANAK DIAGNOSTIC CENTER,Health Facility,Medical Facility for Overseas Workers & Seafarers,other,Private,1,1,CITY OF MAKATI,MAKATI,PIO DEL PILAR,,0,1.0,0,Licensing Status:With License
DOH000000000048281,WATANAK DIAGNOSTIC CENTER,Health Facility,Medical Facility for Overseas Workers & Seafarers,other,Private,1,1,MALATE,MANILA,BARANGAY 703,,0,1.0,0,Licensing Status:With License
DOH000000000050821,WATANAK DIAGNOSTIC CENTER,Health Facility,Medical Facility for Overseas Workers & Seafarers,other,Private,1,1,PASAY CITY,PASAY,BARANGAY 13,Regular Medical Facility (Overseas workers & Seafarers),0,1.0,0,Licensing Status:With License
DOH000000000043849,"WATERLAB WATER TESTING LABORATORY, INC.",Health Facility,Laboratory for Drinking Water Analysis,laboratory,Private,1,1,QUEZON CITY,QUEZON CITY,BAESA,Chemical Analysis (drinking water),0,1.0,0,Licensing Status:With License
DOH000000000016077,WAWA HEALTH CENTER,Health Facility,Rural Health Unit,rhu,Government,0,0,CITY OF TAGUIG,TAGUIG,WAWA,,0,1.5,0,
DOH000000000006160,WAWANG PULO 3S HEALTH CENTER,Health Facility,Rural Health Unit,rhu,Government,0,0,CITY OF VALENZUELA,VALENZUELA,WAWANG PULO,,0,1.5,0,
DOH000000000004416,WELFAREVILLE (MAIN) HEALTH CENTER,Health Facility,Rural Health Unit,rhu,Government,0,0,CITY OF MANDALUYONG,MANDALUYONG,ADDITION HILLS,,0,1.5,0,
DOH000000000033181,WELL FAMILY - EMPAY LYING IN CLINIC,Health Facility,Birthing Home,birthing,Private,1,1,CITY OF LAS PI?AS,LAS PINAS,B. F. INTERNATIONAL VILLAGE,,0,1.5,2,Licensing Status:With License
DOH000000000041581,"WELL-CARE MATERNITY, MEDICAL AND PEDIATRIC CLINIC, INC.",Health Facility,Birthing Home,birthing,Private,1,1,CITY OF PASIG,PASIG,MANGGAHAN,,0,1.5,2,Licensing Status:With License
DOH000000000040360,"WELL-CARE MATERNITY, MEDICAL AND PEDIATRIC CLINIC, INC. - 3223 KAIMITO ST",Health Facility,Birthing Home,birthing,Private,1,1,CITY OF PASIG,PASIG,MANGGAHAN,,0,1.5,2,Licensing Status:With License
DOH000000000048504,WELLNEST DIAGNOSTIC CENTER,Health Facility,Drug Testing Laboratory,laboratory,Private,1,1,CITY OF MAKATI,MAKATI,POBLACION,,0,1.0,0,Licensing Status:With License
DOH000000000033250,"WELLSERVED INFIRMARY &AMP; DRUGSTORE, INC.",Health Facility,Infirmary,infirmary,Private,1,1,QUEZON CITY,QUEZON CITY,COMMONWEALTH,,0,2.5,10,Licensing Status:With License
DOH000000000001483,WEST CRAME HEALTH CENTER,Health Facility,Rural Health Unit,rhu,Government,0,0,CITY OF SAN JUAN,SAN JUAN,WEST CRAME,,0,1.5,0,
DOH000000000004661,WEST REMBO HEALTH CENTER,Health Facility,Rural Health Unit,rhu,Government,0,0,CITY OF TAGUIG,TAGUIG,WEST REMBO,,0,1.5,0,
DOH000000000000919,WESTERN BICUTAN HEALTH CENTER,Health Facility,Rural Health Unit,rhu,Government,0,1,CITY OF TAGUIG,TAGUIG,WESTERN BICUTAN,,0,1.5,0,Licensing Status:With License
DOH000000000040475,WESTVIEW SPECIALTY CLINIC,Health Facility,Clinical Laboratory,clinic,Private,1,1,QUEZON CITY,QUEZON CITY,FAIRVIEW,,0,1.5,0,Licensing Status:With License
DOH000000000039586,WHEALTH MEDICAL CLINIC AND DIAGNOSTIC CENTER,Health Facility,Clinical Laboratory,clinic,Private,1,1,SAMPALOC,MANILA,BARANGAY 628,,0,1.5,0,Licensing Status:With License
DOH000000000048503,WHEALTHPLUS MEDICAL AND DIAGNOSTIC CENTER,Health Facility,Drug Testing Laboratory,laboratory,Private,1,1,SAMPALOC,MANILA,BARANGAY 634,,0,1.0,0,Licensing Status:With License
DOH000000000048501,WILMAR DIAGNOSTIC &AMP; MEDICAL CLINIC,Health Facility,Drug Testing Laboratory,laboratory,Private,1,1,CITY OF MAKATI,MAKATI,BANGKAL,,0,1.0,0,Licensing Status:With License
DOH000000000048282,"WINDSOR INTERNATIONAL MARITIME CLINIC, INC.",Health Facility,Medical Facility for Overseas Workers & Seafarers,other,Private,1,1,INTRAMUROS,MANILA,BARANGAY 658,,0,1.0,0,Licensing Status:With License
DOH000000000048284,WMOC MEDICAL AND DIAGNOSTIC CLINIC,Health Facility,Medical Facility for Overseas Workers & Seafarers,other,Private,1,1,MALATE,MANILA,BARANGAY 703,,0,1.0,0,Licensing Status:With License
DOH000000000033798,WOMENS HEALTH CENTER SOCIAL HYGIENE CLINIC,Health Facility,Social Hygiene Clinic,clinic,Government,0,0,CITY OF LAS PI?AS,LAS PINAS,ALMANZA UNO,,0,1.5,0,
DOH000000000000806,"WORD OF HOPE GENERAL HOSPITAL FOUNDATION, INC.",Health Facility,Hospital,hospital,Private,1,1,QUEZON CITY,QUEZON CITY,NOVALICHES PROPER,Level 1,1,2.5,30,Licensing Status:With License
DOH000000000005107,WORLD CITI MEDICAL CENTER,Health Facility,Hospital,hospital,Private,1,1,QUEZON CITY,QUEZON CITY,BAGUMBUHAY,Level 3,3,4.0,120,Licensing Status:With License
DOH000000000044423,WOUND CARE AND VASCULAR CENTER INCORPORATED,Health Facility,Ambulatory Surgical Clinic,clinic,Private,1,1,QUEZON CITY,QUEZON CITY,TATALON,,0,1.5,0,Licensing Status:With License
DOH000000000050041,XAVIER EYE CENTER,Health Facility,Ambulatory Surgical Clinic,clinic,Private,1,1,CITY OF MAKATI,MAKATI,SAN LORENZO,,0,1.5,0,Licensing Status:With License
DOH000000000043230,XIMEX/XDE,Health Related Facility,Central Warehouse - Temperature Controlled,other,Private,1,0,CITY OF TAGUIG,TAGUIG,BAGUMBAYAN,,0,1.0,0,
DOH000000000044364,"YGEIA MEDICAL CENTER, INC.",Health Facility,Ambulatory Surgical Clinic,clinic,Private,1,1,PANDACAN,MANILA,BARANGAY 859,,0,1.5,0,Licensing Status:With License
DOH000000000048286,"YGEIA MEDICAL CENTER, INC..",Health Facility,Medical Facility for Overseas Workers & Seafarers,other,Private,1,1,PANDACAN,MANILA,BARANGAY 833,,0,1.0,0,Licensing Status:With License
DOH000000000005317,ZANIGA HEALTH CENTER,Health Facility,Rural Health Unit,rhu,Government,0,0,CITY OF MANDALUYONG,MANDALUYONG,OLD ZA?IGA,,0,1.5,0,
DOH000000000002944,ZAPOTE HEALTH CENTER (BAGONG LIPUNAN),Health Facility,Rural Health Unit,rhu,Government,0,0,CITY OF LAS PI?AS,LAS PINAS,ZAPOTE,,0,1.5,0,
DOH000000000040530,ZETI'S PINK ANGELS LYING IN AND MEDICAL CLINIC,Health Facility,Birthing Home,birthing,Private,1,1,QUEZON CITY,QUEZON CITY,CULIAT,,0,1.5,2,Licensing Status:With License
DOH000000000040526,ZETI'S PINK ANGELS LYING-IN &AMP; MEDICAL CLINIC,Health Facility,Birthing Home,birthing,Private,1,1,QUEZON CITY,QUEZON CITY,PROJECT 6,,0,1.5,1,Licensing Status:With License
DOH000000000044424,ZI INSTITUTE OF PLASTIC SURGERY AND DERMAESTHETIC,Health Facility,Ambulatory Surgical Clinic,clinic,Private,1,1,QUEZON CITY,QUEZON CITY,SOUTH TRIANGLE,,0,1.5,0,Licensing Status:With License
DOH000000000040609,ZIESTER MATERNITY CLINIC,Health Facility,Birthing Home,birthing,Private,1,1,QUEZON CITY,QUEZON CITY,PASONG PUTIK PROPER,,0,1.5,2,Licensing Status:With License
